[{"$i":"brandShortName","$v":"Ɓ2Ɠ ǾǿŞ"},{"$i":"browserBrandShortName","$v":"Ẇḗḗƀ Ɓřǿǿẇşḗḗř"},{"$i":"browserBrandFullName","$v":"Ḿǿǿẑīīŀŀȧȧ Ẇḗḗƀ Ɓřǿǿẇşḗḗř"},{"$i":"ringtoneBrandName","$v":"Ḓḗḗƒȧȧŭŭŀŧ"},{"$i":"ringtoneSectionBrandName","$v":"Şẏşŧḗḗḿ"},{"$i":"back","$v":"Ɓȧȧƈķ"},{"$i":"noSimMsg","$v":"Ŧǿǿ īīḿƥǿǿřŧ ƈǿǿƞŧȧȧƈŧş īīƞşḗḗřŧ ǿǿř ŭŭƞŀǿǿƈķ ẏǿǿŭŭř ŞĪīḾ ƈȧȧřḓ"},{"$i":"noMemoryCardMsg","$v":"Ŧǿǿ īīḿƥǿǿřŧ ƈǿǿƞŧȧȧƈŧş īīƞşḗḗřŧ ȧȧ ḿḗḗḿǿǿřẏ ƈȧȧřḓ"},{"$i":"importMemoryCard","$v":"Ḿḗḗḿǿǿřẏ ƈȧȧřḓ"},{"$i":"emptyAccount","$v":"Ƞǿǿ ƒřīīḗḗƞḓş ǿǿř ƈǿǿƞŧȧȧƈŧş ƒǿǿŭŭƞḓ īīƞ ŧħīīş ȧȧƈƈǿǿŭŭƞŧ."},{"$i":"simContacts-import","$v":"Īīḿƥǿǿřŧ ŞĪīḾ ƈǿǿƞŧȧȧƈŧş"},{"$i":"simContacts-importing","$v":"Īīḿƥǿǿřŧīīƞɠ ŞĪīḾ ƈǿǿƞŧȧȧƈŧş…"},{"$i":"simContacts-reading","$v":"Řḗḗȧȧḓīīƞɠ ƒřǿǿḿ ŞĪīḾ ƈȧȧřḓ…"},{"$i":"simContacts-error","$v":"Ƈǿǿŭŭŀḓ ƞǿǿŧ īīḿƥǿǿřŧ ƈǿǿƞŧȧȧƈŧş ƒřǿǿḿ ŞĪīḾ"},{"$i":"simContacts-imported3","$v":{"zero":"Ƞǿǿ ƈǿǿƞŧȧȧƈŧş ḓḗḗŧḗḗƈŧḗḗḓ ǿǿƞ ŞĪīḾ ŧǿǿ īīḿƥǿǿřŧ","one":"Īīḿƥǿǿřŧḗḗḓ ǿǿƞḗḗ ƈǿǿƞŧȧȧƈŧ","two":["Īīḿƥǿǿřŧḗḗḓ ",{"t":"idOrVar","v":"n"}," ƈǿǿƞŧȧȧƈŧş"],"few":["Īīḿƥǿǿřŧḗḗḓ ",{"t":"idOrVar","v":"n"}," ƈǿǿƞŧȧȧƈŧş"],"many":["Īīḿƥǿǿřŧḗḗḓ ",{"t":"idOrVar","v":"n"}," ƈǿǿƞŧȧȧƈŧş"],"other":["Īīḿƥǿǿřŧḗḗḓ ",{"t":"idOrVar","v":"n"}," ƈǿǿƞŧȧȧƈŧş"]},"$x":[{"t":"idOrVar","v":"plural"},"n"]},{"$i":"memoryCardContacts-import","$v":"Īīḿƥǿǿřŧ ƈǿǿƞŧȧȧƈŧş ƒřǿǿḿ ḿḗḗḿǿǿřẏ ƈȧȧřḓ"},{"$i":"memoryCardContacts-importing","$v":"Īīḿƥǿǿřŧīīƞɠ ƈǿǿƞŧȧȧƈŧş ƒřǿǿḿ ḿḗḗḿǿǿřẏ ƈȧȧřḓ…"},{"$i":"memoryCardContacts-reading","$v":"Řḗḗȧȧḓīīƞɠ ƒřǿǿḿ ḿḗḗḿǿǿřẏ ƈȧȧřḓ…"},{"$i":"memoryCardContacts-error","$v":"Ƈǿǿŭŭŀḓ ƞǿǿŧ īīḿƥǿǿřŧ ƈǿǿƞŧȧȧƈŧş ƒřǿǿḿ ḿḗḗḿǿǿřẏ ƈȧȧřḓ"},{"$i":"memoryCardContacts-imported3","$v":{"zero":"Ƞǿǿ ƈǿǿƞŧȧȧƈŧş ḓḗḗŧḗḗƈŧḗḗḓ ǿǿƞ ḿḗḗḿǿǿřẏ ƈȧȧřḓ ŧǿǿ īīḿƥǿǿřŧ","one":"Īīḿƥǿǿřŧḗḗḓ ǿǿƞḗḗ ƈǿǿƞŧȧȧƈŧ","two":["Īīḿƥǿǿřŧḗḗḓ ",{"t":"idOrVar","v":"n"}," ƈǿǿƞŧȧȧƈŧş"],"few":["Īīḿƥǿǿřŧḗḗḓ ",{"t":"idOrVar","v":"n"}," ƈǿǿƞŧȧȧƈŧş"],"many":["Īīḿƥǿǿřŧḗḗḓ ",{"t":"idOrVar","v":"n"}," ƈǿǿƞŧȧȧƈŧş"],"other":["Īīḿƥǿǿřŧḗḗḓ ",{"t":"idOrVar","v":"n"}," ƈǿǿƞŧȧȧƈŧş"]},"$x":[{"t":"idOrVar","v":"plural"},"n"]},{"$i":"genericProgress","$v":[{"t":"idOrVar","v":"current"},"/",{"t":"idOrVar","v":"total"}]},{"$i":"friendsUpdated","$v":{"zero":"Ƞǿǿ ƒřīīḗḗƞḓş ŭŭƥḓȧȧŧḗḗḓ","one":"Ŭŭƥḓȧȧŧḗḗḓ ǿǿƞḗḗ ƒřīīḗḗƞḓ","two":["Ŭŭƥḓȧȧŧḗḗḓ ",{"t":"idOrVar","v":"numFriends"}," ƒřīīḗḗƞḓş"],"few":["Ŭŭƥḓȧȧŧḗḗḓ ",{"t":"idOrVar","v":"numFriends"}," ƒřīīḗḗƞḓş"],"many":["Ŭŭƥḓȧȧŧḗḗḓ ",{"t":"idOrVar","v":"numFriends"}," ƒřīīḗḗƞḓş"],"other":["Ŭŭƥḓȧȧŧḗḗḓ ",{"t":"idOrVar","v":"numFriends"}," ƒřīīḗḗƞḓş"]},"$x":[{"t":"idOrVar","v":"plural"},"numFriends"]},{"$i":"friendsMerged","$v":{"zero":"Ƞǿǿ ḓŭŭƥŀīīƈȧȧŧḗḗḓ ƒřīīḗḗƞḓş ḿḗḗřɠḗḗḓ","one":"Ǿǿƞḗḗ ḓŭŭƥŀīīƈȧȧŧḗḗḓ ƒřīīḗḗƞḓ ḿḗḗřɠḗḗḓ","two":[{"t":"idOrVar","v":"numDups"}," ƒřīīḗḗƞḓş ḿḗḗřɠḗḗḓ"],"few":[{"t":"idOrVar","v":"numDups"}," ƒřīīḗḗƞḓş ḿḗḗřɠḗḗḓ"],"many":[{"t":"idOrVar","v":"numDups"}," ƒřīīḗḗƞḓş ḿḗḗřɠḗḗḓ"],"other":[{"t":"idOrVar","v":"numDups"}," ƒřīīḗḗƞḓş ḿḗḗřɠḗḗḓ"]},"$x":[{"t":"idOrVar","v":"plural"},"numDups"]},{"$i":"contactsMerged","$v":{"zero":"Ƞǿǿ ḓŭŭƥŀīīƈȧȧŧḗḗḓ ƈǿǿƞŧȧȧƈŧş ḿḗḗřɠḗḗḓ","one":"Ǿǿƞḗḗ ḓŭŭƥŀīīƈȧȧŧḗḗḓ ƈǿǿƞŧȧȧƈŧ ḿḗḗřɠḗḗḓ","two":[{"t":"idOrVar","v":"numDups"}," ƈǿǿƞŧȧȧƈŧş ḿḗḗřɠḗḗḓ"],"few":[{"t":"idOrVar","v":"numDups"}," ƈǿǿƞŧȧȧƈŧş ḿḗḗřɠḗḗḓ"],"many":[{"t":"idOrVar","v":"numDups"}," ƈǿǿƞŧȧȧƈŧş ḿḗḗřɠḗḗḓ"],"other":[{"t":"idOrVar","v":"numDups"}," ƈǿǿƞŧȧȧƈŧş ḿḗḗřɠḗḗḓ"]},"$x":[{"t":"idOrVar","v":"plural"},"numDups"]},{"$i":"pincode2","$v":"Ḗḗƞŧḗḗř ƤĪīȠ ƈǿǿḓḗḗ"},{"$i":"type_pin","$v":"Ŧẏƥḗḗ ẏǿǿŭŭř ƤĪīȠ ƈǿǿḓḗḗ"},{"$i":"pincodeLabel","$v":["ŞĪīḾ ",{"t":"idOrVar","v":"n"}," ƤĪīȠ"]},{"$i":"pinValidation","$v":"ƤĪīȠ ḿŭŭşŧ ħȧȧṽḗḗ ƀḗḗŧẇḗḗḗḗƞ 4 ȧȧƞḓ 8 ƈħȧȧřȧȧƈŧḗḗřş."},{"$i":"pinError","$v":"Ŧħḗḗ ƤĪīȠ ẇȧȧş īīƞƈǿǿřřḗḗƈŧ."},{"$i":"pinAttemptMsg2","$v":{"one":"Ẏǿǿŭŭ ħȧȧṽḗḗ ǿǿƞḗḗ ŧřẏ ŀḗḗƒŧ ŧǿǿ ḗḗƞŧḗḗř ŧħḗḗ ƈǿǿřřḗḗƈŧ ƈǿǿḓḗḗ ƀḗḗƒǿǿřḗḗ ŀǿǿƈķīīƞɠ ŧħḗḗ ŞĪīḾ ƈȧȧřḓ.","two":["Ẏǿǿŭŭ ħȧȧṽḗḗ ",{"t":"idOrVar","v":"n"}," ŧřīīḗḗş ŀḗḗƒŧ ŧǿǿ ḗḗƞŧḗḗř ŧħḗḗ ƈǿǿřřḗḗƈŧ ƈǿǿḓḗḗ ƀḗḗƒǿǿřḗḗ ŀǿǿƈķīīƞɠ ŧħḗḗ ŞĪīḾ ƈȧȧřḓ."],"few":["Ẏǿǿŭŭ ħȧȧṽḗḗ ",{"t":"idOrVar","v":"n"}," ŧřīīḗḗş ŀḗḗƒŧ ŧǿǿ ḗḗƞŧḗḗř ŧħḗḗ ƈǿǿřřḗḗƈŧ ƈǿǿḓḗḗ ƀḗḗƒǿǿřḗḗ ŀǿǿƈķīīƞɠ ŧħḗḗ ŞĪīḾ ƈȧȧřḓ."],"many":["Ẏǿǿŭŭ ħȧȧṽḗḗ ",{"t":"idOrVar","v":"n"}," ŧřīīḗḗş ŀḗḗƒŧ ŧǿǿ ḗḗƞŧḗḗř ŧħḗḗ ƈǿǿřřḗḗƈŧ ƈǿǿḓḗḗ ƀḗḗƒǿǿřḗḗ ŀǿǿƈķīīƞɠ ŧħḗḗ ŞĪīḾ ƈȧȧřḓ."],"other":["Ẏǿǿŭŭ ħȧȧṽḗḗ ",{"t":"idOrVar","v":"n"}," ŧřīīḗḗş ŀḗḗƒŧ ŧǿǿ ḗḗƞŧḗḗř ŧħḗḗ ƈǿǿřřḗḗƈŧ ƈǿǿḓḗḗ ƀḗḗƒǿǿřḗḗ ŀǿǿƈķīīƞɠ ŧħḗḗ ŞĪīḾ ƈȧȧřḓ."]},"$x":[{"t":"idOrVar","v":"plural"},"n"]},{"$i":"pinLastChanceMsg","$v":"Ŧħīīş īīş ẏǿǿŭŭř ŀȧȧşŧ ƈħȧȧƞƈḗḗ ŧǿǿ ḗḗƞŧḗḗř ŧħḗḗ ƈǿǿřřḗḗƈŧ ƤĪīȠ. Ǿǿŧħḗḗřẇīīşḗḗ, ẏǿǿŭŭ ḿŭŭşŧ ḗḗƞŧḗḗř ŧħḗḗ ƤŬŭĶ ƈǿǿḓḗḗ ŧǿǿ ŭŭşḗḗ ŧħīīş ŞĪīḾ ƈȧȧřḓ."},{"$i":"pukcode","$v":"Ḗḗƞŧḗḗř ƤŬŭĶ ƈǿǿḓḗḗ"},{"$i":"pukcodeTitle","$v":["Ḗḗƞŧḗḗř ŞĪīḾ ",{"t":"idOrVar","v":"n"}," ƤŬŭĶ"]},{"$i":"pukcodeLabel","$v":["ŞĪīḾ ",{"t":"idOrVar","v":"n"}," ƤŬŭĶ"]},{"$i":"type_puk","$v":"ƤŬŭĶ ƈǿǿḓḗḗ"},{"$i":"pukValidation","$v":"ƤŬŭĶ ƈǿǿḓḗḗ ḿŭŭşŧ ħȧȧṽḗḗ ḗḗẋȧȧƈŧŀẏ 8 ƈħȧȧřȧȧƈŧḗḗřş."},{"$i":"pukInfo","$v":"Ẏǿǿŭŭ ḿŭŭşŧ ḗḗƞŧḗḗř ŧħḗḗ Ƥḗḗřşǿǿƞȧȧŀ Ŭŭƞŀǿǿƈķīīƞɠ Ķḗḗẏ (ƤŬŭĶ) Ƈǿǿḓḗḗ ƒǿǿř ŧħḗḗ ŞĪīḾ ƈȧȧřḓ. Řḗḗƒḗḗř ŧǿǿ ẏǿǿŭŭř ŞĪīḾ ƈȧȧřḓ ḓǿǿƈŭŭḿḗḗƞŧȧȧŧīīǿǿƞ ǿǿř ƈǿǿƞŧȧȧƈŧ ẏǿǿŭŭř ƈȧȧřřīīḗḗř ƒǿǿř ḿǿǿřḗḗ īīƞƒǿǿřḿȧȧŧīīǿǿƞ."},{"$i":"pukError","$v":"Ŧħḗḗ ƤŬŭĶ ẇȧȧş īīƞƈǿǿřřḗḗƈŧ."},{"$i":"pukAttemptMsg2","$v":{"one":"Ẏǿǿŭŭ ħȧȧṽḗḗ ǿǿƞḗḗ ŧřẏ ŀḗḗƒŧ ŧǿǿ ḗḗƞŧḗḗř ŧħḗḗ ƈǿǿřřḗḗƈŧ ƈǿǿḓḗḗ ƀḗḗƒǿǿřḗḗ ŧħīīş ŞĪīḾ ƈȧȧřḓ ẇīīŀŀ ƀḗḗ ƥḗḗřḿȧȧƞḗḗƞŧŀẏ ŭŭƞŭŭşȧȧƀŀḗḗ. Řḗḗƒḗḗř ŧǿǿ ẏǿǿŭŭř ŞĪīḾ ƈȧȧřḓ ḓǿǿƈŭŭḿḗḗƞŧȧȧŧīīǿǿƞ ǿǿř ƈǿǿƞŧȧȧƈŧ ẏǿǿŭŭř ƈȧȧřřīīḗḗř ƒǿǿř ḿǿǿřḗḗ īīƞƒǿǿřḿȧȧŧīīǿǿƞ.","two":["Ẏǿǿŭŭ ħȧȧṽḗḗ ",{"t":"idOrVar","v":"n"}," ŧřīīḗḗş ŀḗḗƒŧ ŧǿǿ ḗḗƞŧḗḗř ŧħḗḗ ƈǿǿřřḗḗƈŧ ƈǿǿḓḗḗ ƀḗḗƒǿǿřḗḗ ŧħīīş ŞĪīḾ ƈȧȧřḓ ẇīīŀŀ ƀḗḗ ƥḗḗřḿȧȧƞḗḗƞŧŀẏ ŭŭƞŭŭşȧȧƀŀḗḗ. Řḗḗƒḗḗř ŧǿǿ ẏǿǿŭŭř ŞĪīḾ ƈȧȧřḓ ḓǿǿƈŭŭḿḗḗƞŧȧȧŧīīǿǿƞ ǿǿř ƈǿǿƞŧȧȧƈŧ ẏǿǿŭŭř ƈȧȧřřīīḗḗř ƒǿǿř ḿǿǿřḗḗ īīƞƒǿǿřḿȧȧŧīīǿǿƞ."],"few":["Ẏǿǿŭŭ ħȧȧṽḗḗ ",{"t":"idOrVar","v":"n"}," ŧřīīḗḗş ŀḗḗƒŧ ŧǿǿ ḗḗƞŧḗḗř ŧħḗḗ ƈǿǿřřḗḗƈŧ ƈǿǿḓḗḗ ƀḗḗƒǿǿřḗḗ ŧħīīş ŞĪīḾ ƈȧȧřḓ ẇīīŀŀ ƀḗḗ ƥḗḗřḿȧȧƞḗḗƞŧŀẏ ŭŭƞŭŭşȧȧƀŀḗḗ. Řḗḗƒḗḗř ŧǿǿ ẏǿǿŭŭř ŞĪīḾ ƈȧȧřḓ ḓǿǿƈŭŭḿḗḗƞŧȧȧŧīīǿǿƞ ǿǿř ƈǿǿƞŧȧȧƈŧ ẏǿǿŭŭř ƈȧȧřřīīḗḗř ƒǿǿř ḿǿǿřḗḗ īīƞƒǿǿřḿȧȧŧīīǿǿƞ."],"many":["Ẏǿǿŭŭ ħȧȧṽḗḗ ",{"t":"idOrVar","v":"n"}," ŧřīīḗḗş ŀḗḗƒŧ ŧǿǿ ḗḗƞŧḗḗř ŧħḗḗ ƈǿǿřřḗḗƈŧ ƈǿǿḓḗḗ ƀḗḗƒǿǿřḗḗ ŧħīīş ŞĪīḾ ƈȧȧřḓ ẇīīŀŀ ƀḗḗ ƥḗḗřḿȧȧƞḗḗƞŧŀẏ ŭŭƞŭŭşȧȧƀŀḗḗ. Řḗḗƒḗḗř ŧǿǿ ẏǿǿŭŭř ŞĪīḾ ƈȧȧřḓ ḓǿǿƈŭŭḿḗḗƞŧȧȧŧīīǿǿƞ ǿǿř ƈǿǿƞŧȧȧƈŧ ẏǿǿŭŭř ƈȧȧřřīīḗḗř ƒǿǿř ḿǿǿřḗḗ īīƞƒǿǿřḿȧȧŧīīǿǿƞ."],"other":["Ẏǿǿŭŭ ħȧȧṽḗḗ ",{"t":"idOrVar","v":"n"}," ŧřīīḗḗş ŀḗḗƒŧ ŧǿǿ ḗḗƞŧḗḗř ŧħḗḗ ƈǿǿřřḗḗƈŧ ƈǿǿḓḗḗ ƀḗḗƒǿǿřḗḗ ŧħīīş ŞĪīḾ ƈȧȧřḓ ẇīīŀŀ ƀḗḗ ƥḗḗřḿȧȧƞḗḗƞŧŀẏ ŭŭƞŭŭşȧȧƀŀḗḗ. Řḗḗƒḗḗř ŧǿǿ ẏǿǿŭŭř ŞĪīḾ ƈȧȧřḓ ḓǿǿƈŭŭḿḗḗƞŧȧȧŧīīǿǿƞ ǿǿř ƈǿǿƞŧȧȧƈŧ ẏǿǿŭŭř ƈȧȧřřīīḗḗř ƒǿǿř ḿǿǿřḗḗ īīƞƒǿǿřḿȧȧŧīīǿǿƞ."]},"$x":[{"t":"idOrVar","v":"plural"},"n"]},{"$i":"pukLastChanceMsg","$v":"Ŧħīīş īīş ẏǿǿŭŭř ŀȧȧşŧ ƈħȧȧƞƈḗḗ ŧǿǿ ḗḗƞŧḗḗř ŧħḗḗ ƈǿǿřřḗḗƈŧ ƤŬŭĶ ƈǿǿḓḗḗ. Ẏǿǿŭŭř ŞĪīḾ ƈȧȧřḓ ẇīīŀŀ ƀḗḗ ƥḗḗřḿȧȧƞḗḗƞŧŀẏ ŭŭƞŭŭşȧȧƀŀḗḗ īīƒ ẏǿǿŭŭ ḗḗƞŧḗḗř īīƞ ŧħḗḗ ẇřǿǿƞɠ ƤŬŭĶ ƈǿǿḓḗḗ."},{"$i":"create_newpin","$v":"Ƈřḗḗȧȧŧḗḗ ƞḗḗẇ ƤĪīȠ (4 ŧǿǿ 8 ḓīīɠīīŧş)"},{"$i":"confirm_newpin","$v":"Ƈǿǿƞƒīīřḿ ƞḗḗẇ ƤĪīȠ"},{"$i":"newpinConfirmation","$v":"ƤĪīȠş ḓǿǿƞ’ŧ ḿȧȧŧƈħ"},{"$i":"nckcode","$v":"Ḗḗƞŧḗḗř ȠƇĶ ƈǿǿḓḗḗ"},{"$i":"cckcode","$v":"Ḗḗƞŧḗḗř ƇƇĶ ƈǿǿḓḗḗ"},{"$i":"spckcode","$v":"Ḗḗƞŧḗḗř ŞƤƇĶ ƈǿǿḓḗḗ"},{"$i":"nck1code","$v":"Ḗḗƞŧḗḗř ȠƇĶ1 ƈǿǿḓḗḗ"},{"$i":"nck2code","$v":"Ḗḗƞŧḗḗř ȠƇĶ2 ƈǿǿḓḗḗ"},{"$i":"hnckcode","$v":"Ḗḗƞŧḗḗř ĦȠƇĶ ƈǿǿḓḗḗ"},{"$i":"rcckcode","$v":"Ḗḗƞŧḗḗř ŘƇƇĶ ƈǿǿḓḗḗ"},{"$i":"rspckcode","$v":"Ḗḗƞŧḗḗř ŘŞƤƇĶ ƈǿǿḓḗḗ"},{"$i":"nckcodeTitle","$v":["Ḗḗƞŧḗḗř ŞĪīḾ ",{"t":"idOrVar","v":"n"}," ȠƇĶ"]},{"$i":"cckcodeTitle","$v":["Ḗḗƞŧḗḗř ŞĪīḾ ",{"t":"idOrVar","v":"n"}," ƇƇĶ"]},{"$i":"spckcodeTitle","$v":["Ḗḗƞŧḗḗř ŞĪīḾ ",{"t":"idOrVar","v":"n"}," ŞƤƇĶ"]},{"$i":"nck1codeTitle","$v":["Ḗḗƞŧḗḗř ŞĪīḾ ",{"t":"idOrVar","v":"n"}," ȠƇĶ1"]},{"$i":"nck2codeTitle","$v":["Ḗḗƞŧḗḗř ŞĪīḾ ",{"t":"idOrVar","v":"n"}," ȠƇĶ2"]},{"$i":"hnckcodeTitle","$v":["Ḗḗƞŧḗḗř ŞĪīḾ ",{"t":"idOrVar","v":"n"}," ĦȠƇĶ"]},{"$i":"rcckcodeTitle","$v":["Ḗḗƞŧḗḗř ŞĪīḾ ",{"t":"idOrVar","v":"n"}," ŘƇƇĶ"]},{"$i":"rspckcodeTitle","$v":["Ḗḗƞŧḗḗř ŞĪīḾ ",{"t":"idOrVar","v":"n"}," ŘŞƤƇĶ"]},{"$i":"nckcodeLabel","$v":["ŞĪīḾ ",{"t":"idOrVar","v":"n"}," ȠƇĶ"]},{"$i":"cckcodeLabel","$v":["ŞĪīḾ ",{"t":"idOrVar","v":"n"}," ƇƇĶ"]},{"$i":"spckcodeLabel","$v":["ŞĪīḾ ",{"t":"idOrVar","v":"n"}," ŞƤƇĶ"]},{"$i":"nck1codeLabel","$v":["ŞĪīḾ ",{"t":"idOrVar","v":"n"}," ȠƇĶ1"]},{"$i":"nck2codeLabel","$v":["ŞĪīḾ ",{"t":"idOrVar","v":"n"}," ȠƇĶ2"]},{"$i":"hnckcodeLabel","$v":["ŞĪīḾ ",{"t":"idOrVar","v":"n"}," ĦȠƇĶ"]},{"$i":"rcckcodeLabel","$v":["ŞĪīḾ ",{"t":"idOrVar","v":"n"}," ŘƇƇĶ"]},{"$i":"rspckcodeLabel","$v":["ŞĪīḾ ",{"t":"idOrVar","v":"n"}," ŘŞƤƇĶ"]},{"$i":"type_nck","$v":"Ŧẏƥḗḗ ẏǿǿŭŭř ȠƇĶ ƈǿǿḓḗḗ"},{"$i":"type_cck","$v":"Ŧẏƥḗḗ ẏǿǿŭŭř ƇƇĶ ƈǿǿḓḗḗ"},{"$i":"type_spck","$v":"Ŧẏƥḗḗ ẏǿǿŭŭř ŞƤƇĶ ƈǿǿḓḗḗ"},{"$i":"type_nck1","$v":"Ŧẏƥḗḗ ẏǿǿŭŭř ȠƇĶ1 ƈǿǿḓḗḗ"},{"$i":"type_nck2","$v":"Ŧẏƥḗḗ ẏǿǿŭŭř ȠƇĶ2 ƈǿǿḓḗḗ"},{"$i":"type_hnck","$v":"Ŧẏƥḗḗ ẏǿǿŭŭř ĦȠƇĶ ƈǿǿḓḗḗ"},{"$i":"type_rcck","$v":"Ŧẏƥḗḗ ẏǿǿŭŭř ŘƇƇĶ ƈǿǿḓḗḗ"},{"$i":"type_rspck","$v":"Ŧẏƥḗḗ ẏǿǿŭŭř ŘŞƤƇĶ ƈǿǿḓḗḗ"},{"$i":"nckValidation","$v":"ȠƇĶ ḿŭŭşŧ ħȧȧṽḗḗ ƀḗḗŧẇḗḗḗḗƞ 8 ȧȧƞḓ 16 ƈħȧȧřȧȧƈŧḗḗřş."},{"$i":"cckValidation","$v":"ƇƇĶ ḿŭŭşŧ ħȧȧṽḗḗ ƀḗḗŧẇḗḗḗḗƞ 8 ȧȧƞḓ 16 ƈħȧȧřȧȧƈŧḗḗřş."},{"$i":"spckValidation","$v":"ŞƤƇĶ ḿŭŭşŧ ħȧȧṽḗḗ ƀḗḗŧẇḗḗḗḗƞ 8 ȧȧƞḓ 16 ƈħȧȧřȧȧƈŧḗḗřş."},{"$i":"nck1Validation","$v":"ȠƇĶ1 ḿŭŭşŧ ħȧȧṽḗḗ ƀḗḗŧẇḗḗḗḗƞ 8 ȧȧƞḓ 16 ƈħȧȧřȧȧƈŧḗḗřş."},{"$i":"nck2Validation","$v":"ȠƇĶ2 ḿŭŭşŧ ħȧȧṽḗḗ ƀḗḗŧẇḗḗḗḗƞ 8 ȧȧƞḓ 16 ƈħȧȧřȧȧƈŧḗḗřş."},{"$i":"hnckValidation","$v":"ĦȠƇĶ ḿŭŭşŧ ħȧȧṽḗḗ ƀḗḗŧẇḗḗḗḗƞ 8 ȧȧƞḓ 16 ƈħȧȧřȧȧƈŧḗḗřş."},{"$i":"rcckValidation","$v":"ŘƇƇĶ ḿŭŭşŧ ħȧȧṽḗḗ ƀḗḗŧẇḗḗḗḗƞ 8 ȧȧƞḓ 16 ƈħȧȧřȧȧƈŧḗḗřş."},{"$i":"rspckValidation","$v":"ŘŞƤƇĶ ḿŭŭşŧ ħȧȧṽḗḗ ƀḗḗŧẇḗḗḗḗƞ 8 ȧȧƞḓ 16 ƈħȧȧřȧȧƈŧḗḗřş."},{"$i":"nckErrorMsg","$v":"Ŧħḗḗ ȠƇĶ ƈǿǿḓḗḗ īīş īīƞƈǿǿřřḗḗƈŧ."},{"$i":"nckAttemptMsg2","$v":{"one":"Ƞḗḗŧẇǿǿřķ ḓḗḗƥḗḗřşǿǿƞȧȧŀīīẑȧȧŧīīǿǿƞ řḗḗɋŭŭḗḗşŧ ƒȧȧīīŀŭŭřḗḗ. Ẏǿǿŭŭ ħȧȧṽḗḗ ǿǿƞḗḗ ŧřẏ ŀḗḗƒŧ ŧǿǿ ḗḗƞŧḗḗř ŧħḗḗ ƈǿǿřřḗḗƈŧ ƈǿǿḓḗḗ. Řḗḗƒḗḗř ŧǿǿ ẏǿǿŭŭř ḓḗḗṽīīƈḗḗ ḓǿǿƈŭŭḿḗḗƞŧȧȧŧīīǿǿƞ ǿǿř ƈǿǿƞŧȧȧƈŧ ẏǿǿŭŭř ƈȧȧřřīīḗḗř ƒǿǿř ḿǿǿřḗḗ īīƞƒǿǿřḿȧȧŧīīǿǿƞ.","two":["Ƞḗḗŧẇǿǿřķ ḓḗḗƥḗḗřşǿǿƞȧȧŀīīẑȧȧŧīīǿǿƞ řḗḗɋŭŭḗḗşŧ ƒȧȧīīŀŭŭřḗḗ. Ẏǿǿŭŭ ħȧȧṽḗḗ ",{"t":"idOrVar","v":"n"}," ŧřīīḗḗş ŀḗḗƒŧ ŧǿǿ ḗḗƞŧḗḗř ŧħḗḗ ƈǿǿřřḗḗƈŧ ƈǿǿḓḗḗ. Řḗḗƒḗḗř ŧǿǿ ẏǿǿŭŭř ḓḗḗṽīīƈḗḗ ḓǿǿƈŭŭḿḗḗƞŧȧȧŧīīǿǿƞ ǿǿř ƈǿǿƞŧȧȧƈŧ ẏǿǿŭŭř ƈȧȧřřīīḗḗř ƒǿǿř ḿǿǿřḗḗ īīƞƒǿǿřḿȧȧŧīīǿǿƞ."],"few":["Ƞḗḗŧẇǿǿřķ ḓḗḗƥḗḗřşǿǿƞȧȧŀīīẑȧȧŧīīǿǿƞ řḗḗɋŭŭḗḗşŧ ƒȧȧīīŀŭŭřḗḗ. Ẏǿǿŭŭ ħȧȧṽḗḗ ",{"t":"idOrVar","v":"n"}," ŧřīīḗḗş ŀḗḗƒŧ ŧǿǿ ḗḗƞŧḗḗř ŧħḗḗ ƈǿǿřřḗḗƈŧ ƈǿǿḓḗḗ. Řḗḗƒḗḗř ŧǿǿ ẏǿǿŭŭř ḓḗḗṽīīƈḗḗ ḓǿǿƈŭŭḿḗḗƞŧȧȧŧīīǿǿƞ ǿǿř ƈǿǿƞŧȧȧƈŧ ẏǿǿŭŭř ƈȧȧřřīīḗḗř ƒǿǿř ḿǿǿřḗḗ īīƞƒǿǿřḿȧȧŧīīǿǿƞ."],"many":["Ƞḗḗŧẇǿǿřķ ḓḗḗƥḗḗřşǿǿƞȧȧŀīīẑȧȧŧīīǿǿƞ řḗḗɋŭŭḗḗşŧ ƒȧȧīīŀŭŭřḗḗ. Ẏǿǿŭŭ ħȧȧṽḗḗ ",{"t":"idOrVar","v":"n"}," ŧřīīḗḗş ŀḗḗƒŧ ŧǿǿ ḗḗƞŧḗḗř ŧħḗḗ ƈǿǿřřḗḗƈŧ ƈǿǿḓḗḗ. Řḗḗƒḗḗř ŧǿǿ ẏǿǿŭŭř ḓḗḗṽīīƈḗḗ ḓǿǿƈŭŭḿḗḗƞŧȧȧŧīīǿǿƞ ǿǿř ƈǿǿƞŧȧȧƈŧ ẏǿǿŭŭř ƈȧȧřřīīḗḗř ƒǿǿř ḿǿǿřḗḗ īīƞƒǿǿřḿȧȧŧīīǿǿƞ."],"other":["Ƞḗḗŧẇǿǿřķ ḓḗḗƥḗḗřşǿǿƞȧȧŀīīẑȧȧŧīīǿǿƞ řḗḗɋŭŭḗḗşŧ ƒȧȧīīŀŭŭřḗḗ. Ẏǿǿŭŭ ħȧȧṽḗḗ ",{"t":"idOrVar","v":"n"}," ŧřīīḗḗş ŀḗḗƒŧ ŧǿǿ ḗḗƞŧḗḗř ŧħḗḗ ƈǿǿřřḗḗƈŧ ƈǿǿḓḗḗ. Řḗḗƒḗḗř ŧǿǿ ẏǿǿŭŭř ḓḗḗṽīīƈḗḗ ḓǿǿƈŭŭḿḗḗƞŧȧȧŧīīǿǿƞ ǿǿř ƈǿǿƞŧȧȧƈŧ ẏǿǿŭŭř ƈȧȧřřīīḗḗř ƒǿǿř ḿǿǿřḗḗ īīƞƒǿǿřḿȧȧŧīīǿǿƞ."]},"$x":[{"t":"idOrVar","v":"plural"},"n"]},{"$i":"nckLastChanceMsg","$v":"Ƞḗḗŧẇǿǿřķ ḓḗḗƥḗḗřşǿǿƞȧȧŀīīẑȧȧŧīīǿǿƞ řḗḗɋŭŭḗḗşŧ ƒȧȧīīŀŭŭřḗḗ. Ŀȧȧşŧ ƈħȧȧƞƈḗḗ ŧǿǿ ḗḗƞŧḗḗř ŧħḗḗ ƈǿǿřřḗḗƈŧ ȠƇĶ ƈǿǿḓḗḗ. Řḗḗƒḗḗř ŧǿǿ ẏǿǿŭŭř ḓḗḗṽīīƈḗḗ ḓǿǿƈŭŭḿḗḗƞŧȧȧŧīīǿǿƞ ǿǿř ƈǿǿƞŧȧȧƈŧ ẏǿǿŭŭř ƈȧȧřřīīḗḗř ƒǿǿř ḿǿǿřḗḗ īīƞƒǿǿřḿȧȧŧīīǿǿƞ."},{"$i":"skip","$v":"Şķīīƥ"},{"$i":"send","$v":"Şḗḗƞḓ"},{"$i":"ok","$v":"ǾǿĶ"},{"$i":"simLocked","$v":"Ŧħḗḗ ŞĪīḾ ƈȧȧřḓ īīş ŀǿǿƈķḗḗḓ"},{"$i":"inputCodeRetriesLeft","$v":{"one":"Ŀȧȧşŧ ŧřẏ.","two":[{"t":"idOrVar","v":"n"}," ŧřīīḗḗş ŀḗḗƒŧ."],"few":[{"t":"idOrVar","v":"n"}," ŧřīīḗḗş ŀḗḗƒŧ."],"many":[{"t":"idOrVar","v":"n"}," ŧřīīḗḗş ŀḗḗƒŧ."],"other":[{"t":"idOrVar","v":"n"}," ŧřīīḗḗş ŀḗḗƒŧ."]},"$x":[{"t":"idOrVar","v":"plural"},"n"]},{"$i":"simManager","$v":"ŞĪīḾ Ḿȧȧƞȧȧɠḗḗř"},{"$i":"simDetail","$v":["ŞĪīḾ ",{"t":"idOrVar","v":"n"}]},{"$i":"simDefault","$v":"(ḓḗḗƒȧȧŭŭŀŧ)"},{"$i":"simDefaultMessage","$v":"Ǿǿŭŭŧɠǿǿīīƞɠ ƈȧȧŀŀş, ǿǿŭŭŧɠǿǿīīƞɠ ḿḗḗşşȧȧɠḗḗş ȧȧƞḓ ḓȧȧŧȧȧ ƈǿǿƞƞḗḗƈŧīīǿǿƞ ȧȧřḗḗ şḗḗŧ ŧǿǿ ŞĪīḾ 1 ȧȧş ḓḗḗƒȧȧŭŭŀŧ"},{"$i":"simSettingsMessage","$v":"Ẏǿǿŭŭ ƈȧȧƞ ƈħȧȧƞɠḗḗ ḓḗḗƒȧȧŭŭŀŧ şḗḗŧŧīīƞɠş ȧȧŧ Şḗḗŧŧīīƞɠş > ŞĪīḾ ḿȧȧƞȧȧɠḗḗř"},{"$i":"simPinLocked","$v":"ŞĪīḾ ƤĪīȠ ŀǿǿƈķḗḗḓ"},{"$i":"noOperator","$v":"Ƞǿǿ ǿǿƥḗḗřȧȧŧǿǿř"},{"$i":"searchingOperator","$v":"Şḗḗȧȧřƈħīīƞɠ"},{"$i":"language","$v":"Ŀȧȧƞɠŭŭȧȧɠḗḗ"},{"$i":"3g","$v":"Ƈḗḗŀŀŭŭŀȧȧř Ḓȧȧŧȧȧ"},{"$i":"dataConnection","$v":"Ḗḗƞȧȧƀŀḗḗ Ḓȧȧŧȧȧ"},{"$i":"dataConnectionInfo","$v":"Ḗḗƞȧȧƀŀīīƞɠ ḓȧȧŧȧȧ ƈǿǿƞƞḗḗƈŧīīǿǿƞ ƞǿǿẇ ẇīīŀŀ ȧȧŀŀǿǿẇ ẏǿǿŭŭ ŧǿǿ şḗḗŧ ŭŭƥ ẏǿǿŭŭř ƥħǿǿƞḗḗ ẇīīŧħǿǿŭŭŧ ȧȧ Ẇīī-Ƒīī ƈǿǿƞƞḗḗƈŧīīǿǿƞ. Ẏǿǿŭŭ ḿȧȧẏ ȧȧŀşǿǿ ḗḗƞȧȧƀŀḗḗ īīŧ ŀȧȧŧḗḗř ǿǿƞ īīƞ Şḗḗŧŧīīƞɠş. Ĵŭŭşŧ ḿȧȧķḗḗ şŭŭřḗḗ ẏǿǿŭŭ ħȧȧṽḗḗ ȧȧ ḓȧȧŧȧȧ ƥŀȧȧƞ ẇīīŧħ ẏǿǿŭŭř ƈȧȧřřīīḗḗř ŧǿǿ ȧȧṽǿǿīīḓ ƥǿǿŧḗḗƞŧīīȧȧŀŀẏ ħḗḗƒŧẏ ƈħȧȧřɠḗḗş."},{"$i":"caution","$v":"Ẇȧȧřƞīīƞɠ"},{"$i":"geolocation","$v":"Ɠḗḗǿǿŀǿǿƈȧȧŧīīǿǿƞ"},{"$i":"geolocationCheckbox","$v":"Ḗḗƞȧȧƀŀḗḗ Ɠḗḗǿǿŀǿǿƈȧȧŧīīǿǿƞ"},{"$i":"geolocationInfo2","$v":[{"t":"idOrVar","v":"brandShortName"}," ŭŭşḗḗş ḓȧȧŧȧȧ şŭŭƈħ ȧȧş ƓƤŞ, Ẇīī-Ƒīī, ȧȧƞḓ ḿǿǿƀīīŀḗḗ ƞḗḗŧẇǿǿřķş ƞḗḗȧȧř ẏǿǿŭŭ ŧǿǿ ħḗḗŀƥ ḓḗḗŧḗḗřḿīīƞḗḗ ẏǿǿŭŭř ȧȧƥƥřǿǿẋīīḿȧȧŧḗḗ ŀǿǿƈȧȧŧīīǿǿƞ."]},{"$i":"geolocationInfoMore","$v":"Ḓȧȧŧȧȧ īīş şḗḗƞŧ ŧǿǿ Ḿǿǿẑīīŀŀȧȧ ȧȧƞḓ ǿǿŧħḗḗř şḗḗřṽīīƈḗḗ ƥřǿǿṽīīḓḗḗřş ȧȧƞḓ ẇīīŀŀ ƀḗḗ ŭŭşḗḗḓ īīƞ ŧħḗḗ ȧȧɠɠřḗḗɠȧȧŧḗḗ ŧǿǿ īīḿƥřǿǿṽḗḗ ŧħǿǿşḗḗ ŀǿǿƈȧȧŧīīǿǿƞ ḓȧȧŧȧȧƀȧȧşḗḗş.  Ḓȧȧŧȧȧ ḿȧȧẏ ƀḗḗ şŧǿǿřḗḗḓ ǿǿƞ ẏǿǿŭŭř ḓḗḗṽīīƈḗḗ ȧȧƞḓ ḓȧȧŧȧȧ ƈǿǿŀŀḗḗƈŧīīǿǿƞ ḿȧȧẏ ǿǿƈƈŭŭř ḗḗṽḗḗƞ ẇħḗḗƞ ƞǿǿ ȧȧƥƥş ȧȧřḗḗ řŭŭƞƞīīƞɠ."},{"$i":"notice","$v":"Ƞǿǿŧīīƈḗḗ"},{"$i":"aboutYourPrivacy","$v":"Ḿǿǿřḗḗ ȧȧƀǿǿŭŭŧ ẏǿǿŭŭř ƥřīīṽȧȧƈẏ"},{"$i":"scanningNetworks","$v":"Şƈȧȧƞƞīīƞɠ ƒǿǿř ƞḗḗŧẇǿǿřķş"},{"$i":"selectNetwork","$v":"Şḗḗŀḗḗƈŧ ȧȧ ƞḗḗŧẇǿǿřķ"},{"$i":"shortStatus-connecting","$v":"Ƈǿǿƞƞḗḗƈŧīīƞɠ…"},{"$i":"shortStatus-associated","$v":"Ǿǿƀŧȧȧīīƞīīƞɠ ȧȧƞ ĪīƤ ȧȧḓḓřḗḗşş…"},{"$i":"shortStatus-connected","$v":"Ƈǿǿƞƞḗḗƈŧḗḗḓ"},{"$i":"shortStatus-connectingfailed","$v":"Ƈǿǿƞƞḗḗƈŧīīǿǿƞ ƒȧȧīīŀḗḗḓ"},{"$i":"shortStatus-disconnected","$v":"Ǿǿƒƒŀīīƞḗḗ"},{"$i":"securedBy","$v":["şḗḗƈŭŭřḗḗḓ ƀẏ ",{"t":"idOrVar","v":"capabilities"}]},{"$i":"security","$v":"Şḗḗƈŭŭřīīŧẏ"},{"$i":"securityNone","$v":"Ƞǿǿƞḗḗ"},{"$i":"securityWEP","$v":"ẆḖḗƤ"},{"$i":"securityWPA-PSK","$v":"ẆƤȦȧ-ƤŞĶ"},{"$i":"securityWPA-EAP","$v":"ẆƤȦȧ-ḖḗȦȧƤ"},{"$i":"securityOpen","$v":"Ǿǿƥḗḗƞ","ariaLabel":"Şḗḗƈŭŭřīīŧẏ"},{"$i":"identity","$v":"Ŭŭşḗḗř"},{"$i":"identityInput","placeholder":"Ŭŭşḗḗř"},{"$i":"password","$v":"Ƥȧȧşşẇǿǿřḓ"},{"$i":"passwordInput","placeholder":"Ƥȧȧşşẇǿǿřḓ"},{"$i":"showPassword","$v":"Şħǿǿẇ Ƥȧȧşşẇǿǿřḓ"},{"$i":"refresh","$v":"Řḗḗƒřḗḗşħ"},{"$i":"noWifiFound3","$v":"Ƞǿǿ ẇīīřḗḗŀḗḗşş ƞḗḗŧẇǿǿřķş ƒǿǿŭŭƞḓ"},{"$i":"join-hidden-button","$v":"Ĵǿǿīīƞ ħīīḓḓḗḗƞ ƞḗḗŧẇǿǿřķ"},{"$i":"authentication","$v":"Ȧȧŭŭŧħḗḗƞŧīīƈȧȧŧīīǿǿƞ"},{"$i":"ssid-name","$v":"ŞŞĪīḒ Ƞḗḗŧẇǿǿřķ Ƞȧȧḿḗḗ"},{"$i":"wifiLevel","ariaLabel":{"$v":[{"t":"idOrVar","v":"level"}," ǿǿƒ 4 ƀȧȧřş"]}},{"$i":"networksList","ariaLabel":"Ƞḗḗŧẇǿǿřķş ƒǿǿŭŭƞḓ"},{"$i":"dateAndTime","$v":"Ḓȧȧŧḗḗ & Ŧīīḿḗḗ"},{"$i":"timezoneTitle","$v":["ŬŭŦƇ",{"t":"idOrVar","v":"utcOffset"}," ",{"t":"idOrVar","v":"region"},"/",{"t":"idOrVar","v":"city"}]},{"$i":"timeZone","$v":"Ŧīīḿḗḗ ẑǿǿƞḗḗ"},{"$i":"change","$v":"Ƈħȧȧƞɠḗḗ"},{"$i":"region","ariaLabel":"Řḗḗɠīīǿǿƞ"},{"$i":"city","ariaLabel":"Ƈīīŧẏ"},{"$i":"date","ariaLabel":"Ḓȧȧŧḗḗ"},{"$i":"time","ariaLabel":"Ŧīīḿḗḗ"},{"$i":"importContacts3","$v":"Īīḿƥǿǿřŧ ƈǿǿƞŧȧȧƈŧş"},{"$i":"importSim2","$v":"ŞĪīḾ ƈȧȧřḓ"},{"$i":"importOutlook","$v":"Ǿǿŭŭŧŀǿǿǿǿķ"},{"$i":"importGmail","$v":"Ɠḿȧȧīīŀ"},{"$i":"notImportedYet","$v":"Ƞǿǿŧ īīḿƥǿǿřŧḗḗḓ ẏḗḗŧ"},{"$i":"otherAccount","$v":"Ǿǿŧħḗḗř ȧȧƈƈǿǿŭŭƞŧş"},{"$i":"firefox-accounts","$v":"Ƒīīřḗḗƒǿǿẋ Ȧȧƈƈǿǿŭŭƞŧş"},{"$i":"fxa-upsell","innerHTML":"Ȧȧ Ƒīīřḗḗƒǿǿẋ Ȧȧƈƈǿǿŭŭƞŧ ŀḗḗŧş ẏǿǿŭŭ ƒīīƞḓ ȧȧ ŀǿǿşŧ ƥħǿǿƞḗḗ ȧȧƞḓ ƀŭŭẏ ȧȧƥƥş ƒřǿǿḿ ŧħḗḗ Ƒīīřḗḗƒǿǿẋ Ḿȧȧřķḗḗŧƥŀȧȧƈḗḗ."},{"$i":"fxa-create-account-or-sign-in","$v":"Ƈřḗḗȧȧŧḗḗ Ȧȧƈƈǿǿŭŭƞŧ ǿǿř Şīīɠƞ Īīƞ"},{"$i":"fxa-email-sent","$v":["Ȧȧ ṽḗḗřīīƒīīƈȧȧŧīīǿǿƞ ŀīīƞķ ħȧȧş ƀḗḗḗḗƞ şḗḗƞŧ ŧǿǿ ",{"t":"idOrVar","v":"email"}]},{"$i":"fxa-signed-in","$v":["Şīīɠƞḗḗḓ īīƞ ȧȧş ",{"t":"idOrVar","v":"email"}]},{"$i":"about-your-rights-0","$v":[{"t":"idOrVar","v":"brandShortName"}," īīş ƀŭŭīīŀŧ ǿǿƞ ƒřḗḗḗḗ ȧȧƞḓ ǿǿƥḗḗƞ şǿǿŭŭřƈḗḗ şǿǿƒŧẇȧȧřḗḗ ƀẏ ȧȧ ƈǿǿḿḿŭŭƞīīŧẏ ǿǿƒ ŧħǿǿŭŭşȧȧƞḓş ƒřǿǿḿ ȧȧŀŀ ǿǿṽḗḗř ŧħḗḗ ẇǿǿřŀḓ. Ŧħḗḗřḗḗ ȧȧřḗḗ ȧȧ ƒḗḗẇ ŧħīīƞɠş ẏǿǿŭŭ şħǿǿŭŭŀḓ ķƞǿǿẇ:"]},{"$i":"about-your-rights-1","$v":[{"t":"idOrVar","v":"brandShortName"}," īīş ḿȧȧḓḗḗ ȧȧṽȧȧīīŀȧȧƀŀḗḗ ŧǿǿ ẏǿǿŭŭ ŭŭƞḓḗḗř ŧħḗḗ ŧḗḗřḿş ǿǿƒ şḗḗṽḗḗřȧȧŀ ǿǿƥḗḗƞ şǿǿŭŭřƈḗḗ ŀīīƈḗḗƞşḗḗş īīƞƈŀŭŭḓīīƞɠ ŧħḗḗ Ḿǿǿẑīīŀŀȧȧ Ƥŭŭƀŀīīƈ Ŀīīƈḗḗƞşḗḗ. Ȧȧ ḓḗḗṽīīƈḗḗ řŭŭƞƞīīƞɠ ",{"t":"idOrVar","v":"brandShortName"}," ḿȧȧẏ ȧȧŀşǿǿ ƈǿǿƞŧȧȧīīƞ ƥřǿǿƥřīīḗḗŧȧȧřẏ şǿǿƒŧẇȧȧřḗḗ ƒřǿǿḿ ŧħīīřḓ ƥȧȧřŧīīḗḗş. Ȧȧƞẏ ƈǿǿḓḗḗ ƥřǿǿṽīīḓḗḗḓ ŭŭƞḓḗḗř ǿǿƥḗḗƞ ŀīīƈḗḗƞşḗḗş ɠīīṽḗḗ ẏǿǿŭŭ ŧħḗḗ řīīɠħŧ ŧǿǿ ḿǿǿḓīīƒẏ ŧħḗḗ şǿǿŭŭřƈḗḗ ƈǿǿḓḗḗ ȧȧƞḓ ḓīīşŧřīīƀŭŭŧḗḗ ẏǿǿŭŭř ḿǿǿḓīīƒīīḗḗḓ ṽḗḗřşīīǿǿƞş ȧȧş ŀǿǿƞɠ ȧȧş ẏǿǿŭŭ ƈǿǿḿƥŀẏ ẇīīŧħ ŧħḗḗīīř ŧḗḗřḿş."]},{"$i":"about-your-rights-2","$v":["Ẏǿǿŭŭ ȧȧřḗḗ ƞǿǿŧ ɠřȧȧƞŧḗḗḓ ȧȧƞẏ ŧřȧȧḓḗḗḿȧȧřķ řīīɠħŧş ǿǿř ŀīīƈḗḗƞşḗḗş ŧǿǿ ŧħḗḗ ŧřȧȧḓḗḗḿȧȧřķş ǿǿƒ ŧħḗḗ Ḿǿǿẑīīŀŀȧȧ Ƒǿǿŭŭƞḓȧȧŧīīǿǿƞ ǿǿř ȧȧƞẏ ƥȧȧřŧẏ, īīƞƈŀŭŭḓīīƞɠ ẇīīŧħǿǿŭŭŧ ŀīīḿīīŧȧȧŧīīǿǿƞ ŧħḗḗ ",{"t":"idOrVar","v":"brandShortName"}," ƞȧȧḿḗḗ ǿǿř ŀǿǿɠǿǿ."]},{"$i":"about-your-rights-3","$v":["Şǿǿḿḗḗ ƒḗḗȧȧŧŭŭřḗḗş īīƞ ",{"t":"idOrVar","v":"brandShortName"},", şŭŭƈħ ȧȧş ŧħḗḗ Ƈřȧȧşħ Řḗḗƥǿǿřŧḗḗř, ɠīīṽḗḗ ẏǿǿŭŭ ŧħḗḗ ǿǿƥŧīīǿǿƞ ŧǿǿ ƥřǿǿṽīīḓḗḗ ƒḗḗḗḗḓƀȧȧƈķ ŧǿǿ Ḿǿǿẑīīŀŀȧȧ. Ɓẏ ƈħǿǿǿǿşīīƞɠ ŧǿǿ şŭŭƀḿīīŧ ƒḗḗḗḗḓƀȧȧƈķ, ẏǿǿŭŭ ɠīīṽḗḗ Ḿǿǿẑīīŀŀȧȧ ƥḗḗřḿīīşşīīǿǿƞ ŧǿǿ ŭŭşḗḗ ŧħḗḗ ƒḗḗḗḗḓƀȧȧƈķ ŧǿǿ īīḿƥřǿǿṽḗḗ īīŧş ƥřǿǿḓŭŭƈŧş, ŧǿǿ ƥŭŭƀŀīīşħ ŧħḗḗ ƒḗḗḗḗḓƀȧȧƈķ ǿǿƞ īīŧş ẇḗḗƀşīīŧḗḗş, ȧȧƞḓ ŧǿǿ ḓīīşŧřīīƀŭŭŧḗḗ ŧħḗḗ ƒḗḗḗḗḓƀȧȧƈķ."]},{"$i":"about-other","$v":"Ǿǿŧħḗḗř"},{"$i":"SIM_mandatory","$v":"ŞĪīḾ Ƈȧȧřḓ Ẇȧȧřƞīīƞɠ"},{"$i":"SIM_mandatory_warm","$v":"Ƥŀḗḗȧȧşḗḗ, īīƞşḗḗřŧ ȧȧ ŞĪīḾ ƈȧȧřḓ ȧȧƞḓ řḗḗƀǿǿǿǿŧ ẏǿǿŭŭř ƥħǿǿƞḗḗ."},{"$i":"telemetry-sends2","$v":["Ŧḗḗŀḗḗḿḗḗŧřẏ şḗḗƞḓş Ḿǿǿẑīīŀŀȧȧ ḓȧȧŧȧȧ ȧȧƀǿǿŭŭŧ ƥḗḗřƒǿǿřḿȧȧƞƈḗḗ, ħȧȧřḓẇȧȧřḗḗ, ƈǿǿƞƒīīɠŭŭřȧȧŧīīǿǿƞş, ƈŭŭşŧǿǿḿīīẑȧȧŧīīǿǿƞş ȧȧƞḓ ȧȧƥƥ ŭŭşȧȧɠḗḗ īīƞ ẏǿǿŭŭř ",{"t":"idOrVar","v":"brandShortName"}," ḓḗḗṽīīƈḗḗ. Ẇḗḗ ŭŭşḗḗ ŧħīīş ŧǿǿ ḿȧȧķḗḗ ǿǿŭŭř ƥřǿǿḓŭŭƈŧş ƀḗḗŧŧḗḗř, ƒȧȧşŧḗḗř ȧȧƞḓ ḿǿǿřḗḗ řḗḗşƥǿǿƞşīīṽḗḗ."]},{"$i":"learn-more-telemetry2","$v":["Ŀḗḗȧȧřƞ ḿǿǿřḗḗ ȧȧŧ <a>",{"t":"idOrVar","v":"url"},"</a>"]},{"$i":"learn-more-information2","$v":["Ŀḗḗȧȧřƞ ħǿǿẇ Ḿǿǿẑīīŀŀȧȧ ħȧȧƞḓŀḗḗş ẏǿǿŭŭř īīƞƒǿǿřḿȧȧŧīīǿǿƞ ȧȧŧ <a>",{"t":"idOrVar","v":"url"},"</a>"]},{"$i":"htmlWelcome2","$v":["Ẇḗḗŀƈǿǿḿḗḗ ŧǿǿ <a>",{"t":"idOrVar","v":"brandShortName"},"</a>, ŧħḗḗ ƒřḗḗḗḗ ȧȧƞḓ ǿǿƥḗḗƞ şǿǿŭŭřƈḗḗ ǿǿƥḗḗřȧȧŧīīƞɠ şẏşŧḗḗḿ ƒřǿǿḿ Ḿǿǿẑīīŀŀȧȧ. Ǿǿŭŭř ḿīīşşīīǿǿƞ īīş ŧǿǿ ƥřǿǿḿǿǿŧḗḗ ǿǿƥḗḗƞƞḗḗşş, īīƞƞǿǿṽȧȧŧīīǿǿƞ ȧȧƞḓ ǿǿƥƥǿǿřŧŭŭƞīīŧẏ ƀẏ ķḗḗḗḗƥīīƞɠ ŧħḗḗ ƥǿǿẇḗḗř ǿǿƒ ŧħḗḗ Ẇḗḗƀ īīƞ ẏǿǿŭŭř ħȧȧƞḓş."]},{"$i":"helpImprove2","$v":"Ẏǿǿŭŭ ƈȧȧƞ ħḗḗŀƥ ŭŭş īīḿƥřǿǿṽḗḗ ǿǿŭŭř ƥřǿǿḓŭŭƈŧş ȧȧƞḓ şḗḗřṽīīƈḗḗş ƀẏ ȧȧŭŭŧǿǿḿȧȧŧīīƈȧȧŀŀẏ şḗḗƞḓīīƞɠ ȧȧƞȧȧŀẏŧīīƈş ḓȧȧŧȧȧ. Şḗḗḗḗ ǿǿŭŭř <a>Ƥřīīṽȧȧƈẏ Ƞǿǿŧīīƈḗḗ</a> ŧǿǿ ŀḗḗȧȧřƞ ħǿǿẇ ẇḗḗ ħȧȧƞḓŀḗḗ ḓȧȧŧȧȧ ƒřǿǿḿ ẏǿǿŭŭř ḓḗḗṽīīƈḗḗ."},{"$i":"learn-more-privacy2","$v":"Ŀḗḗȧȧřƞ ħǿǿẇ Ḿǿǿẑīīŀŀȧȧ ħȧȧƞḓŀḗḗş ẏǿǿŭŭř īīƞƒǿǿřḿȧȧŧīīǿǿƞ īīƞ ǿǿŭŭř <a>ƥřīīṽȧȧƈẏ ƥǿǿŀīīƈẏ</a>."},{"$i":"aboutBrowser","$v":["Ȧȧƀǿǿŭŭŧ ",{"t":"idOrVar","v":"brandShortName"}]},{"$i":"aboutYourPrivacy2","$v":"Ẏǿǿŭŭř Ƥřīīṽȧȧƈẏ"},{"$i":"mozillaCommunity2","$v":["Ẇħḗḗƞ ẏǿǿŭŭ ŭŭşḗḗ ",{"t":"idOrVar","v":"brandShortName"},", ẏǿǿŭŭ ƀḗḗƈǿǿḿḗḗ ƥȧȧřŧ ǿǿƒ ȧȧ ɠŀǿǿƀȧȧŀ ƈǿǿḿḿŭŭƞīīŧẏ ħḗḗŀƥīīƞɠ ŧǿǿ ƀŭŭīīŀḓ ȧȧ ƀřīīɠħŧḗḗř ƒŭŭŧŭŭřḗḗ ƒǿǿř ŧħḗḗ Ẇḗḗƀ. Īīƒ ẏǿǿŭŭ’ḓ ŀīīķḗḗ ŧǿǿ ķƞǿǿẇ ḿǿǿřḗḗ ȧȧƀǿǿŭŭŧ ŧħḗḗ Ḿǿǿẑīīŀŀȧȧ ƈǿǿḿḿŭŭƞīīŧẏ, ǿǿŭŭř ǿǿŧħḗḗř ƥřǿǿḓŭŭƈŧş ȧȧƞḓ ḗḗṽḗḗƞŧş ƞḗḗȧȧř ẏǿǿŭŭ, ƥŀḗḗȧȧşḗḗ ḗḗƞŧḗḗř ẏǿǿŭŭř ḗḗḿȧȧīīŀ ȧȧḓḓřḗḗşş ƀḗḗŀǿǿẇ."]},{"$i":"sharePerformanceAndUsageData2","$v":"Ẏḗḗş! Şḗḗƞḓ ḓȧȧŧȧȧ."},{"$i":"emailAddress","placeholder":"Ḗḗḿȧȧīīŀ ȧȧḓḓřḗḗşş"},{"$i":"email-successfully-added","$v":"Ḗḗḿȧȧīīŀ şŭŭƈƈḗḗşşƒŭŭŀŀẏ ȧȧḓḓḗḗḓ"},{"$i":"email-loading","$v":"Şȧȧṽīīƞɠ ẏǿǿŭŭř ḗḗḿȧȧīīŀ…"},{"$i":"privacy-b2g","$v":[{"t":"idOrVar","v":"brandShortName"}],"title":{"$v":[{"t":"idOrVar","v":"brandShortName"}]}},{"$i":"privacy-marketplace","$v":"Ḿȧȧřķḗḗŧƥŀȧȧƈḗḗ","title":{"$v":[{"t":"idOrVar","v":"privacy-marketplace"}]}},{"$i":"privacy-eme","$v":"ḖḗṽḗḗřẏŧħīīƞɠḾḗḗ"},{"$i":"privacy-e-me","title":{"$v":[{"t":"idOrVar","v":"privacy-e-me"}]}},{"$i":"navbar-back","$v":"Ɓȧȧƈķ"},{"$i":"navbar-next","$v":"Ƞḗḗẋŧ"},{"$i":"navbar-join","$v":"Ĵǿǿīīƞ"},{"$i":"done","$v":"Ḓǿǿƞḗḗ"},{"$i":"thatsIt","$v":"Ŧħȧȧŧ’ş īīŧ!"},{"$i":"startYourPhone","$v":"Şŧȧȧřŧ ẏǿǿŭŭř ƥħǿǿƞḗḗ ŧǿǿŭŭř!"},{"$i":"startYourTablet","$v":"Şŧȧȧřŧ ẏǿǿŭŭř ŧȧȧƀŀḗḗŧ ŧǿǿŭŭř!"},{"$i":"joinTutorial","$v":"Ĵǿǿīīƞ ŭŭş ƒǿǿř ȧȧ ɋŭŭīīƈķ ŧŭŭŧǿǿřīīȧȧŀ ȧȧƀǿǿŭŭŧ ẏǿǿŭŭř ƞḗḗẇ ƥħǿǿƞḗḗ."},{"$i":"joinTutorialUpdated","$v":"Ĵǿǿīīƞ ŭŭş ƒǿǿř ȧȧ ɋŭŭīīƈķ ŧŭŭŧǿǿřīīȧȧŀ ȧȧƀǿǿŭŭŧ ŧħḗḗ ŭŭƥḓȧȧŧḗḗş ŧǿǿ ẏǿǿŭŭř ƥħǿǿƞḗḗ!"},{"$i":"enjoyYourPhone","$v":"Ẏǿǿŭŭ’řḗḗ řḗḗȧȧḓẏ ŧǿǿ ḗḗƞĵǿǿẏ ẏǿǿŭŭř ƞḗḗẇ ƥħǿǿƞḗḗ."},{"$i":"enjoyYourPhoneUpdated","$v":"Ẏǿǿŭŭ’řḗḗ řḗḗȧȧḓẏ ŧǿǿ ḗḗƞĵǿǿẏ ẏǿǿŭŭř ŭŭƥḓȧȧŧḗḗḓ ƥħǿǿƞḗḗ."},{"$i":"optionsAvailable","$v":"Ẏǿǿŭŭ ƈȧȧƞ ƈħȧȧƞɠḗḗ ŧħḗḗ ŀȧȧƞɠŭŭȧȧɠḗḗ, ḓȧȧŧḗḗ/ŧīīḿḗḗ ȧȧƞḓ Ẇīī-Ƒīī ƈǿǿƞƞḗḗƈŧīīǿǿƞ īīƞ şḗḗŧŧīīƞɠş."},{"$i":"letsGo","$v":"Ŀḗḗŧ’ş ɠǿǿ"},{"$i":"startTour","$v":"Şŧȧȧřŧ ŧǿǿŭŭř"},{"$i":"thatsIt1Tablet-2","$v":"Ẏǿǿŭŭ ƈȧȧƞ ȧȧŀẇȧȧẏş şẇīīƥḗḗ ƒřǿǿḿ ŧħḗḗ ƀǿǿŧŧǿǿḿ ḗḗḓɠḗḗ ŧǿǿ ḗḗƞŧḗḗř ħǿǿḿḗḗ şƈřḗḗḗḗƞ."},{"$i":"thatsIt2Tablet-2","$v":"Ŀḗḗŧ’ş ḓǿǿ īīŧ!"},{"$i":"tutorial","$v":"Ŧŭŭŧǿǿřīīȧȧŀ"},{"$i":"tutorial-step1-large-3","$v":"Şẇīīƥḗḗ ḓǿǿẇƞ ŧǿǿ ȧȧƈƈḗḗşş řḗḗƈḗḗƞŧ ƞǿǿŧīīƒīīƈȧȧŧīīǿǿƞş, ŭŭşȧȧɠḗḗ īīƞƒǿǿřḿȧȧŧīīǿǿƞ ȧȧƞḓ şḗḗŧŧīīƞɠş."},{"$i":"tutorial-step2-large-2","$v":"Şẇīīƥḗḗ ŀḗḗƒŧ ǿǿř řīīɠħŧ ŧǿǿ ḓīīşƈǿǿṽḗḗř ƞḗḗẇ ȧȧƥƥş ǿǿƞ ħǿǿḿḗḗ şƈřḗḗḗḗƞ."},{"$i":"tutorial-step3-large-2","$v":"Ŧȧȧƥ ȧȧƞḓ ħǿǿŀḓ ǿǿƞ ȧȧƞ īīƈǿǿƞ ŧǿǿ ḓḗḗŀḗḗŧḗḗ ǿǿř ḿǿǿṽḗḗ īīŧ."},{"$i":"tutorial-step4-large-2","$v":"Ŧẇǿǿ ƒīīƞɠḗḗřş şẇīīƥḗḗ ŭŭƥ ƒřǿǿḿ ŧħḗḗ ƀǿǿŧŧǿǿḿ ḗḗḓɠḗḗ ŧǿǿ ŧřīīɠɠḗḗř ƈȧȧřḓ ṽīīḗḗẇ."},{"$i":"tutorial-vertical-scroll-v2-tiny","$v":"Şẇīīƥḗḗ ŭŭƥ ȧȧƞḓ ḓǿǿẇƞ ŧǿǿ ƀřǿǿẇşḗḗ ẏǿǿŭŭř ȧȧƥƥş ȧȧƞḓ ƀǿǿǿǿķḿȧȧřķş. Ŧȧȧƥ ȧȧƞḓ ħǿǿŀḓ ȧȧƞ īīƈǿǿƞ ŧǿǿ ḓḗḗŀḗḗŧḗḗ, ḿǿǿṽḗḗ, ǿǿř ḗḗḓīīŧ īīŧ."},{"$i":"tutorial-notifications-v2-tiny","$v":"Şẇīīƥḗḗ ḓǿǿẇƞ ŧǿǿ ȧȧƈƈḗḗşş řḗḗƈḗḗƞŧ ƞǿǿŧīīƒīīƈȧȧŧīīǿǿƞş, ŭŭşȧȧɠḗḗ īīƞƒǿǿřḿȧȧŧīīǿǿƞ ȧȧƞḓ şḗḗŧŧīīƞɠş."},{"$i":"tutorial-sheets-tiny","$v":"Ḓřȧȧɠ ƒřǿǿḿ ŧħḗḗ ŀḗḗƒŧ ḗḗḓɠḗḗ ǿǿƒ ẏǿǿŭŭř şƈřḗḗḗḗƞ ŧǿǿ řḗḗŧŭŭřƞ ŧǿǿ řḗḗƈḗḗƞŧŀẏ ŭŭşḗḗḓ ȧȧƥƥş."},{"$i":"tutorial-rocketbar-tiny","$v":"Ŧȧȧƥ ǿǿƞ ŧħḗḗ şḗḗȧȧřƈħ ƀǿǿẋ ȧȧƞẏŧīīḿḗḗ ŧǿǿ şŧȧȧřŧ ȧȧ şḗḗȧȧřƈħ ǿǿř ɠǿǿ ŧǿǿ ȧȧ ẇḗḗƀşīīŧḗḗ."},{"$i":"tutorial-bookmarks-migration-tiny","$v":"Ẏǿǿŭŭř ƀǿǿǿǿķḿȧȧřķş ħȧȧṽḗḗ ƀḗḗḗḗƞ ḿǿǿṽḗḗḓ ŧǿǿ ŧħḗḗ ħǿǿḿḗḗşƈřḗḗḗḗƞ. Ẇħḗḗƞ ḗḗḓīīŧīīƞɠ, ŧȧȧƥ ȧȧ ƀǿǿǿǿķḿȧȧřķ ŧǿǿ ḗḗḓīīŧ ǿǿř řḗḗƞȧȧḿḗḗ īīŧ."},{"$i":"tutorial-app-grouping-tiny","$v":"Ŧȧȧƥ ŧǿǿ ḗḗẋƥȧȧƞḓ ȧȧƞḓ ƈǿǿŀŀȧȧƥşḗḗ ȧȧƥƥ ɠřǿǿŭŭƥş. Ḓřȧȧɠ ȧȧƞ ȧȧƥƥ īīƞŧǿǿ ȧȧ ƞḗḗẇ şƥȧȧƈḗḗ ŧǿǿ ƈřḗḗȧȧŧḗḗ ȧȧ ɠřǿǿŭŭƥ."},{"$i":"offline-dialog-title","$v":"Ẏǿǿŭŭ ḿŭŭşŧ ƀḗḗ ƈǿǿƞƞḗḗƈŧḗḗḓ ŧǿǿ ŧħḗḗ Īīƞŧḗḗřƞḗḗŧ ŧǿǿ ṽīīḗḗẇ ŧħḗḗ ƥȧȧɠḗḗ."},{"$i":"offline-dialog-text","$v":["Ƥŀḗḗȧȧşḗḗ ɠǿǿ ƀȧȧƈķ ȧȧƞḓ ƈǿǿƞƞḗḗƈŧ ŧǿǿ ŧħḗḗ Īīƞŧḗḗřƞḗḗŧ. Ẏǿǿŭŭ ƈȧȧƞ ȧȧŀşǿǿ ṽīīḗḗẇ ŧħḗḗ ƥȧȧɠḗḗ ŀȧȧŧḗḗř ƒřǿǿḿ Şḗḗŧŧīīƞɠş ǿǿř ƀẏ ḗḗƞŧḗḗřīīƞɠ ",{"t":"idOrVar","v":"url"}," īīƞ ȧȧƞẏ ƀřǿǿẇşḗḗř."]},{"$i":"OK","$v":"ǾǿĶ"},{"$i":"offline-newsletter-dialog-title","$v":"Ẏǿǿŭŭ ḿŭŭşŧ ƀḗḗ ƈǿǿƞƞḗḗƈŧḗḗḓ ŧǿǿ ŧħḗḗ Īīƞŧḗḗřƞḗḗŧ ŧǿǿ şŭŭƀşƈřīīƀḗḗ ŧǿǿ ŧħḗḗ ƞḗḗẇşŀḗḗŧŧḗḗř."},{"$i":"offline-newsletter-dialog-text","$v":"Ƥŀḗḗȧȧşḗḗ ɠǿǿ ƀȧȧƈķ ȧȧƞḓ ƈǿǿƞƞḗḗƈŧ ŧǿǿ ŧħḗḗ Īīƞŧḗḗřƞḗḗŧ."},{"$i":"invalid-email-dialog-title","$v":"Ẏǿǿŭŭř ḗḗḿȧȧīīŀ īīş ƞǿǿŧ ṽȧȧŀīīḓ"},{"$i":"invalid-email-dialog-text","$v":"Ƥŀḗḗȧȧşḗḗ ɠǿǿ ƀȧȧƈķ ȧȧƞḓ ƈǿǿřřḗḗƈŧ ẏǿǿŭŭř ḗḗƞŧřẏ."},{"$i":"retry","$v":"Řḗḗŧřẏ"},{"$i":"cancel","$v":"Ƈȧȧƞƈḗḗŀ"},{"$i":"progressbar","$v":["Şŧḗḗƥ ",{"t":"idOrVar","v":"step"}," ǿǿƒ ",{"t":"idOrVar","v":"total"}],"ariaLabel":"Ƒīīřşŧ Ŧīīḿḗḗ Ḗḗẋƥḗḗřīīḗḗƞƈḗḗ"},{"$i":"weekday-0-long","$v":"Şŭŭƞḓȧȧẏ"},{"$i":"weekday-1-long","$v":"Ḿǿǿƞḓȧȧẏ"},{"$i":"weekday-2-long","$v":"Ŧŭŭḗḗşḓȧȧẏ"},{"$i":"weekday-3-long","$v":"Ẇḗḗḓƞḗḗşḓȧȧẏ"},{"$i":"weekday-4-long","$v":"Ŧħŭŭřşḓȧȧẏ"},{"$i":"weekday-5-long","$v":"Ƒřīīḓȧȧẏ"},{"$i":"weekday-6-long","$v":"Şȧȧŧŭŭřḓȧȧẏ"},{"$i":"weekday-0-short","$v":"Şŭŭƞ"},{"$i":"weekday-1-short","$v":"Ḿǿǿƞ"},{"$i":"weekday-2-short","$v":"Ŧŭŭḗḗ"},{"$i":"weekday-3-short","$v":"Ẇḗḗḓ"},{"$i":"weekday-4-short","$v":"Ŧħŭŭ"},{"$i":"weekday-5-short","$v":"Ƒřīī"},{"$i":"weekday-6-short","$v":"Şȧȧŧ"},{"$i":"month-0-long","$v":"Ĵȧȧƞŭŭȧȧřẏ"},{"$i":"month-1-long","$v":"Ƒḗḗƀřŭŭȧȧřẏ"},{"$i":"month-2-long","$v":"Ḿȧȧřƈħ"},{"$i":"month-3-long","$v":"Ȧȧƥřīīŀ"},{"$i":"month-4-long","$v":"Ḿȧȧẏ"},{"$i":"month-5-long","$v":"Ĵŭŭƞḗḗ"},{"$i":"month-6-long","$v":"Ĵŭŭŀẏ"},{"$i":"month-7-long","$v":"Ȧȧŭŭɠŭŭşŧ"},{"$i":"month-8-long","$v":"Şḗḗƥŧḗḗḿƀḗḗř"},{"$i":"month-9-long","$v":"Ǿǿƈŧǿǿƀḗḗř"},{"$i":"month-10-long","$v":"Ƞǿǿṽḗḗḿƀḗḗř"},{"$i":"month-11-long","$v":"Ḓḗḗƈḗḗḿƀḗḗř"},{"$i":"month-0-genitive","$v":"Ĵȧȧƞŭŭȧȧřẏ"},{"$i":"month-1-genitive","$v":"Ƒḗḗƀřŭŭȧȧřẏ"},{"$i":"month-2-genitive","$v":"Ḿȧȧřƈħ"},{"$i":"month-3-genitive","$v":"Ȧȧƥřīīŀ"},{"$i":"month-4-genitive","$v":"Ḿȧȧẏ"},{"$i":"month-5-genitive","$v":"Ĵŭŭƞḗḗ"},{"$i":"month-6-genitive","$v":"Ĵŭŭŀẏ"},{"$i":"month-7-genitive","$v":"Ȧȧŭŭɠŭŭşŧ"},{"$i":"month-8-genitive","$v":"Şḗḗƥŧḗḗḿƀḗḗř"},{"$i":"month-9-genitive","$v":"Ǿǿƈŧǿǿƀḗḗř"},{"$i":"month-10-genitive","$v":"Ƞǿǿṽḗḗḿƀḗḗř"},{"$i":"month-11-genitive","$v":"Ḓḗḗƈḗḗḿƀḗḗř"},{"$i":"month-0-short","$v":"Ĵȧȧƞ"},{"$i":"month-1-short","$v":"Ƒḗḗƀ"},{"$i":"month-2-short","$v":"Ḿȧȧř"},{"$i":"month-3-short","$v":"Ȧȧƥř"},{"$i":"month-4-short","$v":"Ḿȧȧẏ"},{"$i":"month-5-short","$v":"Ĵŭŭƞ"},{"$i":"month-6-short","$v":"Ĵŭŭŀ"},{"$i":"month-7-short","$v":"Ȧȧŭŭɠ"},{"$i":"month-8-short","$v":"Şḗḗƥ"},{"$i":"month-9-short","$v":"Ǿǿƈŧ"},{"$i":"month-10-short","$v":"Ƞǿǿṽ"},{"$i":"month-11-short","$v":"Ḓḗḗƈ"},{"$i":"minutes-ago-long","$v":{"zero":"ĵŭŭşŧ ƞǿǿẇ","one":"ȧȧ ḿīīƞŭŭŧḗḗ ȧȧɠǿǿ","two":[{"t":"idOrVar","v":"value"}," ḿīīƞŭŭŧḗḗş ȧȧɠǿǿ"],"few":[{"t":"idOrVar","v":"value"}," ḿīīƞŭŭŧḗḗş ȧȧɠǿǿ"],"many":[{"t":"idOrVar","v":"value"}," ḿīīƞŭŭŧḗḗş ȧȧɠǿǿ"],"other":[{"t":"idOrVar","v":"value"}," ḿīīƞŭŭŧḗḗş ȧȧɠǿǿ"]},"$x":[{"t":"idOrVar","v":"plural"},"value"]},{"$i":"hours-ago-long","$v":{"zero":"ĵŭŭşŧ ƞǿǿẇ","one":"ȧȧƞ ħǿǿŭŭř ȧȧɠǿǿ","two":[{"t":"idOrVar","v":"value"}," ħǿǿŭŭřş ȧȧɠǿǿ"],"few":[{"t":"idOrVar","v":"value"}," ħǿǿŭŭřş ȧȧɠǿǿ"],"many":[{"t":"idOrVar","v":"value"}," ħǿǿŭŭřş ȧȧɠǿǿ"],"other":[{"t":"idOrVar","v":"value"}," ħǿǿŭŭřş ȧȧɠǿǿ"]},"$x":[{"t":"idOrVar","v":"plural"},"value"]},{"$i":"days-ago-long","$v":{"zero":"ŧǿǿḓȧȧẏ","one":"ẏḗḗşŧḗḗřḓȧȧẏ","two":[{"t":"idOrVar","v":"value"}," ḓȧȧẏş ȧȧɠǿǿ"],"few":[{"t":"idOrVar","v":"value"}," ḓȧȧẏş ȧȧɠǿǿ"],"many":[{"t":"idOrVar","v":"value"}," ḓȧȧẏş ȧȧɠǿǿ"],"other":[{"t":"idOrVar","v":"value"}," ḓȧȧẏş ȧȧɠǿǿ"]},"$x":[{"t":"idOrVar","v":"plural"},"value"]},{"$i":"weeks-ago-long","$v":{"zero":"ŧħīīş ẇḗḗḗḗķ","one":"ŀȧȧşŧ ẇḗḗḗḗķ","two":[{"t":"idOrVar","v":"value"}," ẇḗḗḗḗķş ȧȧɠǿǿ"],"few":[{"t":"idOrVar","v":"value"}," ẇḗḗḗḗķş ȧȧɠǿǿ"],"many":[{"t":"idOrVar","v":"value"}," ẇḗḗḗḗķş ȧȧɠǿǿ"],"other":[{"t":"idOrVar","v":"value"}," ẇḗḗḗḗķş ȧȧɠǿǿ"]},"$x":[{"t":"idOrVar","v":"plural"},"value"]},{"$i":"months-ago-long","$v":{"zero":"ŧħīīş ḿǿǿƞŧħ","one":"ŀȧȧşŧ ḿǿǿƞŧħ","two":[{"t":"idOrVar","v":"value"}," ḿǿǿƞŧħş ȧȧɠǿǿ"],"few":[{"t":"idOrVar","v":"value"}," ḿǿǿƞŧħş ȧȧɠǿǿ"],"many":[{"t":"idOrVar","v":"value"}," ḿǿǿƞŧħş ȧȧɠǿǿ"],"other":[{"t":"idOrVar","v":"value"}," ḿǿǿƞŧħş ȧȧɠǿǿ"]},"$x":[{"t":"idOrVar","v":"plural"},"value"]},{"$i":"years-ago-long","$v":{"zero":"ŧħīīş ẏḗḗȧȧř","one":"ŀȧȧşŧ ẏḗḗȧȧř","two":[{"t":"idOrVar","v":"value"}," ẏḗḗȧȧřş ȧȧɠǿǿ"],"few":[{"t":"idOrVar","v":"value"}," ẏḗḗȧȧřş ȧȧɠǿǿ"],"many":[{"t":"idOrVar","v":"value"}," ẏḗḗȧȧřş ȧȧɠǿǿ"],"other":[{"t":"idOrVar","v":"value"}," ẏḗḗȧȧřş ȧȧɠǿǿ"]},"$x":[{"t":"idOrVar","v":"plural"},"value"]},{"$i":"minutes-until-long","$v":{"zero":"ƞǿǿẇ","one":"īīƞ ȧȧ ḿīīƞŭŭŧḗḗ","two":["īīƞ ",{"t":"idOrVar","v":"value"}," ḿīīƞŭŭŧḗḗş"],"few":["īīƞ ",{"t":"idOrVar","v":"value"}," ḿīīƞŭŭŧḗḗş"],"many":["īīƞ ",{"t":"idOrVar","v":"value"}," ḿīīƞŭŭŧḗḗş"],"other":["īīƞ ",{"t":"idOrVar","v":"value"}," ḿīīƞŭŭŧḗḗş"]},"$x":[{"t":"idOrVar","v":"plural"},"value"]},{"$i":"hours-until-long","$v":{"zero":"ƞǿǿẇ","one":"īīƞ ȧȧƞ ħǿǿŭŭř","two":["īīƞ ",{"t":"idOrVar","v":"value"}," ħǿǿŭŭřş"],"few":["īīƞ ",{"t":"idOrVar","v":"value"}," ħǿǿŭŭřş"],"many":["īīƞ ",{"t":"idOrVar","v":"value"}," ħǿǿŭŭřş"],"other":["īīƞ ",{"t":"idOrVar","v":"value"}," ħǿǿŭŭřş"]},"$x":[{"t":"idOrVar","v":"plural"},"value"]},{"$i":"days-until-long","$v":{"zero":"ŧǿǿḓȧȧẏ","one":"ŧǿǿḿǿǿřřǿǿẇ","two":["īīƞ ",{"t":"idOrVar","v":"value"}," ḓȧȧẏş"],"few":["īīƞ ",{"t":"idOrVar","v":"value"}," ḓȧȧẏş"],"many":["īīƞ ",{"t":"idOrVar","v":"value"}," ḓȧȧẏş"],"other":["īīƞ ",{"t":"idOrVar","v":"value"}," ḓȧȧẏş"]},"$x":[{"t":"idOrVar","v":"plural"},"value"]},{"$i":"weeks-until-long","$v":{"zero":"ŧħīīş ẇḗḗḗḗķ","one":"ƞḗḗẋŧ ẇḗḗḗḗķ","two":["īīƞ ",{"t":"idOrVar","v":"value"}," ẇḗḗḗḗķş"],"few":["īīƞ ",{"t":"idOrVar","v":"value"}," ẇḗḗḗḗķş"],"many":["īīƞ ",{"t":"idOrVar","v":"value"}," ẇḗḗḗḗķş"],"other":["īīƞ ",{"t":"idOrVar","v":"value"}," ẇḗḗḗḗķş"]},"$x":[{"t":"idOrVar","v":"plural"},"value"]},{"$i":"months-until-long","$v":{"zero":"ŧħīīş ḿǿǿƞŧħ","one":"ƞḗḗẋŧ ḿǿǿƞŧħ","two":["īīƞ ",{"t":"idOrVar","v":"value"}," ḿǿǿƞŧħş"],"few":["īīƞ ",{"t":"idOrVar","v":"value"}," ḿǿǿƞŧħş"],"many":["īīƞ ",{"t":"idOrVar","v":"value"}," ḿǿǿƞŧħş"],"other":["īīƞ ",{"t":"idOrVar","v":"value"}," ḿǿǿƞŧħş"]},"$x":[{"t":"idOrVar","v":"plural"},"value"]},{"$i":"years-until-long","$v":{"zero":"ŧħīīş ẏḗḗȧȧř","one":"ƞḗḗẋŧ ẏḗḗȧȧř","two":["īīƞ ",{"t":"idOrVar","v":"value"}," ẏḗḗȧȧřş"],"few":["īīƞ ",{"t":"idOrVar","v":"value"}," ẏḗḗȧȧřş"],"many":["īīƞ ",{"t":"idOrVar","v":"value"}," ẏḗḗȧȧřş"],"other":["īīƞ ",{"t":"idOrVar","v":"value"}," ẏḗḗȧȧřş"]},"$x":[{"t":"idOrVar","v":"plural"},"value"]},{"$i":"minutes-ago-short","$v":{"zero":"ĵŭŭşŧ ƞǿǿẇ","other":[{"t":"idOrVar","v":"value"},"ḿ ȧȧɠǿǿ"]},"$x":[{"t":"idOrVar","v":"plural"},"value"]},{"$i":"hours-ago-short","$v":{"zero":"ĵŭŭşŧ ƞǿǿẇ","other":[{"t":"idOrVar","v":"value"},"ħ ȧȧɠǿǿ"]},"$x":[{"t":"idOrVar","v":"plural"},"value"]},{"$i":"days-ago-short","$v":{"zero":"ŧǿǿḓȧȧẏ","other":[{"t":"idOrVar","v":"value"},"ḓ ȧȧɠǿǿ"]},"$x":[{"t":"idOrVar","v":"plural"},"value"]},{"$i":"minutes-until-short","$v":{"zero":"ƞǿǿẇ","other":["īīƞ ",{"t":"idOrVar","v":"value"},"ḿ"]},"$x":[{"t":"idOrVar","v":"plural"},"value"]},{"$i":"hours-until-short","$v":{"zero":"ƞǿǿẇ","other":["īīƞ ",{"t":"idOrVar","v":"value"},"ħ"]},"$x":[{"t":"idOrVar","v":"plural"},"value"]},{"$i":"days-until-short","$v":{"zero":"ŧǿǿḓȧȧẏ","other":["īīƞ ",{"t":"idOrVar","v":"value"},"ḓ"]},"$x":[{"t":"idOrVar","v":"plural"},"value"]},{"$i":"incorrectDate","$v":"(īīƞƈǿǿřřḗḗƈŧ ḓȧȧŧḗḗ)"},{"$i":"dateTimeFormat_%c","$v":"%a %b %e %Y %I:%M:%S %p"},{"$i":"dateTimeFormat_%x","$v":"%m/%d/%Y"},{"$i":"dateTimeFormat_%X","$v":"%I:%M:%S %p"},{"$i":"shortTimeFormat","$v":"%I:%M %p"},{"$i":"shortTimeFormat12","$v":"%I:%M %p"},{"$i":"shortTimeFormat24","$v":"%H:%M"},{"$i":"shortDateTimeFormat","$v":"%x %I:%M %p"},{"$i":"weekStartsOnMonday","$v":"0"},{"$i":"firstDayOfTheWeek","$v":"0"},{"$i":"time_am","$v":"ȦȧḾ"},{"$i":"time_pm","$v":"ƤḾ"},{"$i":"tz-region","$v":"Řḗḗɠīīǿǿƞ"},{"$i":"tz-city","$v":"Ƈīīŧẏ"},{"$i":"tzRegion-Africa","$v":"Ȧȧƒřīīƈȧȧ"},{"$i":"tzRegion-America","$v":"Ȧȧḿḗḗřīīƈȧȧ"},{"$i":"tzRegion-Antarctica","$v":"Ȧȧƞŧȧȧřƈŧīīƈȧȧ"},{"$i":"tzRegion-Asia","$v":"Ȧȧşīīȧȧ"},{"$i":"tzRegion-Atlantic","$v":"Ȧȧŧŀȧȧƞŧīīƈ Ǿǿƈḗḗȧȧƞ"},{"$i":"tzRegion-Australia","$v":"Ȧȧŭŭşŧřȧȧŀīīȧȧ"},{"$i":"tzRegion-Europe","$v":"Ḗḗŭŭřǿǿƥḗḗ"},{"$i":"tzRegion-Indian","$v":"Īīƞḓīīȧȧƞ Ǿǿƈḗḗȧȧƞ"},{"$i":"tzRegion-Pacific","$v":"Ƥȧȧƈīīƒīīƈ Ǿǿƈḗḗȧȧƞ"}]