[{"$i":"brandShortName","$v":"‮Ԑ‬2‮פ‬ ‮OS‬"},{"$i":"browserBrandShortName","$v":"‮Ｍǝq‬ ‮Ԑɹoʍsǝɹ‬"},{"$i":"browserBrandFullName","$v":"‮Wozıʅʅɐ‬ ‮Ｍǝq‬ ‮Ԑɹoʍsǝɹ‬"},{"$i":"ringtoneBrandName","$v":"‮pǝɟɐnʅʇ‬"},{"$i":"ringtoneSectionBrandName","$v":"‮Sʎsʇǝɯ‬"},{"$i":"back","$v":"‮Ԑɐɔʞ‬"},{"$i":"noSimMsg","$v":"‮⊥o‬ ‮ıɯdoɹʇ‬ ‮ɔouʇɐɔʇs‬ ‮ıusǝɹʇ‬ ‮oɹ‬ ‮nuʅoɔʞ‬ ‮ʎonɹ‬ ‮SIW‬ ‮ɔɐɹp‬"},{"$i":"noMemoryCardMsg","$v":"‮⊥o‬ ‮ıɯdoɹʇ‬ ‮ɔouʇɐɔʇs‬ ‮ıusǝɹʇ‬ ‮ɐ‬ ‮ɯǝɯoɹʎ‬ ‮ɔɐɹp‬"},{"$i":"importMemoryCard","$v":"‮Wǝɯoɹʎ‬ ‮ɔɐɹp‬"},{"$i":"emptyAccount","$v":"‮No‬ ‮ɟɹıǝups‬ ‮oɹ‬ ‮ɔouʇɐɔʇs‬ ‮ɟonup‬ ‮ıu‬ ‮ʇɥıs‬ ‮ɐɔɔonuʇ‬."},{"$i":"simContacts-import","$v":"‮Iɯdoɹʇ‬ ‮SIW‬ ‮ɔouʇɐɔʇs‬"},{"$i":"simContacts-importing","$v":"‮Iɯdoɹʇıuƃ‬ ‮SIW‬ ‮ɔouʇɐɔʇs‬…"},{"$i":"simContacts-reading","$v":"‮ᴚǝɐpıuƃ‬ ‮ɟɹoɯ‬ ‮SIW‬ ‮ɔɐɹp‬…"},{"$i":"simContacts-error","$v":"‮Ↄonʅp‬ ‮uoʇ‬ ‮ıɯdoɹʇ‬ ‮ɔouʇɐɔʇs‬ ‮ɟɹoɯ‬ ‮SIW‬"},{"$i":"simContacts-imported3","$v":{"zero":"‮No‬ ‮ɔouʇɐɔʇs‬ ‮pǝʇǝɔʇǝp‬ ‮ou‬ ‮SIW‬ ‮ʇo‬ ‮ıɯdoɹʇ‬","one":"‮Iɯdoɹʇǝp‬ ‮ouǝ‬ ‮ɔouʇɐɔʇ‬","two":["‮Iɯdoɹʇǝp‬ ",{"t":"idOrVar","v":"n"}," ‮ɔouʇɐɔʇs‬"],"few":["‮Iɯdoɹʇǝp‬ ",{"t":"idOrVar","v":"n"}," ‮ɔouʇɐɔʇs‬"],"many":["‮Iɯdoɹʇǝp‬ ",{"t":"idOrVar","v":"n"}," ‮ɔouʇɐɔʇs‬"],"other":["‮Iɯdoɹʇǝp‬ ",{"t":"idOrVar","v":"n"}," ‮ɔouʇɐɔʇs‬"]},"$x":[{"t":"idOrVar","v":"plural"},"n"]},{"$i":"memoryCardContacts-import","$v":"‮Iɯdoɹʇ‬ ‮ɔouʇɐɔʇs‬ ‮ɟɹoɯ‬ ‮ɯǝɯoɹʎ‬ ‮ɔɐɹp‬"},{"$i":"memoryCardContacts-importing","$v":"‮Iɯdoɹʇıuƃ‬ ‮ɔouʇɐɔʇs‬ ‮ɟɹoɯ‬ ‮ɯǝɯoɹʎ‬ ‮ɔɐɹp‬…"},{"$i":"memoryCardContacts-reading","$v":"‮ᴚǝɐpıuƃ‬ ‮ɟɹoɯ‬ ‮ɯǝɯoɹʎ‬ ‮ɔɐɹp‬…"},{"$i":"memoryCardContacts-error","$v":"‮Ↄonʅp‬ ‮uoʇ‬ ‮ıɯdoɹʇ‬ ‮ɔouʇɐɔʇs‬ ‮ɟɹoɯ‬ ‮ɯǝɯoɹʎ‬ ‮ɔɐɹp‬"},{"$i":"memoryCardContacts-imported3","$v":{"zero":"‮No‬ ‮ɔouʇɐɔʇs‬ ‮pǝʇǝɔʇǝp‬ ‮ou‬ ‮ɯǝɯoɹʎ‬ ‮ɔɐɹp‬ ‮ʇo‬ ‮ıɯdoɹʇ‬","one":"‮Iɯdoɹʇǝp‬ ‮ouǝ‬ ‮ɔouʇɐɔʇ‬","two":["‮Iɯdoɹʇǝp‬ ",{"t":"idOrVar","v":"n"}," ‮ɔouʇɐɔʇs‬"],"few":["‮Iɯdoɹʇǝp‬ ",{"t":"idOrVar","v":"n"}," ‮ɔouʇɐɔʇs‬"],"many":["‮Iɯdoɹʇǝp‬ ",{"t":"idOrVar","v":"n"}," ‮ɔouʇɐɔʇs‬"],"other":["‮Iɯdoɹʇǝp‬ ",{"t":"idOrVar","v":"n"}," ‮ɔouʇɐɔʇs‬"]},"$x":[{"t":"idOrVar","v":"plural"},"n"]},{"$i":"genericProgress","$v":[{"t":"idOrVar","v":"current"},"/",{"t":"idOrVar","v":"total"}]},{"$i":"friendsUpdated","$v":{"zero":"‮No‬ ‮ɟɹıǝups‬ ‮ndpɐʇǝp‬","one":"‮∩dpɐʇǝp‬ ‮ouǝ‬ ‮ɟɹıǝup‬","two":["‮∩dpɐʇǝp‬ ",{"t":"idOrVar","v":"numFriends"}," ‮ɟɹıǝups‬"],"few":["‮∩dpɐʇǝp‬ ",{"t":"idOrVar","v":"numFriends"}," ‮ɟɹıǝups‬"],"many":["‮∩dpɐʇǝp‬ ",{"t":"idOrVar","v":"numFriends"}," ‮ɟɹıǝups‬"],"other":["‮∩dpɐʇǝp‬ ",{"t":"idOrVar","v":"numFriends"}," ‮ɟɹıǝups‬"]},"$x":[{"t":"idOrVar","v":"plural"},"numFriends"]},{"$i":"friendsMerged","$v":{"zero":"‮No‬ ‮pndʅıɔɐʇǝp‬ ‮ɟɹıǝups‬ ‮ɯǝɹƃǝp‬","one":"‮Ouǝ‬ ‮pndʅıɔɐʇǝp‬ ‮ɟɹıǝup‬ ‮ɯǝɹƃǝp‬","two":[{"t":"idOrVar","v":"numDups"}," ‮ɟɹıǝups‬ ‮ɯǝɹƃǝp‬"],"few":[{"t":"idOrVar","v":"numDups"}," ‮ɟɹıǝups‬ ‮ɯǝɹƃǝp‬"],"many":[{"t":"idOrVar","v":"numDups"}," ‮ɟɹıǝups‬ ‮ɯǝɹƃǝp‬"],"other":[{"t":"idOrVar","v":"numDups"}," ‮ɟɹıǝups‬ ‮ɯǝɹƃǝp‬"]},"$x":[{"t":"idOrVar","v":"plural"},"numDups"]},{"$i":"contactsMerged","$v":{"zero":"‮No‬ ‮pndʅıɔɐʇǝp‬ ‮ɔouʇɐɔʇs‬ ‮ɯǝɹƃǝp‬","one":"‮Ouǝ‬ ‮pndʅıɔɐʇǝp‬ ‮ɔouʇɐɔʇ‬ ‮ɯǝɹƃǝp‬","two":[{"t":"idOrVar","v":"numDups"}," ‮ɔouʇɐɔʇs‬ ‮ɯǝɹƃǝp‬"],"few":[{"t":"idOrVar","v":"numDups"}," ‮ɔouʇɐɔʇs‬ ‮ɯǝɹƃǝp‬"],"many":[{"t":"idOrVar","v":"numDups"}," ‮ɔouʇɐɔʇs‬ ‮ɯǝɹƃǝp‬"],"other":[{"t":"idOrVar","v":"numDups"}," ‮ɔouʇɐɔʇs‬ ‮ɯǝɹƃǝp‬"]},"$x":[{"t":"idOrVar","v":"plural"},"numDups"]},{"$i":"pincode2","$v":"‮Ǝuʇǝɹ‬ ‮ԀIN‬ ‮ɔopǝ‬"},{"$i":"type_pin","$v":"‮⊥ʎdǝ‬ ‮ʎonɹ‬ ‮ԀIN‬ ‮ɔopǝ‬"},{"$i":"pincodeLabel","$v":["‮SIW‬ ",{"t":"idOrVar","v":"n"}," ‮ԀIN‬"]},{"$i":"pinValidation","$v":"‮ԀIN‬ ‮ɯnsʇ‬ ‮ɥɐʌǝ‬ ‮qǝʇʍǝǝu‬ 4 ‮ɐup‬ 8 ‮ɔɥɐɹɐɔʇǝɹs‬."},{"$i":"pinError","$v":"‮⊥ɥǝ‬ ‮ԀIN‬ ‮ʍɐs‬ ‮ıuɔoɹɹǝɔʇ‬."},{"$i":"pinAttemptMsg2","$v":{"one":"‮ʎon‬ ‮ɥɐʌǝ‬ ‮ouǝ‬ ‮ʇɹʎ‬ ‮ʅǝɟʇ‬ ‮ʇo‬ ‮ǝuʇǝɹ‬ ‮ʇɥǝ‬ ‮ɔoɹɹǝɔʇ‬ ‮ɔopǝ‬ ‮qǝɟoɹǝ‬ ‮ʅoɔʞıuƃ‬ ‮ʇɥǝ‬ ‮SIW‬ ‮ɔɐɹp‬.","two":["‮ʎon‬ ‮ɥɐʌǝ‬ ",{"t":"idOrVar","v":"n"}," ‮ʇɹıǝs‬ ‮ʅǝɟʇ‬ ‮ʇo‬ ‮ǝuʇǝɹ‬ ‮ʇɥǝ‬ ‮ɔoɹɹǝɔʇ‬ ‮ɔopǝ‬ ‮qǝɟoɹǝ‬ ‮ʅoɔʞıuƃ‬ ‮ʇɥǝ‬ ‮SIW‬ ‮ɔɐɹp‬."],"few":["‮ʎon‬ ‮ɥɐʌǝ‬ ",{"t":"idOrVar","v":"n"}," ‮ʇɹıǝs‬ ‮ʅǝɟʇ‬ ‮ʇo‬ ‮ǝuʇǝɹ‬ ‮ʇɥǝ‬ ‮ɔoɹɹǝɔʇ‬ ‮ɔopǝ‬ ‮qǝɟoɹǝ‬ ‮ʅoɔʞıuƃ‬ ‮ʇɥǝ‬ ‮SIW‬ ‮ɔɐɹp‬."],"many":["‮ʎon‬ ‮ɥɐʌǝ‬ ",{"t":"idOrVar","v":"n"}," ‮ʇɹıǝs‬ ‮ʅǝɟʇ‬ ‮ʇo‬ ‮ǝuʇǝɹ‬ ‮ʇɥǝ‬ ‮ɔoɹɹǝɔʇ‬ ‮ɔopǝ‬ ‮qǝɟoɹǝ‬ ‮ʅoɔʞıuƃ‬ ‮ʇɥǝ‬ ‮SIW‬ ‮ɔɐɹp‬."],"other":["‮ʎon‬ ‮ɥɐʌǝ‬ ",{"t":"idOrVar","v":"n"}," ‮ʇɹıǝs‬ ‮ʅǝɟʇ‬ ‮ʇo‬ ‮ǝuʇǝɹ‬ ‮ʇɥǝ‬ ‮ɔoɹɹǝɔʇ‬ ‮ɔopǝ‬ ‮qǝɟoɹǝ‬ ‮ʅoɔʞıuƃ‬ ‮ʇɥǝ‬ ‮SIW‬ ‮ɔɐɹp‬."]},"$x":[{"t":"idOrVar","v":"plural"},"n"]},{"$i":"pinLastChanceMsg","$v":"‮⊥ɥıs‬ ‮ıs‬ ‮ʎonɹ‬ ‮ʅɐsʇ‬ ‮ɔɥɐuɔǝ‬ ‮ʇo‬ ‮ǝuʇǝɹ‬ ‮ʇɥǝ‬ ‮ɔoɹɹǝɔʇ‬ ‮ԀIN‬. ‮Oʇɥǝɹʍısǝ‬, ‮ʎon‬ ‮ɯnsʇ‬ ‮ǝuʇǝɹ‬ ‮ʇɥǝ‬ ‮Ԁ∩Ӽ‬ ‮ɔopǝ‬ ‮ʇo‬ ‮nsǝ‬ ‮ʇɥıs‬ ‮SIW‬ ‮ɔɐɹp‬."},{"$i":"pukcode","$v":"‮Ǝuʇǝɹ‬ ‮Ԁ∩Ӽ‬ ‮ɔopǝ‬"},{"$i":"pukcodeTitle","$v":["‮Ǝuʇǝɹ‬ ‮SIW‬ ",{"t":"idOrVar","v":"n"}," ‮Ԁ∩Ӽ‬"]},{"$i":"pukcodeLabel","$v":["‮SIW‬ ",{"t":"idOrVar","v":"n"}," ‮Ԁ∩Ӽ‬"]},{"$i":"type_puk","$v":"‮Ԁ∩Ӽ‬ ‮ɔopǝ‬"},{"$i":"pukValidation","$v":"‮Ԁ∩Ӽ‬ ‮ɔopǝ‬ ‮ɯnsʇ‬ ‮ɥɐʌǝ‬ ‮ǝxɐɔʇʅʎ‬ 8 ‮ɔɥɐɹɐɔʇǝɹs‬."},{"$i":"pukInfo","$v":"‮ʎon‬ ‮ɯnsʇ‬ ‮ǝuʇǝɹ‬ ‮ʇɥǝ‬ ‮Ԁǝɹsouɐʅ‬ ‮∩uʅoɔʞıuƃ‬ ‮Ӽǝʎ‬ (‮Ԁ∩Ӽ‬) ‮Ↄopǝ‬ ‮ɟoɹ‬ ‮ʇɥǝ‬ ‮SIW‬ ‮ɔɐɹp‬. ‮ᴚǝɟǝɹ‬ ‮ʇo‬ ‮ʎonɹ‬ ‮SIW‬ ‮ɔɐɹp‬ ‮poɔnɯǝuʇɐʇıou‬ ‮oɹ‬ ‮ɔouʇɐɔʇ‬ ‮ʎonɹ‬ ‮ɔɐɹɹıǝɹ‬ ‮ɟoɹ‬ ‮ɯoɹǝ‬ ‮ıuɟoɹɯɐʇıou‬."},{"$i":"pukError","$v":"‮⊥ɥǝ‬ ‮Ԁ∩Ӽ‬ ‮ʍɐs‬ ‮ıuɔoɹɹǝɔʇ‬."},{"$i":"pukAttemptMsg2","$v":{"one":"‮ʎon‬ ‮ɥɐʌǝ‬ ‮ouǝ‬ ‮ʇɹʎ‬ ‮ʅǝɟʇ‬ ‮ʇo‬ ‮ǝuʇǝɹ‬ ‮ʇɥǝ‬ ‮ɔoɹɹǝɔʇ‬ ‮ɔopǝ‬ ‮qǝɟoɹǝ‬ ‮ʇɥıs‬ ‮SIW‬ ‮ɔɐɹp‬ ‮ʍıʅʅ‬ ‮qǝ‬ ‮dǝɹɯɐuǝuʇʅʎ‬ ‮nunsɐqʅǝ‬. ‮ᴚǝɟǝɹ‬ ‮ʇo‬ ‮ʎonɹ‬ ‮SIW‬ ‮ɔɐɹp‬ ‮poɔnɯǝuʇɐʇıou‬ ‮oɹ‬ ‮ɔouʇɐɔʇ‬ ‮ʎonɹ‬ ‮ɔɐɹɹıǝɹ‬ ‮ɟoɹ‬ ‮ɯoɹǝ‬ ‮ıuɟoɹɯɐʇıou‬.","two":["‮ʎon‬ ‮ɥɐʌǝ‬ ",{"t":"idOrVar","v":"n"}," ‮ʇɹıǝs‬ ‮ʅǝɟʇ‬ ‮ʇo‬ ‮ǝuʇǝɹ‬ ‮ʇɥǝ‬ ‮ɔoɹɹǝɔʇ‬ ‮ɔopǝ‬ ‮qǝɟoɹǝ‬ ‮ʇɥıs‬ ‮SIW‬ ‮ɔɐɹp‬ ‮ʍıʅʅ‬ ‮qǝ‬ ‮dǝɹɯɐuǝuʇʅʎ‬ ‮nunsɐqʅǝ‬. ‮ᴚǝɟǝɹ‬ ‮ʇo‬ ‮ʎonɹ‬ ‮SIW‬ ‮ɔɐɹp‬ ‮poɔnɯǝuʇɐʇıou‬ ‮oɹ‬ ‮ɔouʇɐɔʇ‬ ‮ʎonɹ‬ ‮ɔɐɹɹıǝɹ‬ ‮ɟoɹ‬ ‮ɯoɹǝ‬ ‮ıuɟoɹɯɐʇıou‬."],"few":["‮ʎon‬ ‮ɥɐʌǝ‬ ",{"t":"idOrVar","v":"n"}," ‮ʇɹıǝs‬ ‮ʅǝɟʇ‬ ‮ʇo‬ ‮ǝuʇǝɹ‬ ‮ʇɥǝ‬ ‮ɔoɹɹǝɔʇ‬ ‮ɔopǝ‬ ‮qǝɟoɹǝ‬ ‮ʇɥıs‬ ‮SIW‬ ‮ɔɐɹp‬ ‮ʍıʅʅ‬ ‮qǝ‬ ‮dǝɹɯɐuǝuʇʅʎ‬ ‮nunsɐqʅǝ‬. ‮ᴚǝɟǝɹ‬ ‮ʇo‬ ‮ʎonɹ‬ ‮SIW‬ ‮ɔɐɹp‬ ‮poɔnɯǝuʇɐʇıou‬ ‮oɹ‬ ‮ɔouʇɐɔʇ‬ ‮ʎonɹ‬ ‮ɔɐɹɹıǝɹ‬ ‮ɟoɹ‬ ‮ɯoɹǝ‬ ‮ıuɟoɹɯɐʇıou‬."],"many":["‮ʎon‬ ‮ɥɐʌǝ‬ ",{"t":"idOrVar","v":"n"}," ‮ʇɹıǝs‬ ‮ʅǝɟʇ‬ ‮ʇo‬ ‮ǝuʇǝɹ‬ ‮ʇɥǝ‬ ‮ɔoɹɹǝɔʇ‬ ‮ɔopǝ‬ ‮qǝɟoɹǝ‬ ‮ʇɥıs‬ ‮SIW‬ ‮ɔɐɹp‬ ‮ʍıʅʅ‬ ‮qǝ‬ ‮dǝɹɯɐuǝuʇʅʎ‬ ‮nunsɐqʅǝ‬. ‮ᴚǝɟǝɹ‬ ‮ʇo‬ ‮ʎonɹ‬ ‮SIW‬ ‮ɔɐɹp‬ ‮poɔnɯǝuʇɐʇıou‬ ‮oɹ‬ ‮ɔouʇɐɔʇ‬ ‮ʎonɹ‬ ‮ɔɐɹɹıǝɹ‬ ‮ɟoɹ‬ ‮ɯoɹǝ‬ ‮ıuɟoɹɯɐʇıou‬."],"other":["‮ʎon‬ ‮ɥɐʌǝ‬ ",{"t":"idOrVar","v":"n"}," ‮ʇɹıǝs‬ ‮ʅǝɟʇ‬ ‮ʇo‬ ‮ǝuʇǝɹ‬ ‮ʇɥǝ‬ ‮ɔoɹɹǝɔʇ‬ ‮ɔopǝ‬ ‮qǝɟoɹǝ‬ ‮ʇɥıs‬ ‮SIW‬ ‮ɔɐɹp‬ ‮ʍıʅʅ‬ ‮qǝ‬ ‮dǝɹɯɐuǝuʇʅʎ‬ ‮nunsɐqʅǝ‬. ‮ᴚǝɟǝɹ‬ ‮ʇo‬ ‮ʎonɹ‬ ‮SIW‬ ‮ɔɐɹp‬ ‮poɔnɯǝuʇɐʇıou‬ ‮oɹ‬ ‮ɔouʇɐɔʇ‬ ‮ʎonɹ‬ ‮ɔɐɹɹıǝɹ‬ ‮ɟoɹ‬ ‮ɯoɹǝ‬ ‮ıuɟoɹɯɐʇıou‬."]},"$x":[{"t":"idOrVar","v":"plural"},"n"]},{"$i":"pukLastChanceMsg","$v":"‮⊥ɥıs‬ ‮ıs‬ ‮ʎonɹ‬ ‮ʅɐsʇ‬ ‮ɔɥɐuɔǝ‬ ‮ʇo‬ ‮ǝuʇǝɹ‬ ‮ʇɥǝ‬ ‮ɔoɹɹǝɔʇ‬ ‮Ԁ∩Ӽ‬ ‮ɔopǝ‬. ‮ʎonɹ‬ ‮SIW‬ ‮ɔɐɹp‬ ‮ʍıʅʅ‬ ‮qǝ‬ ‮dǝɹɯɐuǝuʇʅʎ‬ ‮nunsɐqʅǝ‬ ‮ıɟ‬ ‮ʎon‬ ‮ǝuʇǝɹ‬ ‮ıu‬ ‮ʇɥǝ‬ ‮ʍɹouƃ‬ ‮Ԁ∩Ӽ‬ ‮ɔopǝ‬."},{"$i":"create_newpin","$v":"‮Ↄɹǝɐʇǝ‬ ‮uǝʍ‬ ‮ԀIN‬ (4 ‮ʇo‬ 8 ‮pıƃıʇs‬)"},{"$i":"confirm_newpin","$v":"‮Ↄouɟıɹɯ‬ ‮uǝʍ‬ ‮ԀIN‬"},{"$i":"newpinConfirmation","$v":"‮ԀINs‬ ‮pou‬’‮ʇ‬ ‮ɯɐʇɔɥ‬"},{"$i":"nckcode","$v":"‮Ǝuʇǝɹ‬ ‮NↃӼ‬ ‮ɔopǝ‬"},{"$i":"cckcode","$v":"‮Ǝuʇǝɹ‬ ‮ↃↃӼ‬ ‮ɔopǝ‬"},{"$i":"spckcode","$v":"‮Ǝuʇǝɹ‬ ‮SԀↃӼ‬ ‮ɔopǝ‬"},{"$i":"nck1code","$v":"‮Ǝuʇǝɹ‬ ‮NↃӼ‬1 ‮ɔopǝ‬"},{"$i":"nck2code","$v":"‮Ǝuʇǝɹ‬ ‮NↃӼ‬2 ‮ɔopǝ‬"},{"$i":"hnckcode","$v":"‮Ǝuʇǝɹ‬ ‮HNↃӼ‬ ‮ɔopǝ‬"},{"$i":"rcckcode","$v":"‮Ǝuʇǝɹ‬ ‮ᴚↃↃӼ‬ ‮ɔopǝ‬"},{"$i":"rspckcode","$v":"‮Ǝuʇǝɹ‬ ‮ᴚSԀↃӼ‬ ‮ɔopǝ‬"},{"$i":"nckcodeTitle","$v":["‮Ǝuʇǝɹ‬ ‮SIW‬ ",{"t":"idOrVar","v":"n"}," ‮NↃӼ‬"]},{"$i":"cckcodeTitle","$v":["‮Ǝuʇǝɹ‬ ‮SIW‬ ",{"t":"idOrVar","v":"n"}," ‮ↃↃӼ‬"]},{"$i":"spckcodeTitle","$v":["‮Ǝuʇǝɹ‬ ‮SIW‬ ",{"t":"idOrVar","v":"n"}," ‮SԀↃӼ‬"]},{"$i":"nck1codeTitle","$v":["‮Ǝuʇǝɹ‬ ‮SIW‬ ",{"t":"idOrVar","v":"n"}," ‮NↃӼ‬1"]},{"$i":"nck2codeTitle","$v":["‮Ǝuʇǝɹ‬ ‮SIW‬ ",{"t":"idOrVar","v":"n"}," ‮NↃӼ‬2"]},{"$i":"hnckcodeTitle","$v":["‮Ǝuʇǝɹ‬ ‮SIW‬ ",{"t":"idOrVar","v":"n"}," ‮HNↃӼ‬"]},{"$i":"rcckcodeTitle","$v":["‮Ǝuʇǝɹ‬ ‮SIW‬ ",{"t":"idOrVar","v":"n"}," ‮ᴚↃↃӼ‬"]},{"$i":"rspckcodeTitle","$v":["‮Ǝuʇǝɹ‬ ‮SIW‬ ",{"t":"idOrVar","v":"n"}," ‮ᴚSԀↃӼ‬"]},{"$i":"nckcodeLabel","$v":["‮SIW‬ ",{"t":"idOrVar","v":"n"}," ‮NↃӼ‬"]},{"$i":"cckcodeLabel","$v":["‮SIW‬ ",{"t":"idOrVar","v":"n"}," ‮ↃↃӼ‬"]},{"$i":"spckcodeLabel","$v":["‮SIW‬ ",{"t":"idOrVar","v":"n"}," ‮SԀↃӼ‬"]},{"$i":"nck1codeLabel","$v":["‮SIW‬ ",{"t":"idOrVar","v":"n"}," ‮NↃӼ‬1"]},{"$i":"nck2codeLabel","$v":["‮SIW‬ ",{"t":"idOrVar","v":"n"}," ‮NↃӼ‬2"]},{"$i":"hnckcodeLabel","$v":["‮SIW‬ ",{"t":"idOrVar","v":"n"}," ‮HNↃӼ‬"]},{"$i":"rcckcodeLabel","$v":["‮SIW‬ ",{"t":"idOrVar","v":"n"}," ‮ᴚↃↃӼ‬"]},{"$i":"rspckcodeLabel","$v":["‮SIW‬ ",{"t":"idOrVar","v":"n"}," ‮ᴚSԀↃӼ‬"]},{"$i":"type_nck","$v":"‮⊥ʎdǝ‬ ‮ʎonɹ‬ ‮NↃӼ‬ ‮ɔopǝ‬"},{"$i":"type_cck","$v":"‮⊥ʎdǝ‬ ‮ʎonɹ‬ ‮ↃↃӼ‬ ‮ɔopǝ‬"},{"$i":"type_spck","$v":"‮⊥ʎdǝ‬ ‮ʎonɹ‬ ‮SԀↃӼ‬ ‮ɔopǝ‬"},{"$i":"type_nck1","$v":"‮⊥ʎdǝ‬ ‮ʎonɹ‬ ‮NↃӼ‬1 ‮ɔopǝ‬"},{"$i":"type_nck2","$v":"‮⊥ʎdǝ‬ ‮ʎonɹ‬ ‮NↃӼ‬2 ‮ɔopǝ‬"},{"$i":"type_hnck","$v":"‮⊥ʎdǝ‬ ‮ʎonɹ‬ ‮HNↃӼ‬ ‮ɔopǝ‬"},{"$i":"type_rcck","$v":"‮⊥ʎdǝ‬ ‮ʎonɹ‬ ‮ᴚↃↃӼ‬ ‮ɔopǝ‬"},{"$i":"type_rspck","$v":"‮⊥ʎdǝ‬ ‮ʎonɹ‬ ‮ᴚSԀↃӼ‬ ‮ɔopǝ‬"},{"$i":"nckValidation","$v":"‮NↃӼ‬ ‮ɯnsʇ‬ ‮ɥɐʌǝ‬ ‮qǝʇʍǝǝu‬ 8 ‮ɐup‬ 16 ‮ɔɥɐɹɐɔʇǝɹs‬."},{"$i":"cckValidation","$v":"‮ↃↃӼ‬ ‮ɯnsʇ‬ ‮ɥɐʌǝ‬ ‮qǝʇʍǝǝu‬ 8 ‮ɐup‬ 16 ‮ɔɥɐɹɐɔʇǝɹs‬."},{"$i":"spckValidation","$v":"‮SԀↃӼ‬ ‮ɯnsʇ‬ ‮ɥɐʌǝ‬ ‮qǝʇʍǝǝu‬ 8 ‮ɐup‬ 16 ‮ɔɥɐɹɐɔʇǝɹs‬."},{"$i":"nck1Validation","$v":"‮NↃӼ‬1 ‮ɯnsʇ‬ ‮ɥɐʌǝ‬ ‮qǝʇʍǝǝu‬ 8 ‮ɐup‬ 16 ‮ɔɥɐɹɐɔʇǝɹs‬."},{"$i":"nck2Validation","$v":"‮NↃӼ‬2 ‮ɯnsʇ‬ ‮ɥɐʌǝ‬ ‮qǝʇʍǝǝu‬ 8 ‮ɐup‬ 16 ‮ɔɥɐɹɐɔʇǝɹs‬."},{"$i":"hnckValidation","$v":"‮HNↃӼ‬ ‮ɯnsʇ‬ ‮ɥɐʌǝ‬ ‮qǝʇʍǝǝu‬ 8 ‮ɐup‬ 16 ‮ɔɥɐɹɐɔʇǝɹs‬."},{"$i":"rcckValidation","$v":"‮ᴚↃↃӼ‬ ‮ɯnsʇ‬ ‮ɥɐʌǝ‬ ‮qǝʇʍǝǝu‬ 8 ‮ɐup‬ 16 ‮ɔɥɐɹɐɔʇǝɹs‬."},{"$i":"rspckValidation","$v":"‮ᴚSԀↃӼ‬ ‮ɯnsʇ‬ ‮ɥɐʌǝ‬ ‮qǝʇʍǝǝu‬ 8 ‮ɐup‬ 16 ‮ɔɥɐɹɐɔʇǝɹs‬."},{"$i":"nckErrorMsg","$v":"‮⊥ɥǝ‬ ‮NↃӼ‬ ‮ɔopǝ‬ ‮ıs‬ ‮ıuɔoɹɹǝɔʇ‬."},{"$i":"nckAttemptMsg2","$v":{"one":"‮Nǝʇʍoɹʞ‬ ‮pǝdǝɹsouɐʅızɐʇıou‬ ‮ɹǝbnǝsʇ‬ ‮ɟɐıʅnɹǝ‬. ‮ʎon‬ ‮ɥɐʌǝ‬ ‮ouǝ‬ ‮ʇɹʎ‬ ‮ʅǝɟʇ‬ ‮ʇo‬ ‮ǝuʇǝɹ‬ ‮ʇɥǝ‬ ‮ɔoɹɹǝɔʇ‬ ‮ɔopǝ‬. ‮ᴚǝɟǝɹ‬ ‮ʇo‬ ‮ʎonɹ‬ ‮pǝʌıɔǝ‬ ‮poɔnɯǝuʇɐʇıou‬ ‮oɹ‬ ‮ɔouʇɐɔʇ‬ ‮ʎonɹ‬ ‮ɔɐɹɹıǝɹ‬ ‮ɟoɹ‬ ‮ɯoɹǝ‬ ‮ıuɟoɹɯɐʇıou‬.","two":["‮Nǝʇʍoɹʞ‬ ‮pǝdǝɹsouɐʅızɐʇıou‬ ‮ɹǝbnǝsʇ‬ ‮ɟɐıʅnɹǝ‬. ‮ʎon‬ ‮ɥɐʌǝ‬ ",{"t":"idOrVar","v":"n"}," ‮ʇɹıǝs‬ ‮ʅǝɟʇ‬ ‮ʇo‬ ‮ǝuʇǝɹ‬ ‮ʇɥǝ‬ ‮ɔoɹɹǝɔʇ‬ ‮ɔopǝ‬. ‮ᴚǝɟǝɹ‬ ‮ʇo‬ ‮ʎonɹ‬ ‮pǝʌıɔǝ‬ ‮poɔnɯǝuʇɐʇıou‬ ‮oɹ‬ ‮ɔouʇɐɔʇ‬ ‮ʎonɹ‬ ‮ɔɐɹɹıǝɹ‬ ‮ɟoɹ‬ ‮ɯoɹǝ‬ ‮ıuɟoɹɯɐʇıou‬."],"few":["‮Nǝʇʍoɹʞ‬ ‮pǝdǝɹsouɐʅızɐʇıou‬ ‮ɹǝbnǝsʇ‬ ‮ɟɐıʅnɹǝ‬. ‮ʎon‬ ‮ɥɐʌǝ‬ ",{"t":"idOrVar","v":"n"}," ‮ʇɹıǝs‬ ‮ʅǝɟʇ‬ ‮ʇo‬ ‮ǝuʇǝɹ‬ ‮ʇɥǝ‬ ‮ɔoɹɹǝɔʇ‬ ‮ɔopǝ‬. ‮ᴚǝɟǝɹ‬ ‮ʇo‬ ‮ʎonɹ‬ ‮pǝʌıɔǝ‬ ‮poɔnɯǝuʇɐʇıou‬ ‮oɹ‬ ‮ɔouʇɐɔʇ‬ ‮ʎonɹ‬ ‮ɔɐɹɹıǝɹ‬ ‮ɟoɹ‬ ‮ɯoɹǝ‬ ‮ıuɟoɹɯɐʇıou‬."],"many":["‮Nǝʇʍoɹʞ‬ ‮pǝdǝɹsouɐʅızɐʇıou‬ ‮ɹǝbnǝsʇ‬ ‮ɟɐıʅnɹǝ‬. ‮ʎon‬ ‮ɥɐʌǝ‬ ",{"t":"idOrVar","v":"n"}," ‮ʇɹıǝs‬ ‮ʅǝɟʇ‬ ‮ʇo‬ ‮ǝuʇǝɹ‬ ‮ʇɥǝ‬ ‮ɔoɹɹǝɔʇ‬ ‮ɔopǝ‬. ‮ᴚǝɟǝɹ‬ ‮ʇo‬ ‮ʎonɹ‬ ‮pǝʌıɔǝ‬ ‮poɔnɯǝuʇɐʇıou‬ ‮oɹ‬ ‮ɔouʇɐɔʇ‬ ‮ʎonɹ‬ ‮ɔɐɹɹıǝɹ‬ ‮ɟoɹ‬ ‮ɯoɹǝ‬ ‮ıuɟoɹɯɐʇıou‬."],"other":["‮Nǝʇʍoɹʞ‬ ‮pǝdǝɹsouɐʅızɐʇıou‬ ‮ɹǝbnǝsʇ‬ ‮ɟɐıʅnɹǝ‬. ‮ʎon‬ ‮ɥɐʌǝ‬ ",{"t":"idOrVar","v":"n"}," ‮ʇɹıǝs‬ ‮ʅǝɟʇ‬ ‮ʇo‬ ‮ǝuʇǝɹ‬ ‮ʇɥǝ‬ ‮ɔoɹɹǝɔʇ‬ ‮ɔopǝ‬. ‮ᴚǝɟǝɹ‬ ‮ʇo‬ ‮ʎonɹ‬ ‮pǝʌıɔǝ‬ ‮poɔnɯǝuʇɐʇıou‬ ‮oɹ‬ ‮ɔouʇɐɔʇ‬ ‮ʎonɹ‬ ‮ɔɐɹɹıǝɹ‬ ‮ɟoɹ‬ ‮ɯoɹǝ‬ ‮ıuɟoɹɯɐʇıou‬."]},"$x":[{"t":"idOrVar","v":"plural"},"n"]},{"$i":"nckLastChanceMsg","$v":"‮Nǝʇʍoɹʞ‬ ‮pǝdǝɹsouɐʅızɐʇıou‬ ‮ɹǝbnǝsʇ‬ ‮ɟɐıʅnɹǝ‬. ‮˥ɐsʇ‬ ‮ɔɥɐuɔǝ‬ ‮ʇo‬ ‮ǝuʇǝɹ‬ ‮ʇɥǝ‬ ‮ɔoɹɹǝɔʇ‬ ‮NↃӼ‬ ‮ɔopǝ‬. ‮ᴚǝɟǝɹ‬ ‮ʇo‬ ‮ʎonɹ‬ ‮pǝʌıɔǝ‬ ‮poɔnɯǝuʇɐʇıou‬ ‮oɹ‬ ‮ɔouʇɐɔʇ‬ ‮ʎonɹ‬ ‮ɔɐɹɹıǝɹ‬ ‮ɟoɹ‬ ‮ɯoɹǝ‬ ‮ıuɟoɹɯɐʇıou‬."},{"$i":"skip","$v":"‮Sʞıd‬"},{"$i":"send","$v":"‮Sǝup‬"},{"$i":"ok","$v":"‮OӼ‬"},{"$i":"simLocked","$v":"‮⊥ɥǝ‬ ‮SIW‬ ‮ɔɐɹp‬ ‮ıs‬ ‮ʅoɔʞǝp‬"},{"$i":"inputCodeRetriesLeft","$v":{"one":"‮˥ɐsʇ‬ ‮ʇɹʎ‬.","two":[{"t":"idOrVar","v":"n"}," ‮ʇɹıǝs‬ ‮ʅǝɟʇ‬."],"few":[{"t":"idOrVar","v":"n"}," ‮ʇɹıǝs‬ ‮ʅǝɟʇ‬."],"many":[{"t":"idOrVar","v":"n"}," ‮ʇɹıǝs‬ ‮ʅǝɟʇ‬."],"other":[{"t":"idOrVar","v":"n"}," ‮ʇɹıǝs‬ ‮ʅǝɟʇ‬."]},"$x":[{"t":"idOrVar","v":"plural"},"n"]},{"$i":"simManager","$v":"‮SIW‬ ‮Wɐuɐƃǝɹ‬"},{"$i":"simDetail","$v":["‮SIW‬ ",{"t":"idOrVar","v":"n"}]},{"$i":"simDefault","$v":"(‮pǝɟɐnʅʇ‬)"},{"$i":"simDefaultMessage","$v":"‮Onʇƃoıuƃ‬ ‮ɔɐʅʅs‬, ‮onʇƃoıuƃ‬ ‮ɯǝssɐƃǝs‬ ‮ɐup‬ ‮pɐʇɐ‬ ‮ɔouuǝɔʇıou‬ ‮ɐɹǝ‬ ‮sǝʇ‬ ‮ʇo‬ ‮SIW‬ 1 ‮ɐs‬ ‮pǝɟɐnʅʇ‬"},{"$i":"simSettingsMessage","$v":"‮ʎon‬ ‮ɔɐu‬ ‮ɔɥɐuƃǝ‬ ‮pǝɟɐnʅʇ‬ ‮sǝʇʇıuƃs‬ ‮ɐʇ‬ ‮Sǝʇʇıuƃs‬ > ‮SIW‬ ‮ɯɐuɐƃǝɹ‬"},{"$i":"simPinLocked","$v":"‮SIW‬ ‮ԀIN‬ ‮ʅoɔʞǝp‬"},{"$i":"noOperator","$v":"‮No‬ ‮odǝɹɐʇoɹ‬"},{"$i":"searchingOperator","$v":"‮Sǝɐɹɔɥıuƃ‬"},{"$i":"language","$v":"‮˥ɐuƃnɐƃǝ‬"},{"$i":"3g","$v":"‮Ↄǝʅʅnʅɐɹ‬ ‮pɐʇɐ‬"},{"$i":"dataConnection","$v":"‮Ǝuɐqʅǝ‬ ‮pɐʇɐ‬"},{"$i":"dataConnectionInfo","$v":"‮Ǝuɐqʅıuƃ‬ ‮pɐʇɐ‬ ‮ɔouuǝɔʇıou‬ ‮uoʍ‬ ‮ʍıʅʅ‬ ‮ɐʅʅoʍ‬ ‮ʎon‬ ‮ʇo‬ ‮sǝʇ‬ ‮nd‬ ‮ʎonɹ‬ ‮dɥouǝ‬ ‮ʍıʇɥonʇ‬ ‮ɐ‬ ‮Ｍı‬-‮ɟı‬ ‮ɔouuǝɔʇıou‬. ‮ʎon‬ ‮ɯɐʎ‬ ‮ɐʅso‬ ‮ǝuɐqʅǝ‬ ‮ıʇ‬ ‮ʅɐʇǝɹ‬ ‮ou‬ ‮ıu‬ ‮Sǝʇʇıuƃs‬. ‮ſnsʇ‬ ‮ɯɐʞǝ‬ ‮snɹǝ‬ ‮ʎon‬ ‮ɥɐʌǝ‬ ‮ɐ‬ ‮pɐʇɐ‬ ‮dʅɐu‬ ‮ʍıʇɥ‬ ‮ʎonɹ‬ ‮ɔɐɹɹıǝɹ‬ ‮ʇo‬ ‮ɐʌoıp‬ ‮doʇǝuʇıɐʅʅʎ‬ ‮ɥǝɟʇʎ‬ ‮ɔɥɐɹƃǝs‬."},{"$i":"caution","$v":"‮Ｍɐɹuıuƃ‬"},{"$i":"geolocation","$v":"‮פǝoʅoɔɐʇıou‬"},{"$i":"geolocationCheckbox","$v":"‮Ǝuɐqʅǝ‬ ‮פǝoʅoɔɐʇıou‬"},{"$i":"geolocationInfo2","$v":[{"t":"idOrVar","v":"brandShortName"}," ‮nsǝs‬ ‮pɐʇɐ‬ ‮snɔɥ‬ ‮ɐs‬ ‮פԀS‬, ‮Ｍı‬-‮ɟı‬, ‮ɐup‬ ‮ɯoqıʅǝ‬ ‮uǝʇʍoɹʞs‬ ‮uǝɐɹ‬ ‮ʎon‬ ‮ʇo‬ ‮ɥǝʅd‬ ‮pǝʇǝɹɯıuǝ‬ ‮ʎonɹ‬ ‮ɐddɹoxıɯɐʇǝ‬ ‮ʅoɔɐʇıou‬."]},{"$i":"geolocationInfoMore","$v":"‮pɐʇɐ‬ ‮ıs‬ ‮sǝuʇ‬ ‮ʇo‬ ‮Wozıʅʅɐ‬ ‮ɐup‬ ‮oʇɥǝɹ‬ ‮sǝɹʌıɔǝ‬ ‮dɹoʌıpǝɹs‬ ‮ɐup‬ ‮ʍıʅʅ‬ ‮qǝ‬ ‮nsǝp‬ ‮ıu‬ ‮ʇɥǝ‬ ‮ɐƃƃɹǝƃɐʇǝ‬ ‮ʇo‬ ‮ıɯdɹoʌǝ‬ ‮ʇɥosǝ‬ ‮ʅoɔɐʇıou‬ ‮pɐʇɐqɐsǝs‬.  ‮pɐʇɐ‬ ‮ɯɐʎ‬ ‮qǝ‬ ‮sʇoɹǝp‬ ‮ou‬ ‮ʎonɹ‬ ‮pǝʌıɔǝ‬ ‮ɐup‬ ‮pɐʇɐ‬ ‮ɔoʅʅǝɔʇıou‬ ‮ɯɐʎ‬ ‮oɔɔnɹ‬ ‮ǝʌǝu‬ ‮ʍɥǝu‬ ‮uo‬ ‮ɐdds‬ ‮ɐɹǝ‬ ‮ɹnuuıuƃ‬."},{"$i":"notice","$v":"‮Noʇıɔǝ‬"},{"$i":"aboutYourPrivacy","$v":"‮Woɹǝ‬ ‮ɐqonʇ‬ ‮ʎonɹ‬ ‮dɹıʌɐɔʎ‬"},{"$i":"scanningNetworks","$v":"‮Sɔɐuuıuƃ‬ ‮ɟoɹ‬ ‮uǝʇʍoɹʞs‬"},{"$i":"selectNetwork","$v":"‮Sǝʅǝɔʇ‬ ‮ɐ‬ ‮uǝʇʍoɹʞ‬"},{"$i":"shortStatus-connecting","$v":"‮Ↄouuǝɔʇıuƃ‬…"},{"$i":"shortStatus-associated","$v":"‮Oqʇɐıuıuƃ‬ ‮ɐu‬ ‮IԀ‬ ‮ɐppɹǝss‬…"},{"$i":"shortStatus-connected","$v":"‮Ↄouuǝɔʇǝp‬"},{"$i":"shortStatus-connectingfailed","$v":"‮Ↄouuǝɔʇıou‬ ‮ɟɐıʅǝp‬"},{"$i":"shortStatus-disconnected","$v":"‮Oɟɟʅıuǝ‬"},{"$i":"securedBy","$v":["‮sǝɔnɹǝp‬ ‮qʎ‬ ",{"t":"idOrVar","v":"capabilities"}]},{"$i":"security","$v":"‮Sǝɔnɹıʇʎ‬"},{"$i":"securityNone","$v":"‮Nouǝ‬"},{"$i":"securityWEP","$v":"‮ＭƎԀ‬"},{"$i":"securityWPA-PSK","$v":"‮ＭԀ∀‬-‮ԀSӼ‬"},{"$i":"securityWPA-EAP","$v":"‮ＭԀ∀‬-‮Ǝ∀Ԁ‬"},{"$i":"securityOpen","$v":"‮Odǝu‬","ariaLabel":"‮Sǝɔnɹıʇʎ‬"},{"$i":"identity","$v":"‮∩sǝɹ‬"},{"$i":"identityInput","placeholder":"‮∩sǝɹ‬"},{"$i":"password","$v":"‮Ԁɐssʍoɹp‬"},{"$i":"passwordInput","placeholder":"‮Ԁɐssʍoɹp‬"},{"$i":"showPassword","$v":"‮Sɥoʍ‬ ‮Ԁɐssʍoɹp‬"},{"$i":"refresh","$v":"‮ᴚǝɟɹǝsɥ‬"},{"$i":"noWifiFound3","$v":"‮No‬ ‮ʍıɹǝʅǝss‬ ‮uǝʇʍoɹʞs‬ ‮ɟonup‬"},{"$i":"join-hidden-button","$v":"‮ſoıu‬ ‮ɥıppǝu‬ ‮uǝʇʍoɹʞ‬"},{"$i":"authentication","$v":"‮∀nʇɥǝuʇıɔɐʇıou‬"},{"$i":"ssid-name","$v":"‮SSIp‬ ‮Nǝʇʍoɹʞ‬ ‮Nɐɯǝ‬"},{"$i":"wifiLevel","ariaLabel":{"$v":[{"t":"idOrVar","v":"level"}," ‮oɟ‬ 4 ‮qɐɹs‬"]}},{"$i":"networksList","ariaLabel":"‮Nǝʇʍoɹʞs‬ ‮ɟonup‬"},{"$i":"dateAndTime","$v":"‮pɐʇǝ‬ & ‮⊥ıɯǝ‬"},{"$i":"timezoneTitle","$v":["‮∩⊥Ↄ‬",{"t":"idOrVar","v":"utcOffset"}," ",{"t":"idOrVar","v":"region"},"/",{"t":"idOrVar","v":"city"}]},{"$i":"timeZone","$v":"‮⊥ıɯǝ‬ ‮zouǝ‬"},{"$i":"change","$v":"‮Ↄɥɐuƃǝ‬"},{"$i":"region","ariaLabel":"‮ᴚǝƃıou‬"},{"$i":"city","ariaLabel":"‮Ↄıʇʎ‬"},{"$i":"date","ariaLabel":"‮pɐʇǝ‬"},{"$i":"time","ariaLabel":"‮⊥ıɯǝ‬"},{"$i":"importContacts3","$v":"‮Iɯdoɹʇ‬ ‮ɔouʇɐɔʇs‬"},{"$i":"importSim2","$v":"‮SIW‬ ‮ɔɐɹp‬"},{"$i":"importOutlook","$v":"‮Onʇʅooʞ‬"},{"$i":"importGmail","$v":"‮פɯɐıʅ‬"},{"$i":"notImportedYet","$v":"‮Noʇ‬ ‮ıɯdoɹʇǝp‬ ‮ʎǝʇ‬"},{"$i":"otherAccount","$v":"‮Oʇɥǝɹ‬ ‮ɐɔɔonuʇs‬"},{"$i":"firefox-accounts","$v":"‮ɟıɹǝɟox‬ ‮∀ɔɔonuʇs‬"},{"$i":"fxa-upsell","innerHTML":"‮∀‬ ‮ɟıɹǝɟox‬ ‮∀ɔɔonuʇ‬ ‮ʅǝʇs‬ ‮ʎon‬ ‮ɟıup‬ ‮ɐ‬ ‮ʅosʇ‬ ‮dɥouǝ‬ ‮ɐup‬ ‮qnʎ‬ ‮ɐdds‬ ‮ɟɹoɯ‬ ‮ʇɥǝ‬ ‮ɟıɹǝɟox‬ ‮Wɐɹʞǝʇdʅɐɔǝ‬."},{"$i":"fxa-create-account-or-sign-in","$v":"‮Ↄɹǝɐʇǝ‬ ‮∀ɔɔonuʇ‬ ‮oɹ‬ ‮Sıƃu‬ ‮Iu‬"},{"$i":"fxa-email-sent","$v":["‮∀‬ ‮ʌǝɹıɟıɔɐʇıou‬ ‮ʅıuʞ‬ ‮ɥɐs‬ ‮qǝǝu‬ ‮sǝuʇ‬ ‮ʇo‬ ",{"t":"idOrVar","v":"email"}]},{"$i":"fxa-signed-in","$v":["‮Sıƃuǝp‬ ‮ıu‬ ‮ɐs‬ ",{"t":"idOrVar","v":"email"}]},{"$i":"about-your-rights-0","$v":[{"t":"idOrVar","v":"brandShortName"}," ‮ıs‬ ‮qnıʅʇ‬ ‮ou‬ ‮ɟɹǝǝ‬ ‮ɐup‬ ‮odǝu‬ ‮sonɹɔǝ‬ ‮soɟʇʍɐɹǝ‬ ‮qʎ‬ ‮ɐ‬ ‮ɔoɯɯnuıʇʎ‬ ‮oɟ‬ ‮ʇɥonsɐups‬ ‮ɟɹoɯ‬ ‮ɐʅʅ‬ ‮oʌǝɹ‬ ‮ʇɥǝ‬ ‮ʍoɹʅp‬. ‮⊥ɥǝɹǝ‬ ‮ɐɹǝ‬ ‮ɐ‬ ‮ɟǝʍ‬ ‮ʇɥıuƃs‬ ‮ʎon‬ ‮sɥonʅp‬ ‮ʞuoʍ‬:"]},{"$i":"about-your-rights-1","$v":[{"t":"idOrVar","v":"brandShortName"}," ‮ıs‬ ‮ɯɐpǝ‬ ‮ɐʌɐıʅɐqʅǝ‬ ‮ʇo‬ ‮ʎon‬ ‮nupǝɹ‬ ‮ʇɥǝ‬ ‮ʇǝɹɯs‬ ‮oɟ‬ ‮sǝʌǝɹɐʅ‬ ‮odǝu‬ ‮sonɹɔǝ‬ ‮ʅıɔǝusǝs‬ ‮ıuɔʅnpıuƃ‬ ‮ʇɥǝ‬ ‮Wozıʅʅɐ‬ ‮Ԁnqʅıɔ‬ ‮˥ıɔǝusǝ‬. ‮∀‬ ‮pǝʌıɔǝ‬ ‮ɹnuuıuƃ‬ ",{"t":"idOrVar","v":"brandShortName"}," ‮ɯɐʎ‬ ‮ɐʅso‬ ‮ɔouʇɐıu‬ ‮dɹodɹıǝʇɐɹʎ‬ ‮soɟʇʍɐɹǝ‬ ‮ɟɹoɯ‬ ‮ʇɥıɹp‬ ‮dɐɹʇıǝs‬. ‮∀uʎ‬ ‮ɔopǝ‬ ‮dɹoʌıpǝp‬ ‮nupǝɹ‬ ‮odǝu‬ ‮ʅıɔǝusǝs‬ ‮ƃıʌǝ‬ ‮ʎon‬ ‮ʇɥǝ‬ ‮ɹıƃɥʇ‬ ‮ʇo‬ ‮ɯopıɟʎ‬ ‮ʇɥǝ‬ ‮sonɹɔǝ‬ ‮ɔopǝ‬ ‮ɐup‬ ‮pısʇɹıqnʇǝ‬ ‮ʎonɹ‬ ‮ɯopıɟıǝp‬ ‮ʌǝɹsıous‬ ‮ɐs‬ ‮ʅouƃ‬ ‮ɐs‬ ‮ʎon‬ ‮ɔoɯdʅʎ‬ ‮ʍıʇɥ‬ ‮ʇɥǝıɹ‬ ‮ʇǝɹɯs‬."]},{"$i":"about-your-rights-2","$v":["‮ʎon‬ ‮ɐɹǝ‬ ‮uoʇ‬ ‮ƃɹɐuʇǝp‬ ‮ɐuʎ‬ ‮ʇɹɐpǝɯɐɹʞ‬ ‮ɹıƃɥʇs‬ ‮oɹ‬ ‮ʅıɔǝusǝs‬ ‮ʇo‬ ‮ʇɥǝ‬ ‮ʇɹɐpǝɯɐɹʞs‬ ‮oɟ‬ ‮ʇɥǝ‬ ‮Wozıʅʅɐ‬ ‮ɟonupɐʇıou‬ ‮oɹ‬ ‮ɐuʎ‬ ‮dɐɹʇʎ‬, ‮ıuɔʅnpıuƃ‬ ‮ʍıʇɥonʇ‬ ‮ʅıɯıʇɐʇıou‬ ‮ʇɥǝ‬ ",{"t":"idOrVar","v":"brandShortName"}," ‮uɐɯǝ‬ ‮oɹ‬ ‮ʅoƃo‬."]},{"$i":"about-your-rights-3","$v":["‮Soɯǝ‬ ‮ɟǝɐʇnɹǝs‬ ‮ıu‬ ",{"t":"idOrVar","v":"brandShortName"},", ‮snɔɥ‬ ‮ɐs‬ ‮ʇɥǝ‬ ‮Ↄɹɐsɥ‬ ‮ᴚǝdoɹʇǝɹ‬, ‮ƃıʌǝ‬ ‮ʎon‬ ‮ʇɥǝ‬ ‮odʇıou‬ ‮ʇo‬ ‮dɹoʌıpǝ‬ ‮ɟǝǝpqɐɔʞ‬ ‮ʇo‬ ‮Wozıʅʅɐ‬. ‮Ԑʎ‬ ‮ɔɥoosıuƃ‬ ‮ʇo‬ ‮snqɯıʇ‬ ‮ɟǝǝpqɐɔʞ‬, ‮ʎon‬ ‮ƃıʌǝ‬ ‮Wozıʅʅɐ‬ ‮dǝɹɯıssıou‬ ‮ʇo‬ ‮nsǝ‬ ‮ʇɥǝ‬ ‮ɟǝǝpqɐɔʞ‬ ‮ʇo‬ ‮ıɯdɹoʌǝ‬ ‮ıʇs‬ ‮dɹopnɔʇs‬, ‮ʇo‬ ‮dnqʅısɥ‬ ‮ʇɥǝ‬ ‮ɟǝǝpqɐɔʞ‬ ‮ou‬ ‮ıʇs‬ ‮ʍǝqsıʇǝs‬, ‮ɐup‬ ‮ʇo‬ ‮pısʇɹıqnʇǝ‬ ‮ʇɥǝ‬ ‮ɟǝǝpqɐɔʞ‬."]},{"$i":"about-other","$v":"‮Oʇɥǝɹ‬"},{"$i":"SIM_mandatory","$v":"‮SIW‬ ‮Ↄɐɹp‬ ‮Ｍɐɹuıuƃ‬"},{"$i":"SIM_mandatory_warm","$v":"‮Ԁʅǝɐsǝ‬, ‮ıusǝɹʇ‬ ‮ɐ‬ ‮SIW‬ ‮ɔɐɹp‬ ‮ɐup‬ ‮ɹǝqooʇ‬ ‮ʎonɹ‬ ‮dɥouǝ‬."},{"$i":"telemetry-sends2","$v":["‮⊥ǝʅǝɯǝʇɹʎ‬ ‮sǝups‬ ‮Wozıʅʅɐ‬ ‮pɐʇɐ‬ ‮ɐqonʇ‬ ‮dǝɹɟoɹɯɐuɔǝ‬, ‮ɥɐɹpʍɐɹǝ‬, ‮ɔouɟıƃnɹɐʇıous‬, ‮ɔnsʇoɯızɐʇıous‬ ‮ɐup‬ ‮ɐdd‬ ‮nsɐƃǝ‬ ‮ıu‬ ‮ʎonɹ‬ ",{"t":"idOrVar","v":"brandShortName"}," ‮pǝʌıɔǝ‬. ‮Ｍǝ‬ ‮nsǝ‬ ‮ʇɥıs‬ ‮ʇo‬ ‮ɯɐʞǝ‬ ‮onɹ‬ ‮dɹopnɔʇs‬ ‮qǝʇʇǝɹ‬, ‮ɟɐsʇǝɹ‬ ‮ɐup‬ ‮ɯoɹǝ‬ ‮ɹǝsdousıʌǝ‬."]},{"$i":"learn-more-telemetry2","$v":["‮˥ǝɐɹu‬ ‮ɯoɹǝ‬ ‮ɐʇ‬ <a>",{"t":"idOrVar","v":"url"},"</a>"]},{"$i":"learn-more-information2","$v":["‮˥ǝɐɹu‬ ‮ɥoʍ‬ ‮Wozıʅʅɐ‬ ‮ɥɐupʅǝs‬ ‮ʎonɹ‬ ‮ıuɟoɹɯɐʇıou‬ ‮ɐʇ‬ <a>",{"t":"idOrVar","v":"url"},"</a>"]},{"$i":"htmlWelcome2","$v":["‮Ｍǝʅɔoɯǝ‬ ‮ʇo‬ <a>",{"t":"idOrVar","v":"brandShortName"},"</a>, ‮ʇɥǝ‬ ‮ɟɹǝǝ‬ ‮ɐup‬ ‮odǝu‬ ‮sonɹɔǝ‬ ‮odǝɹɐʇıuƃ‬ ‮sʎsʇǝɯ‬ ‮ɟɹoɯ‬ ‮Wozıʅʅɐ‬. ‮Onɹ‬ ‮ɯıssıou‬ ‮ıs‬ ‮ʇo‬ ‮dɹoɯoʇǝ‬ ‮odǝuuǝss‬, ‮ıuuoʌɐʇıou‬ ‮ɐup‬ ‮oddoɹʇnuıʇʎ‬ ‮qʎ‬ ‮ʞǝǝdıuƃ‬ ‮ʇɥǝ‬ ‮doʍǝɹ‬ ‮oɟ‬ ‮ʇɥǝ‬ ‮Ｍǝq‬ ‮ıu‬ ‮ʎonɹ‬ ‮ɥɐups‬."]},{"$i":"helpImprove2","$v":"‮ʎon‬ ‮ɔɐu‬ ‮ɥǝʅd‬ ‮ns‬ ‮ıɯdɹoʌǝ‬ ‮onɹ‬ ‮dɹopnɔʇs‬ ‮ɐup‬ ‮sǝɹʌıɔǝs‬ ‮qʎ‬ ‮ɐnʇoɯɐʇıɔɐʅʅʎ‬ ‮sǝupıuƃ‬ ‮ɐuɐʅʎʇıɔs‬ ‮pɐʇɐ‬. ‮Sǝǝ‬ ‮onɹ‬ <a>‮Ԁɹıʌɐɔʎ‬ ‮Noʇıɔǝ‬</a> ‮ʇo‬ ‮ʅǝɐɹu‬ ‮ɥoʍ‬ ‮ʍǝ‬ ‮ɥɐupʅǝ‬ ‮pɐʇɐ‬ ‮ɟɹoɯ‬ ‮ʎonɹ‬ ‮pǝʌıɔǝ‬."},{"$i":"learn-more-privacy2","$v":"‮˥ǝɐɹu‬ ‮ɥoʍ‬ ‮Wozıʅʅɐ‬ ‮ɥɐupʅǝs‬ ‮ʎonɹ‬ ‮ıuɟoɹɯɐʇıou‬ ‮ıu‬ ‮onɹ‬ <a>‮dɹıʌɐɔʎ‬ ‮doʅıɔʎ‬</a>."},{"$i":"aboutBrowser","$v":["‮∀qonʇ‬ ",{"t":"idOrVar","v":"brandShortName"}]},{"$i":"aboutYourPrivacy2","$v":"‮ʎonɹ‬ ‮Ԁɹıʌɐɔʎ‬"},{"$i":"mozillaCommunity2","$v":["‮Ｍɥǝu‬ ‮ʎon‬ ‮nsǝ‬ ",{"t":"idOrVar","v":"brandShortName"},", ‮ʎon‬ ‮qǝɔoɯǝ‬ ‮dɐɹʇ‬ ‮oɟ‬ ‮ɐ‬ ‮ƃʅoqɐʅ‬ ‮ɔoɯɯnuıʇʎ‬ ‮ɥǝʅdıuƃ‬ ‮ʇo‬ ‮qnıʅp‬ ‮ɐ‬ ‮qɹıƃɥʇǝɹ‬ ‮ɟnʇnɹǝ‬ ‮ɟoɹ‬ ‮ʇɥǝ‬ ‮Ｍǝq‬. ‮Iɟ‬ ‮ʎon‬’‮p‬ ‮ʅıʞǝ‬ ‮ʇo‬ ‮ʞuoʍ‬ ‮ɯoɹǝ‬ ‮ɐqonʇ‬ ‮ʇɥǝ‬ ‮Wozıʅʅɐ‬ ‮ɔoɯɯnuıʇʎ‬, ‮onɹ‬ ‮oʇɥǝɹ‬ ‮dɹopnɔʇs‬ ‮ɐup‬ ‮ǝʌǝuʇs‬ ‮uǝɐɹ‬ ‮ʎon‬, ‮dʅǝɐsǝ‬ ‮ǝuʇǝɹ‬ ‮ʎonɹ‬ ‮ǝɯɐıʅ‬ ‮ɐppɹǝss‬ ‮qǝʅoʍ‬."]},{"$i":"sharePerformanceAndUsageData2","$v":"‮ʎǝs‬! ‮Sǝup‬ ‮pɐʇɐ‬."},{"$i":"emailAddress","placeholder":"‮Ǝɯɐıʅ‬ ‮ɐppɹǝss‬"},{"$i":"email-successfully-added","$v":"‮Ǝɯɐıʅ‬ ‮snɔɔǝssɟnʅʅʎ‬ ‮ɐppǝp‬"},{"$i":"email-loading","$v":"‮Sɐʌıuƃ‬ ‮ʎonɹ‬ ‮ǝɯɐıʅ‬…"},{"$i":"privacy-b2g","$v":[{"t":"idOrVar","v":"brandShortName"}],"title":{"$v":[{"t":"idOrVar","v":"brandShortName"}]}},{"$i":"privacy-marketplace","$v":"‮Wɐɹʞǝʇdʅɐɔǝ‬","title":{"$v":[{"t":"idOrVar","v":"privacy-marketplace"}]}},{"$i":"privacy-eme","$v":"‮ƎʌǝɹʎʇɥıuƃWǝ‬"},{"$i":"privacy-e-me","title":{"$v":[{"t":"idOrVar","v":"privacy-e-me"}]}},{"$i":"navbar-back","$v":"‮Ԑɐɔʞ‬"},{"$i":"navbar-next","$v":"‮Nǝxʇ‬"},{"$i":"navbar-join","$v":"‮ſoıu‬"},{"$i":"done","$v":"‮pouǝ‬"},{"$i":"thatsIt","$v":"‮⊥ɥɐʇ‬’‮s‬ ‮ıʇ‬!"},{"$i":"startYourPhone","$v":"‮Sʇɐɹʇ‬ ‮ʎonɹ‬ ‮dɥouǝ‬ ‮ʇonɹ‬!"},{"$i":"startYourTablet","$v":"‮Sʇɐɹʇ‬ ‮ʎonɹ‬ ‮ʇɐqʅǝʇ‬ ‮ʇonɹ‬!"},{"$i":"joinTutorial","$v":"‮ſoıu‬ ‮ns‬ ‮ɟoɹ‬ ‮ɐ‬ ‮bnıɔʞ‬ ‮ʇnʇoɹıɐʅ‬ ‮ɐqonʇ‬ ‮ʎonɹ‬ ‮uǝʍ‬ ‮dɥouǝ‬."},{"$i":"joinTutorialUpdated","$v":"‮ſoıu‬ ‮ns‬ ‮ɟoɹ‬ ‮ɐ‬ ‮bnıɔʞ‬ ‮ʇnʇoɹıɐʅ‬ ‮ɐqonʇ‬ ‮ʇɥǝ‬ ‮ndpɐʇǝs‬ ‮ʇo‬ ‮ʎonɹ‬ ‮dɥouǝ‬!"},{"$i":"enjoyYourPhone","$v":"‮ʎon‬’‮ɹǝ‬ ‮ɹǝɐpʎ‬ ‮ʇo‬ ‮ǝuɾoʎ‬ ‮ʎonɹ‬ ‮uǝʍ‬ ‮dɥouǝ‬."},{"$i":"enjoyYourPhoneUpdated","$v":"‮ʎon‬’‮ɹǝ‬ ‮ɹǝɐpʎ‬ ‮ʇo‬ ‮ǝuɾoʎ‬ ‮ʎonɹ‬ ‮ndpɐʇǝp‬ ‮dɥouǝ‬."},{"$i":"optionsAvailable","$v":"‮ʎon‬ ‮ɔɐu‬ ‮ɔɥɐuƃǝ‬ ‮ʇɥǝ‬ ‮ʅɐuƃnɐƃǝ‬, ‮pɐʇǝ‬/‮ʇıɯǝ‬ ‮ɐup‬ ‮Ｍı‬-‮ɟı‬ ‮ɔouuǝɔʇıou‬ ‮ıu‬ ‮sǝʇʇıuƃs‬."},{"$i":"letsGo","$v":"‮˥ǝʇ‬’‮s‬ ‮ƃo‬"},{"$i":"startTour","$v":"‮Sʇɐɹʇ‬ ‮ʇonɹ‬"},{"$i":"thatsIt1Tablet-2","$v":"‮ʎon‬ ‮ɔɐu‬ ‮ɐʅʍɐʎs‬ ‮sʍıdǝ‬ ‮ɟɹoɯ‬ ‮ʇɥǝ‬ ‮qoʇʇoɯ‬ ‮ǝpƃǝ‬ ‮ʇo‬ ‮ǝuʇǝɹ‬ ‮ɥoɯǝ‬ ‮sɔɹǝǝu‬."},{"$i":"thatsIt2Tablet-2","$v":"‮˥ǝʇ‬’‮s‬ ‮po‬ ‮ıʇ‬!"},{"$i":"tutorial","$v":"‮⊥nʇoɹıɐʅ‬"},{"$i":"tutorial-step1-large-3","$v":"‮Sʍıdǝ‬ ‮poʍu‬ ‮ʇo‬ ‮ɐɔɔǝss‬ ‮ɹǝɔǝuʇ‬ ‮uoʇıɟıɔɐʇıous‬, ‮nsɐƃǝ‬ ‮ıuɟoɹɯɐʇıou‬ ‮ɐup‬ ‮sǝʇʇıuƃs‬."},{"$i":"tutorial-step2-large-2","$v":"‮Sʍıdǝ‬ ‮ʅǝɟʇ‬ ‮oɹ‬ ‮ɹıƃɥʇ‬ ‮ʇo‬ ‮pısɔoʌǝɹ‬ ‮uǝʍ‬ ‮ɐdds‬ ‮ou‬ ‮ɥoɯǝ‬ ‮sɔɹǝǝu‬."},{"$i":"tutorial-step3-large-2","$v":"‮⊥ɐd‬ ‮ɐup‬ ‮ɥoʅp‬ ‮ou‬ ‮ɐu‬ ‮ıɔou‬ ‮ʇo‬ ‮pǝʅǝʇǝ‬ ‮oɹ‬ ‮ɯoʌǝ‬ ‮ıʇ‬."},{"$i":"tutorial-step4-large-2","$v":"‮⊥ʍo‬ ‮ɟıuƃǝɹs‬ ‮sʍıdǝ‬ ‮nd‬ ‮ɟɹoɯ‬ ‮ʇɥǝ‬ ‮qoʇʇoɯ‬ ‮ǝpƃǝ‬ ‮ʇo‬ ‮ʇɹıƃƃǝɹ‬ ‮ɔɐɹp‬ ‮ʌıǝʍ‬."},{"$i":"tutorial-vertical-scroll-v2-tiny","$v":"‮Sʍıdǝ‬ ‮nd‬ ‮ɐup‬ ‮poʍu‬ ‮ʇo‬ ‮qɹoʍsǝ‬ ‮ʎonɹ‬ ‮ɐdds‬ ‮ɐup‬ ‮qooʞɯɐɹʞs‬. ‮⊥ɐd‬ ‮ɐup‬ ‮ɥoʅp‬ ‮ɐu‬ ‮ıɔou‬ ‮ʇo‬ ‮pǝʅǝʇǝ‬, ‮ɯoʌǝ‬, ‮oɹ‬ ‮ǝpıʇ‬ ‮ıʇ‬."},{"$i":"tutorial-notifications-v2-tiny","$v":"‮Sʍıdǝ‬ ‮poʍu‬ ‮ʇo‬ ‮ɐɔɔǝss‬ ‮ɹǝɔǝuʇ‬ ‮uoʇıɟıɔɐʇıous‬, ‮nsɐƃǝ‬ ‮ıuɟoɹɯɐʇıou‬ ‮ɐup‬ ‮sǝʇʇıuƃs‬."},{"$i":"tutorial-sheets-tiny","$v":"‮pɹɐƃ‬ ‮ɟɹoɯ‬ ‮ʇɥǝ‬ ‮ʅǝɟʇ‬ ‮ǝpƃǝ‬ ‮oɟ‬ ‮ʎonɹ‬ ‮sɔɹǝǝu‬ ‮ʇo‬ ‮ɹǝʇnɹu‬ ‮ʇo‬ ‮ɹǝɔǝuʇʅʎ‬ ‮nsǝp‬ ‮ɐdds‬."},{"$i":"tutorial-rocketbar-tiny","$v":"‮⊥ɐd‬ ‮ou‬ ‮ʇɥǝ‬ ‮sǝɐɹɔɥ‬ ‮qox‬ ‮ɐuʎʇıɯǝ‬ ‮ʇo‬ ‮sʇɐɹʇ‬ ‮ɐ‬ ‮sǝɐɹɔɥ‬ ‮oɹ‬ ‮ƃo‬ ‮ʇo‬ ‮ɐ‬ ‮ʍǝqsıʇǝ‬."},{"$i":"tutorial-bookmarks-migration-tiny","$v":"‮ʎonɹ‬ ‮qooʞɯɐɹʞs‬ ‮ɥɐʌǝ‬ ‮qǝǝu‬ ‮ɯoʌǝp‬ ‮ʇo‬ ‮ʇɥǝ‬ ‮ɥoɯǝsɔɹǝǝu‬. ‮Ｍɥǝu‬ ‮ǝpıʇıuƃ‬, ‮ʇɐd‬ ‮ɐ‬ ‮qooʞɯɐɹʞ‬ ‮ʇo‬ ‮ǝpıʇ‬ ‮oɹ‬ ‮ɹǝuɐɯǝ‬ ‮ıʇ‬."},{"$i":"tutorial-app-grouping-tiny","$v":"‮⊥ɐd‬ ‮ʇo‬ ‮ǝxdɐup‬ ‮ɐup‬ ‮ɔoʅʅɐdsǝ‬ ‮ɐdd‬ ‮ƃɹonds‬. ‮pɹɐƃ‬ ‮ɐu‬ ‮ɐdd‬ ‮ıuʇo‬ ‮ɐ‬ ‮uǝʍ‬ ‮sdɐɔǝ‬ ‮ʇo‬ ‮ɔɹǝɐʇǝ‬ ‮ɐ‬ ‮ƃɹond‬."},{"$i":"offline-dialog-title","$v":"‮ʎon‬ ‮ɯnsʇ‬ ‮qǝ‬ ‮ɔouuǝɔʇǝp‬ ‮ʇo‬ ‮ʇɥǝ‬ ‮Iuʇǝɹuǝʇ‬ ‮ʇo‬ ‮ʌıǝʍ‬ ‮ʇɥǝ‬ ‮dɐƃǝ‬."},{"$i":"offline-dialog-text","$v":["‮Ԁʅǝɐsǝ‬ ‮ƃo‬ ‮qɐɔʞ‬ ‮ɐup‬ ‮ɔouuǝɔʇ‬ ‮ʇo‬ ‮ʇɥǝ‬ ‮Iuʇǝɹuǝʇ‬. ‮ʎon‬ ‮ɔɐu‬ ‮ɐʅso‬ ‮ʌıǝʍ‬ ‮ʇɥǝ‬ ‮dɐƃǝ‬ ‮ʅɐʇǝɹ‬ ‮ɟɹoɯ‬ ‮Sǝʇʇıuƃs‬ ‮oɹ‬ ‮qʎ‬ ‮ǝuʇǝɹıuƃ‬ ",{"t":"idOrVar","v":"url"}," ‮ıu‬ ‮ɐuʎ‬ ‮qɹoʍsǝɹ‬."]},{"$i":"OK","$v":"‮OӼ‬"},{"$i":"offline-newsletter-dialog-title","$v":"‮ʎon‬ ‮ɯnsʇ‬ ‮qǝ‬ ‮ɔouuǝɔʇǝp‬ ‮ʇo‬ ‮ʇɥǝ‬ ‮Iuʇǝɹuǝʇ‬ ‮ʇo‬ ‮snqsɔɹıqǝ‬ ‮ʇo‬ ‮ʇɥǝ‬ ‮uǝʍsʅǝʇʇǝɹ‬."},{"$i":"offline-newsletter-dialog-text","$v":"‮Ԁʅǝɐsǝ‬ ‮ƃo‬ ‮qɐɔʞ‬ ‮ɐup‬ ‮ɔouuǝɔʇ‬ ‮ʇo‬ ‮ʇɥǝ‬ ‮Iuʇǝɹuǝʇ‬."},{"$i":"invalid-email-dialog-title","$v":"‮ʎonɹ‬ ‮ǝɯɐıʅ‬ ‮ıs‬ ‮uoʇ‬ ‮ʌɐʅıp‬"},{"$i":"invalid-email-dialog-text","$v":"‮Ԁʅǝɐsǝ‬ ‮ƃo‬ ‮qɐɔʞ‬ ‮ɐup‬ ‮ɔoɹɹǝɔʇ‬ ‮ʎonɹ‬ ‮ǝuʇɹʎ‬."},{"$i":"retry","$v":"‮ᴚǝʇɹʎ‬"},{"$i":"cancel","$v":"‮Ↄɐuɔǝʅ‬"},{"$i":"progressbar","$v":["‮Sʇǝd‬ ",{"t":"idOrVar","v":"step"}," ‮oɟ‬ ",{"t":"idOrVar","v":"total"}],"ariaLabel":"‮ɟıɹsʇ‬ ‮⊥ıɯǝ‬ ‮Ǝxdǝɹıǝuɔǝ‬"},{"$i":"weekday-0-long","$v":"‮Snupɐʎ‬"},{"$i":"weekday-1-long","$v":"‮Woupɐʎ‬"},{"$i":"weekday-2-long","$v":"‮⊥nǝspɐʎ‬"},{"$i":"weekday-3-long","$v":"‮Ｍǝpuǝspɐʎ‬"},{"$i":"weekday-4-long","$v":"‮⊥ɥnɹspɐʎ‬"},{"$i":"weekday-5-long","$v":"‮ɟɹıpɐʎ‬"},{"$i":"weekday-6-long","$v":"‮Sɐʇnɹpɐʎ‬"},{"$i":"weekday-0-short","$v":"‮Snu‬"},{"$i":"weekday-1-short","$v":"‮Wou‬"},{"$i":"weekday-2-short","$v":"‮⊥nǝ‬"},{"$i":"weekday-3-short","$v":"‮Ｍǝp‬"},{"$i":"weekday-4-short","$v":"‮⊥ɥn‬"},{"$i":"weekday-5-short","$v":"‮ɟɹı‬"},{"$i":"weekday-6-short","$v":"‮Sɐʇ‬"},{"$i":"month-0-long","$v":"‮ſɐunɐɹʎ‬"},{"$i":"month-1-long","$v":"‮ɟǝqɹnɐɹʎ‬"},{"$i":"month-2-long","$v":"‮Wɐɹɔɥ‬"},{"$i":"month-3-long","$v":"‮∀dɹıʅ‬"},{"$i":"month-4-long","$v":"‮Wɐʎ‬"},{"$i":"month-5-long","$v":"‮ſnuǝ‬"},{"$i":"month-6-long","$v":"‮ſnʅʎ‬"},{"$i":"month-7-long","$v":"‮∀nƃnsʇ‬"},{"$i":"month-8-long","$v":"‮Sǝdʇǝɯqǝɹ‬"},{"$i":"month-9-long","$v":"‮Oɔʇoqǝɹ‬"},{"$i":"month-10-long","$v":"‮Noʌǝɯqǝɹ‬"},{"$i":"month-11-long","$v":"‮pǝɔǝɯqǝɹ‬"},{"$i":"month-0-genitive","$v":"‮ſɐunɐɹʎ‬"},{"$i":"month-1-genitive","$v":"‮ɟǝqɹnɐɹʎ‬"},{"$i":"month-2-genitive","$v":"‮Wɐɹɔɥ‬"},{"$i":"month-3-genitive","$v":"‮∀dɹıʅ‬"},{"$i":"month-4-genitive","$v":"‮Wɐʎ‬"},{"$i":"month-5-genitive","$v":"‮ſnuǝ‬"},{"$i":"month-6-genitive","$v":"‮ſnʅʎ‬"},{"$i":"month-7-genitive","$v":"‮∀nƃnsʇ‬"},{"$i":"month-8-genitive","$v":"‮Sǝdʇǝɯqǝɹ‬"},{"$i":"month-9-genitive","$v":"‮Oɔʇoqǝɹ‬"},{"$i":"month-10-genitive","$v":"‮Noʌǝɯqǝɹ‬"},{"$i":"month-11-genitive","$v":"‮pǝɔǝɯqǝɹ‬"},{"$i":"month-0-short","$v":"‮ſɐu‬"},{"$i":"month-1-short","$v":"‮ɟǝq‬"},{"$i":"month-2-short","$v":"‮Wɐɹ‬"},{"$i":"month-3-short","$v":"‮∀dɹ‬"},{"$i":"month-4-short","$v":"‮Wɐʎ‬"},{"$i":"month-5-short","$v":"‮ſnu‬"},{"$i":"month-6-short","$v":"‮ſnʅ‬"},{"$i":"month-7-short","$v":"‮∀nƃ‬"},{"$i":"month-8-short","$v":"‮Sǝd‬"},{"$i":"month-9-short","$v":"‮Oɔʇ‬"},{"$i":"month-10-short","$v":"‮Noʌ‬"},{"$i":"month-11-short","$v":"‮pǝɔ‬"},{"$i":"minutes-ago-long","$v":{"zero":"‮ɾnsʇ‬ ‮uoʍ‬","one":"‮ɐ‬ ‮ɯıunʇǝ‬ ‮ɐƃo‬","two":[{"t":"idOrVar","v":"value"}," ‮ɯıunʇǝs‬ ‮ɐƃo‬"],"few":[{"t":"idOrVar","v":"value"}," ‮ɯıunʇǝs‬ ‮ɐƃo‬"],"many":[{"t":"idOrVar","v":"value"}," ‮ɯıunʇǝs‬ ‮ɐƃo‬"],"other":[{"t":"idOrVar","v":"value"}," ‮ɯıunʇǝs‬ ‮ɐƃo‬"]},"$x":[{"t":"idOrVar","v":"plural"},"value"]},{"$i":"hours-ago-long","$v":{"zero":"‮ɾnsʇ‬ ‮uoʍ‬","one":"‮ɐu‬ ‮ɥonɹ‬ ‮ɐƃo‬","two":[{"t":"idOrVar","v":"value"}," ‮ɥonɹs‬ ‮ɐƃo‬"],"few":[{"t":"idOrVar","v":"value"}," ‮ɥonɹs‬ ‮ɐƃo‬"],"many":[{"t":"idOrVar","v":"value"}," ‮ɥonɹs‬ ‮ɐƃo‬"],"other":[{"t":"idOrVar","v":"value"}," ‮ɥonɹs‬ ‮ɐƃo‬"]},"$x":[{"t":"idOrVar","v":"plural"},"value"]},{"$i":"days-ago-long","$v":{"zero":"‮ʇopɐʎ‬","one":"‮ʎǝsʇǝɹpɐʎ‬","two":[{"t":"idOrVar","v":"value"}," ‮pɐʎs‬ ‮ɐƃo‬"],"few":[{"t":"idOrVar","v":"value"}," ‮pɐʎs‬ ‮ɐƃo‬"],"many":[{"t":"idOrVar","v":"value"}," ‮pɐʎs‬ ‮ɐƃo‬"],"other":[{"t":"idOrVar","v":"value"}," ‮pɐʎs‬ ‮ɐƃo‬"]},"$x":[{"t":"idOrVar","v":"plural"},"value"]},{"$i":"weeks-ago-long","$v":{"zero":"‮ʇɥıs‬ ‮ʍǝǝʞ‬","one":"‮ʅɐsʇ‬ ‮ʍǝǝʞ‬","two":[{"t":"idOrVar","v":"value"}," ‮ʍǝǝʞs‬ ‮ɐƃo‬"],"few":[{"t":"idOrVar","v":"value"}," ‮ʍǝǝʞs‬ ‮ɐƃo‬"],"many":[{"t":"idOrVar","v":"value"}," ‮ʍǝǝʞs‬ ‮ɐƃo‬"],"other":[{"t":"idOrVar","v":"value"}," ‮ʍǝǝʞs‬ ‮ɐƃo‬"]},"$x":[{"t":"idOrVar","v":"plural"},"value"]},{"$i":"months-ago-long","$v":{"zero":"‮ʇɥıs‬ ‮ɯouʇɥ‬","one":"‮ʅɐsʇ‬ ‮ɯouʇɥ‬","two":[{"t":"idOrVar","v":"value"}," ‮ɯouʇɥs‬ ‮ɐƃo‬"],"few":[{"t":"idOrVar","v":"value"}," ‮ɯouʇɥs‬ ‮ɐƃo‬"],"many":[{"t":"idOrVar","v":"value"}," ‮ɯouʇɥs‬ ‮ɐƃo‬"],"other":[{"t":"idOrVar","v":"value"}," ‮ɯouʇɥs‬ ‮ɐƃo‬"]},"$x":[{"t":"idOrVar","v":"plural"},"value"]},{"$i":"years-ago-long","$v":{"zero":"‮ʇɥıs‬ ‮ʎǝɐɹ‬","one":"‮ʅɐsʇ‬ ‮ʎǝɐɹ‬","two":[{"t":"idOrVar","v":"value"}," ‮ʎǝɐɹs‬ ‮ɐƃo‬"],"few":[{"t":"idOrVar","v":"value"}," ‮ʎǝɐɹs‬ ‮ɐƃo‬"],"many":[{"t":"idOrVar","v":"value"}," ‮ʎǝɐɹs‬ ‮ɐƃo‬"],"other":[{"t":"idOrVar","v":"value"}," ‮ʎǝɐɹs‬ ‮ɐƃo‬"]},"$x":[{"t":"idOrVar","v":"plural"},"value"]},{"$i":"minutes-until-long","$v":{"zero":"‮uoʍ‬","one":"‮ıu‬ ‮ɐ‬ ‮ɯıunʇǝ‬","two":["‮ıu‬ ",{"t":"idOrVar","v":"value"}," ‮ɯıunʇǝs‬"],"few":["‮ıu‬ ",{"t":"idOrVar","v":"value"}," ‮ɯıunʇǝs‬"],"many":["‮ıu‬ ",{"t":"idOrVar","v":"value"}," ‮ɯıunʇǝs‬"],"other":["‮ıu‬ ",{"t":"idOrVar","v":"value"}," ‮ɯıunʇǝs‬"]},"$x":[{"t":"idOrVar","v":"plural"},"value"]},{"$i":"hours-until-long","$v":{"zero":"‮uoʍ‬","one":"‮ıu‬ ‮ɐu‬ ‮ɥonɹ‬","two":["‮ıu‬ ",{"t":"idOrVar","v":"value"}," ‮ɥonɹs‬"],"few":["‮ıu‬ ",{"t":"idOrVar","v":"value"}," ‮ɥonɹs‬"],"many":["‮ıu‬ ",{"t":"idOrVar","v":"value"}," ‮ɥonɹs‬"],"other":["‮ıu‬ ",{"t":"idOrVar","v":"value"}," ‮ɥonɹs‬"]},"$x":[{"t":"idOrVar","v":"plural"},"value"]},{"$i":"days-until-long","$v":{"zero":"‮ʇopɐʎ‬","one":"‮ʇoɯoɹɹoʍ‬","two":["‮ıu‬ ",{"t":"idOrVar","v":"value"}," ‮pɐʎs‬"],"few":["‮ıu‬ ",{"t":"idOrVar","v":"value"}," ‮pɐʎs‬"],"many":["‮ıu‬ ",{"t":"idOrVar","v":"value"}," ‮pɐʎs‬"],"other":["‮ıu‬ ",{"t":"idOrVar","v":"value"}," ‮pɐʎs‬"]},"$x":[{"t":"idOrVar","v":"plural"},"value"]},{"$i":"weeks-until-long","$v":{"zero":"‮ʇɥıs‬ ‮ʍǝǝʞ‬","one":"‮uǝxʇ‬ ‮ʍǝǝʞ‬","two":["‮ıu‬ ",{"t":"idOrVar","v":"value"}," ‮ʍǝǝʞs‬"],"few":["‮ıu‬ ",{"t":"idOrVar","v":"value"}," ‮ʍǝǝʞs‬"],"many":["‮ıu‬ ",{"t":"idOrVar","v":"value"}," ‮ʍǝǝʞs‬"],"other":["‮ıu‬ ",{"t":"idOrVar","v":"value"}," ‮ʍǝǝʞs‬"]},"$x":[{"t":"idOrVar","v":"plural"},"value"]},{"$i":"months-until-long","$v":{"zero":"‮ʇɥıs‬ ‮ɯouʇɥ‬","one":"‮uǝxʇ‬ ‮ɯouʇɥ‬","two":["‮ıu‬ ",{"t":"idOrVar","v":"value"}," ‮ɯouʇɥs‬"],"few":["‮ıu‬ ",{"t":"idOrVar","v":"value"}," ‮ɯouʇɥs‬"],"many":["‮ıu‬ ",{"t":"idOrVar","v":"value"}," ‮ɯouʇɥs‬"],"other":["‮ıu‬ ",{"t":"idOrVar","v":"value"}," ‮ɯouʇɥs‬"]},"$x":[{"t":"idOrVar","v":"plural"},"value"]},{"$i":"years-until-long","$v":{"zero":"‮ʇɥıs‬ ‮ʎǝɐɹ‬","one":"‮uǝxʇ‬ ‮ʎǝɐɹ‬","two":["‮ıu‬ ",{"t":"idOrVar","v":"value"}," ‮ʎǝɐɹs‬"],"few":["‮ıu‬ ",{"t":"idOrVar","v":"value"}," ‮ʎǝɐɹs‬"],"many":["‮ıu‬ ",{"t":"idOrVar","v":"value"}," ‮ʎǝɐɹs‬"],"other":["‮ıu‬ ",{"t":"idOrVar","v":"value"}," ‮ʎǝɐɹs‬"]},"$x":[{"t":"idOrVar","v":"plural"},"value"]},{"$i":"minutes-ago-short","$v":{"zero":"‮ɾnsʇ‬ ‮uoʍ‬","other":[{"t":"idOrVar","v":"value"},"‮ɯ‬ ‮ɐƃo‬"]},"$x":[{"t":"idOrVar","v":"plural"},"value"]},{"$i":"hours-ago-short","$v":{"zero":"‮ɾnsʇ‬ ‮uoʍ‬","other":[{"t":"idOrVar","v":"value"},"‮ɥ‬ ‮ɐƃo‬"]},"$x":[{"t":"idOrVar","v":"plural"},"value"]},{"$i":"days-ago-short","$v":{"zero":"‮ʇopɐʎ‬","other":[{"t":"idOrVar","v":"value"},"‮p‬ ‮ɐƃo‬"]},"$x":[{"t":"idOrVar","v":"plural"},"value"]},{"$i":"minutes-until-short","$v":{"zero":"‮uoʍ‬","other":["‮ıu‬ ",{"t":"idOrVar","v":"value"},"‮ɯ‬"]},"$x":[{"t":"idOrVar","v":"plural"},"value"]},{"$i":"hours-until-short","$v":{"zero":"‮uoʍ‬","other":["‮ıu‬ ",{"t":"idOrVar","v":"value"},"‮ɥ‬"]},"$x":[{"t":"idOrVar","v":"plural"},"value"]},{"$i":"days-until-short","$v":{"zero":"‮ʇopɐʎ‬","other":["‮ıu‬ ",{"t":"idOrVar","v":"value"},"‮p‬"]},"$x":[{"t":"idOrVar","v":"plural"},"value"]},{"$i":"incorrectDate","$v":"(‮ıuɔoɹɹǝɔʇ‬ ‮pɐʇǝ‬)"},{"$i":"dateTimeFormat_%c","$v":"%a %b %e %Y %I:%M:%S %p"},{"$i":"dateTimeFormat_%x","$v":"%m/%d/%Y"},{"$i":"dateTimeFormat_%X","$v":"%I:%M:%S %p"},{"$i":"shortTimeFormat","$v":"%I:%M %p"},{"$i":"shortTimeFormat12","$v":"%I:%M %p"},{"$i":"shortTimeFormat24","$v":"%H:%M"},{"$i":"shortDateTimeFormat","$v":"%x %I:%M %p"},{"$i":"weekStartsOnMonday","$v":"0"},{"$i":"firstDayOfTheWeek","$v":"0"},{"$i":"time_am","$v":"‮∀W‬"},{"$i":"time_pm","$v":"‮ԀW‬"},{"$i":"tz-region","$v":"‮ᴚǝƃıou‬"},{"$i":"tz-city","$v":"‮Ↄıʇʎ‬"},{"$i":"tzRegion-Africa","$v":"‮∀ɟɹıɔɐ‬"},{"$i":"tzRegion-America","$v":"‮∀ɯǝɹıɔɐ‬"},{"$i":"tzRegion-Antarctica","$v":"‮∀uʇɐɹɔʇıɔɐ‬"},{"$i":"tzRegion-Asia","$v":"‮∀sıɐ‬"},{"$i":"tzRegion-Atlantic","$v":"‮∀ʇʅɐuʇıɔ‬ ‮Oɔǝɐu‬"},{"$i":"tzRegion-Australia","$v":"‮∀nsʇɹɐʅıɐ‬"},{"$i":"tzRegion-Europe","$v":"‮Ǝnɹodǝ‬"},{"$i":"tzRegion-Indian","$v":"‮Iupıɐu‬ ‮Oɔǝɐu‬"},{"$i":"tzRegion-Pacific","$v":"‮Ԁɐɔıɟıɔ‬ ‮Oɔǝɐu‬"}]