[{"$i":"reset","$v":"‮ᴚǝsǝʇ‬"},{"$i":"start","$v":"‮Sʇɐɹʇ‬"},{"$i":"stop","$v":"‮Sʇod‬"},{"$i":"cancel","$v":"‮Ↄɐuɔǝʅ‬"},{"$i":"hour","$v":"‮Honɹ‬"},{"$i":"hours","$v":"‮Honɹs‬"},{"$i":"minute","$v":"‮Wıunʇǝ‬"},{"$i":"minutes","$v":"‮Wıunʇǝs‬"},{"$i":"alarm","$v":"‮∀ʅɐɹɯ‬"},{"$i":"timer","$v":"‮⊥ıɯǝɹ‬"},{"$i":"stopwatch","$v":"‮Sʇodʍɐʇɔɥ‬"},{"$i":"alarmName","placeholder":"‮∀ʅɐɹɯ‬ ‮uɐɯǝ‬"},{"$i":"newAlarm","$v":"‮Nǝʍ‬ ‮ɐʅɐɹɯ‬"},{"$i":"editAlarm","$v":"‮Ǝpıʇ‬ ‮ɐʅɐɹɯ‬"},{"$i":"pause","$v":"‮Ԁɐnsǝ‬"},{"$i":"resume","$v":"‮ᴚǝsnɯǝ‬"},{"$i":"lap","$v":"‮˥ɐd‬"},{"$i":"lap-number","$v":["‮˥ɐd‬ ",{"t":"idOrVar","v":"n"}]},{"$i":"delete","$v":"‮pǝʅǝʇǝ‬"},{"$i":"time","$v":"‮⊥ıɯǝ‬"},{"$i":"snooze-label","$v":"‮Suoozǝ‬"},{"$i":"snooze-button","$v":"‮Suoozǝ‬"},{"$i":"repeat","$v":"‮ᴚǝdǝɐʇ‬"},{"$i":"vibrate","$v":"‮Ʌıqɹɐʇǝ‬"},{"$i":"close","$v":"‮Ↄʅosǝ‬"},{"$i":"save","$v":"‮Sɐʌǝ‬"},{"$i":"done","$v":"‮pouǝ‬"},{"$i":"closeButton","ariaLabel":"‮Ↄʅosǝ‬"},{"$i":"newAlarmButton","ariaLabel":"‮Nǝʍ‬ ‮ɐʅɐɹɯ‬"},{"$i":"alarm-volume-label","$v":"‮Sʎsʇǝɯ‬ ‮∀ʅɐɹɯ‬ ‮Ʌoʅnɯǝ‬"},{"$i":"sound","$v":"‮Sonup‬"},{"$i":"noSound","$v":"‮No‬ ‮Sonup‬"},{"$i":"everyday","$v":"‮Ǝʌǝɹʎ‬ ‮pɐʎ‬"},{"$i":"weekdays","$v":"‮Ｍǝǝʞpɐʎs‬"},{"$i":"weekends","$v":"‮Ｍǝǝʞǝups‬"},{"$i":"never","$v":"‮Nǝʌǝɹ‬"},{"$i":"vibrateOn","$v":"‮Ou‬"},{"$i":"vibrateOff","$v":"‮Oɟɟ‬"},{"$i":"plusMinute","$v":"+1 ‮Wıu‬"},{"$i":"dateFormat","$v":"%A, %B %e"},{"$i":"countdown-lessThanAnHour","$v":["‮⊥ɥǝ‬ ‮ɐʅɐɹɯ‬ ‮ıs‬ ‮sǝʇ‬ ‮ɟoɹ‬ <strong>",{"t":"idOrVar","v":"minutes"},"</strong> ‮ɟɹoɯ‬ ‮uoʍ‬."]},{"$i":"countdown-moreThanAnHour","$v":["‮⊥ɥǝ‬ ‮ɐʅɐɹɯ‬ ‮ıs‬ ‮sǝʇ‬ ‮ɟoɹ‬ ",{"t":"idOrVar","v":"hours"}," ",{"t":"idOrVar","v":"minutes"}," ‮ɟɹoɯ‬ ‮uoʍ‬."]},{"$i":"countdown-moreThanADay","$v":["‮⊥ɥǝ‬ ‮ɐʅɐɹɯ‬ ‮ıs‬ ‮sǝʇ‬ ‮ɟoɹ‬ ",{"t":"idOrVar","v":"days"}," ",{"t":"idOrVar","v":"hours"}," ‮ɟɹoɯ‬ ‮uoʍ‬."]},{"$i":"nMinutes","$v":{"zero":"‮ʅǝss‬ ‮ʇɥɐu‬ ‮ɐ‬ ‮ɯıunʇǝ‬","one":"‮ouǝ‬ ‮ɯıunʇǝ‬","two":[{"t":"idOrVar","v":"n"}," ‮ɯıunʇǝs‬"],"few":[{"t":"idOrVar","v":"n"}," ‮ɯıunʇǝs‬"],"many":[{"t":"idOrVar","v":"n"}," ‮ɯıunʇǝs‬"],"other":[{"t":"idOrVar","v":"n"}," ‮ɯıunʇǝs‬"]},"$x":[{"t":"idOrVar","v":"plural"},"n"]},{"$i":"nHours","$v":{"zero":"","one":["<strong>",{"t":"idOrVar","v":"n"}," ‮ɥonɹ‬</strong>"],"two":["<strong>",{"t":"idOrVar","v":"n"}," ‮ɥonɹs‬</strong>"],"few":["<strong>",{"t":"idOrVar","v":"n"}," ‮ɥonɹs‬</strong>"],"many":["<strong>",{"t":"idOrVar","v":"n"}," ‮ɥonɹs‬</strong>"],"other":["<strong>",{"t":"idOrVar","v":"n"}," ‮ɥonɹs‬</strong>"]},"$x":[{"t":"idOrVar","v":"plural"},"n"]},{"$i":"nAndRemainHours","$v":{"zero":"","one":["‮ɐup‬ <strong>",{"t":"idOrVar","v":"n"}," ‮ɥonɹ‬</strong>"],"two":["‮ɐup‬ <strong>",{"t":"idOrVar","v":"n"}," ‮ɥonɹs‬</strong>"],"few":["‮ɐup‬ <strong>",{"t":"idOrVar","v":"n"}," ‮ɥonɹs‬</strong>"],"many":["‮ɐup‬ <strong>",{"t":"idOrVar","v":"n"}," ‮ɥonɹs‬</strong>"],"other":["‮ɐup‬ <strong>",{"t":"idOrVar","v":"n"}," ‮ɥonɹs‬</strong>"]},"$x":[{"t":"idOrVar","v":"plural"},"n"]},{"$i":"nRemainDays","$v":{"zero":"","one":["<strong>",{"t":"idOrVar","v":"n"}," ‮pɐʎ‬</strong>"],"two":["<strong>",{"t":"idOrVar","v":"n"}," ‮pɐʎs‬</strong>"],"few":["<strong>",{"t":"idOrVar","v":"n"}," ‮pɐʎs‬</strong>"],"many":["<strong>",{"t":"idOrVar","v":"n"}," ‮pɐʎs‬</strong>"],"other":["<strong>",{"t":"idOrVar","v":"n"}," ‮pɐʎs‬</strong>"]},"$x":[{"t":"idOrVar","v":"plural"},"n"]},{"$i":"nRemainMinutes","$v":{"zero":"","one":["‮ɐup‬ <strong>",{"t":"idOrVar","v":"n"}," ‮ɯıunʇǝ‬</strong>"],"two":["‮ɐup‬ <strong>",{"t":"idOrVar","v":"n"}," ‮ɯıunʇǝs‬</strong>"],"few":["‮ɐup‬ <strong>",{"t":"idOrVar","v":"n"}," ‮ɯıunʇǝs‬</strong>"],"many":["‮ɐup‬ <strong>",{"t":"idOrVar","v":"n"}," ‮ɯıunʇǝs‬</strong>"],"other":["‮ɐup‬ <strong>",{"t":"idOrVar","v":"n"}," ‮ɯıunʇǝs‬</strong>"]},"$x":[{"t":"idOrVar","v":"plural"},"n"]},{"$i":"nSpinnerSeconds","$v":{"zero":"‮zǝɹo‬ ‮sǝɔoups‬","one":"‮ouǝ‬ ‮sǝɔoup‬","two":[{"t":"idOrVar","v":"n"}," ‮sǝɔoups‬"],"few":[{"t":"idOrVar","v":"n"}," ‮sǝɔoups‬"],"many":[{"t":"idOrVar","v":"n"}," ‮sǝɔoups‬"],"other":[{"t":"idOrVar","v":"n"}," ‮sǝɔoups‬"]},"$x":[{"t":"idOrVar","v":"plural"},"n"]},{"$i":"nSpinnerMinutes","$v":{"zero":"‮zǝɹo‬ ‮ɯıunʇǝs‬","one":"‮ouǝ‬ ‮ɯıunʇǝ‬","two":[{"t":"idOrVar","v":"n"}," ‮ɯıunʇǝs‬"],"few":[{"t":"idOrVar","v":"n"}," ‮ɯıunʇǝs‬"],"many":[{"t":"idOrVar","v":"n"}," ‮ɯıunʇǝs‬"],"other":[{"t":"idOrVar","v":"n"}," ‮ɯıunʇǝs‬"]},"$x":[{"t":"idOrVar","v":"plural"},"n"]},{"$i":"nSpinnerHours","$v":{"zero":"‮zǝɹo‬ ‮ɥonɹs‬","one":[{"t":"idOrVar","v":"n"}," ‮ɥonɹ‬"],"two":[{"t":"idOrVar","v":"n"}," ‮ɥonɹs‬"],"few":[{"t":"idOrVar","v":"n"}," ‮ɥonɹs‬"],"many":[{"t":"idOrVar","v":"n"}," ‮ɥonɹs‬"],"other":[{"t":"idOrVar","v":"n"}," ‮ɥonɹs‬"]},"$x":[{"t":"idOrVar","v":"plural"},"n"]},{"$i":"ac_awake_opus","$v":"‮∀ʍɐʞǝ‬"},{"$i":"ac_crystalize_opus","$v":"‮Ↄɹʎsʇɐʅızǝ‬"},{"$i":"ac_cycle_opus","$v":"‮Ↄʎɔʅǝ‬"},{"$i":"ac_digicloud_opus","$v":"‮pıƃıɔʅonp‬"},{"$i":"ac_humming_waves_opus","$v":"‮Hnɯɯıuƃ‬ ‮Ｍɐʌǝs‬"},{"$i":"ac_into_the_void_opus","$v":"‮Iuʇo‬ ‮ʇɥǝ‬ ‮Ʌoıp‬"},{"$i":"ac_lightly_opus","$v":"‮˥ıƃɥʇʅʎ‬"},{"$i":"ac_mobile_opus","$v":"‮Woqıʅǝ‬"},{"$i":"ac_pinger_opus","$v":"‮Ԁıuƃǝɹ‬"},{"$i":"ac_skip_opus","$v":"‮Sʞıd‬"},{"$i":"ac_tri_opus","$v":"‮⊥ɹı‬"},{"$i":"ac_universal_opus","$v":"‮∩uıʌǝɹsɐʅ‬"},{"$i":"weekday-0-long","$v":"‮Snupɐʎ‬"},{"$i":"weekday-1-long","$v":"‮Woupɐʎ‬"},{"$i":"weekday-2-long","$v":"‮⊥nǝspɐʎ‬"},{"$i":"weekday-3-long","$v":"‮Ｍǝpuǝspɐʎ‬"},{"$i":"weekday-4-long","$v":"‮⊥ɥnɹspɐʎ‬"},{"$i":"weekday-5-long","$v":"‮ɟɹıpɐʎ‬"},{"$i":"weekday-6-long","$v":"‮Sɐʇnɹpɐʎ‬"},{"$i":"weekday-0-short","$v":"‮Snu‬"},{"$i":"weekday-1-short","$v":"‮Wou‬"},{"$i":"weekday-2-short","$v":"‮⊥nǝ‬"},{"$i":"weekday-3-short","$v":"‮Ｍǝp‬"},{"$i":"weekday-4-short","$v":"‮⊥ɥn‬"},{"$i":"weekday-5-short","$v":"‮ɟɹı‬"},{"$i":"weekday-6-short","$v":"‮Sɐʇ‬"},{"$i":"month-0-long","$v":"‮ſɐunɐɹʎ‬"},{"$i":"month-1-long","$v":"‮ɟǝqɹnɐɹʎ‬"},{"$i":"month-2-long","$v":"‮Wɐɹɔɥ‬"},{"$i":"month-3-long","$v":"‮∀dɹıʅ‬"},{"$i":"month-4-long","$v":"‮Wɐʎ‬"},{"$i":"month-5-long","$v":"‮ſnuǝ‬"},{"$i":"month-6-long","$v":"‮ſnʅʎ‬"},{"$i":"month-7-long","$v":"‮∀nƃnsʇ‬"},{"$i":"month-8-long","$v":"‮Sǝdʇǝɯqǝɹ‬"},{"$i":"month-9-long","$v":"‮Oɔʇoqǝɹ‬"},{"$i":"month-10-long","$v":"‮Noʌǝɯqǝɹ‬"},{"$i":"month-11-long","$v":"‮pǝɔǝɯqǝɹ‬"},{"$i":"month-0-genitive","$v":"‮ſɐunɐɹʎ‬"},{"$i":"month-1-genitive","$v":"‮ɟǝqɹnɐɹʎ‬"},{"$i":"month-2-genitive","$v":"‮Wɐɹɔɥ‬"},{"$i":"month-3-genitive","$v":"‮∀dɹıʅ‬"},{"$i":"month-4-genitive","$v":"‮Wɐʎ‬"},{"$i":"month-5-genitive","$v":"‮ſnuǝ‬"},{"$i":"month-6-genitive","$v":"‮ſnʅʎ‬"},{"$i":"month-7-genitive","$v":"‮∀nƃnsʇ‬"},{"$i":"month-8-genitive","$v":"‮Sǝdʇǝɯqǝɹ‬"},{"$i":"month-9-genitive","$v":"‮Oɔʇoqǝɹ‬"},{"$i":"month-10-genitive","$v":"‮Noʌǝɯqǝɹ‬"},{"$i":"month-11-genitive","$v":"‮pǝɔǝɯqǝɹ‬"},{"$i":"month-0-short","$v":"‮ſɐu‬"},{"$i":"month-1-short","$v":"‮ɟǝq‬"},{"$i":"month-2-short","$v":"‮Wɐɹ‬"},{"$i":"month-3-short","$v":"‮∀dɹ‬"},{"$i":"month-4-short","$v":"‮Wɐʎ‬"},{"$i":"month-5-short","$v":"‮ſnu‬"},{"$i":"month-6-short","$v":"‮ſnʅ‬"},{"$i":"month-7-short","$v":"‮∀nƃ‬"},{"$i":"month-8-short","$v":"‮Sǝd‬"},{"$i":"month-9-short","$v":"‮Oɔʇ‬"},{"$i":"month-10-short","$v":"‮Noʌ‬"},{"$i":"month-11-short","$v":"‮pǝɔ‬"},{"$i":"minutes-ago-long","$v":{"zero":"‮ɾnsʇ‬ ‮uoʍ‬","one":"‮ɐ‬ ‮ɯıunʇǝ‬ ‮ɐƃo‬","two":[{"t":"idOrVar","v":"value"}," ‮ɯıunʇǝs‬ ‮ɐƃo‬"],"few":[{"t":"idOrVar","v":"value"}," ‮ɯıunʇǝs‬ ‮ɐƃo‬"],"many":[{"t":"idOrVar","v":"value"}," ‮ɯıunʇǝs‬ ‮ɐƃo‬"],"other":[{"t":"idOrVar","v":"value"}," ‮ɯıunʇǝs‬ ‮ɐƃo‬"]},"$x":[{"t":"idOrVar","v":"plural"},"value"]},{"$i":"hours-ago-long","$v":{"zero":"‮ɾnsʇ‬ ‮uoʍ‬","one":"‮ɐu‬ ‮ɥonɹ‬ ‮ɐƃo‬","two":[{"t":"idOrVar","v":"value"}," ‮ɥonɹs‬ ‮ɐƃo‬"],"few":[{"t":"idOrVar","v":"value"}," ‮ɥonɹs‬ ‮ɐƃo‬"],"many":[{"t":"idOrVar","v":"value"}," ‮ɥonɹs‬ ‮ɐƃo‬"],"other":[{"t":"idOrVar","v":"value"}," ‮ɥonɹs‬ ‮ɐƃo‬"]},"$x":[{"t":"idOrVar","v":"plural"},"value"]},{"$i":"days-ago-long","$v":{"zero":"‮ʇopɐʎ‬","one":"‮ʎǝsʇǝɹpɐʎ‬","two":[{"t":"idOrVar","v":"value"}," ‮pɐʎs‬ ‮ɐƃo‬"],"few":[{"t":"idOrVar","v":"value"}," ‮pɐʎs‬ ‮ɐƃo‬"],"many":[{"t":"idOrVar","v":"value"}," ‮pɐʎs‬ ‮ɐƃo‬"],"other":[{"t":"idOrVar","v":"value"}," ‮pɐʎs‬ ‮ɐƃo‬"]},"$x":[{"t":"idOrVar","v":"plural"},"value"]},{"$i":"weeks-ago-long","$v":{"zero":"‮ʇɥıs‬ ‮ʍǝǝʞ‬","one":"‮ʅɐsʇ‬ ‮ʍǝǝʞ‬","two":[{"t":"idOrVar","v":"value"}," ‮ʍǝǝʞs‬ ‮ɐƃo‬"],"few":[{"t":"idOrVar","v":"value"}," ‮ʍǝǝʞs‬ ‮ɐƃo‬"],"many":[{"t":"idOrVar","v":"value"}," ‮ʍǝǝʞs‬ ‮ɐƃo‬"],"other":[{"t":"idOrVar","v":"value"}," ‮ʍǝǝʞs‬ ‮ɐƃo‬"]},"$x":[{"t":"idOrVar","v":"plural"},"value"]},{"$i":"months-ago-long","$v":{"zero":"‮ʇɥıs‬ ‮ɯouʇɥ‬","one":"‮ʅɐsʇ‬ ‮ɯouʇɥ‬","two":[{"t":"idOrVar","v":"value"}," ‮ɯouʇɥs‬ ‮ɐƃo‬"],"few":[{"t":"idOrVar","v":"value"}," ‮ɯouʇɥs‬ ‮ɐƃo‬"],"many":[{"t":"idOrVar","v":"value"}," ‮ɯouʇɥs‬ ‮ɐƃo‬"],"other":[{"t":"idOrVar","v":"value"}," ‮ɯouʇɥs‬ ‮ɐƃo‬"]},"$x":[{"t":"idOrVar","v":"plural"},"value"]},{"$i":"years-ago-long","$v":{"zero":"‮ʇɥıs‬ ‮ʎǝɐɹ‬","one":"‮ʅɐsʇ‬ ‮ʎǝɐɹ‬","two":[{"t":"idOrVar","v":"value"}," ‮ʎǝɐɹs‬ ‮ɐƃo‬"],"few":[{"t":"idOrVar","v":"value"}," ‮ʎǝɐɹs‬ ‮ɐƃo‬"],"many":[{"t":"idOrVar","v":"value"}," ‮ʎǝɐɹs‬ ‮ɐƃo‬"],"other":[{"t":"idOrVar","v":"value"}," ‮ʎǝɐɹs‬ ‮ɐƃo‬"]},"$x":[{"t":"idOrVar","v":"plural"},"value"]},{"$i":"minutes-until-long","$v":{"zero":"‮uoʍ‬","one":"‮ıu‬ ‮ɐ‬ ‮ɯıunʇǝ‬","two":["‮ıu‬ ",{"t":"idOrVar","v":"value"}," ‮ɯıunʇǝs‬"],"few":["‮ıu‬ ",{"t":"idOrVar","v":"value"}," ‮ɯıunʇǝs‬"],"many":["‮ıu‬ ",{"t":"idOrVar","v":"value"}," ‮ɯıunʇǝs‬"],"other":["‮ıu‬ ",{"t":"idOrVar","v":"value"}," ‮ɯıunʇǝs‬"]},"$x":[{"t":"idOrVar","v":"plural"},"value"]},{"$i":"hours-until-long","$v":{"zero":"‮uoʍ‬","one":"‮ıu‬ ‮ɐu‬ ‮ɥonɹ‬","two":["‮ıu‬ ",{"t":"idOrVar","v":"value"}," ‮ɥonɹs‬"],"few":["‮ıu‬ ",{"t":"idOrVar","v":"value"}," ‮ɥonɹs‬"],"many":["‮ıu‬ ",{"t":"idOrVar","v":"value"}," ‮ɥonɹs‬"],"other":["‮ıu‬ ",{"t":"idOrVar","v":"value"}," ‮ɥonɹs‬"]},"$x":[{"t":"idOrVar","v":"plural"},"value"]},{"$i":"days-until-long","$v":{"zero":"‮ʇopɐʎ‬","one":"‮ʇoɯoɹɹoʍ‬","two":["‮ıu‬ ",{"t":"idOrVar","v":"value"}," ‮pɐʎs‬"],"few":["‮ıu‬ ",{"t":"idOrVar","v":"value"}," ‮pɐʎs‬"],"many":["‮ıu‬ ",{"t":"idOrVar","v":"value"}," ‮pɐʎs‬"],"other":["‮ıu‬ ",{"t":"idOrVar","v":"value"}," ‮pɐʎs‬"]},"$x":[{"t":"idOrVar","v":"plural"},"value"]},{"$i":"weeks-until-long","$v":{"zero":"‮ʇɥıs‬ ‮ʍǝǝʞ‬","one":"‮uǝxʇ‬ ‮ʍǝǝʞ‬","two":["‮ıu‬ ",{"t":"idOrVar","v":"value"}," ‮ʍǝǝʞs‬"],"few":["‮ıu‬ ",{"t":"idOrVar","v":"value"}," ‮ʍǝǝʞs‬"],"many":["‮ıu‬ ",{"t":"idOrVar","v":"value"}," ‮ʍǝǝʞs‬"],"other":["‮ıu‬ ",{"t":"idOrVar","v":"value"}," ‮ʍǝǝʞs‬"]},"$x":[{"t":"idOrVar","v":"plural"},"value"]},{"$i":"months-until-long","$v":{"zero":"‮ʇɥıs‬ ‮ɯouʇɥ‬","one":"‮uǝxʇ‬ ‮ɯouʇɥ‬","two":["‮ıu‬ ",{"t":"idOrVar","v":"value"}," ‮ɯouʇɥs‬"],"few":["‮ıu‬ ",{"t":"idOrVar","v":"value"}," ‮ɯouʇɥs‬"],"many":["‮ıu‬ ",{"t":"idOrVar","v":"value"}," ‮ɯouʇɥs‬"],"other":["‮ıu‬ ",{"t":"idOrVar","v":"value"}," ‮ɯouʇɥs‬"]},"$x":[{"t":"idOrVar","v":"plural"},"value"]},{"$i":"years-until-long","$v":{"zero":"‮ʇɥıs‬ ‮ʎǝɐɹ‬","one":"‮uǝxʇ‬ ‮ʎǝɐɹ‬","two":["‮ıu‬ ",{"t":"idOrVar","v":"value"}," ‮ʎǝɐɹs‬"],"few":["‮ıu‬ ",{"t":"idOrVar","v":"value"}," ‮ʎǝɐɹs‬"],"many":["‮ıu‬ ",{"t":"idOrVar","v":"value"}," ‮ʎǝɐɹs‬"],"other":["‮ıu‬ ",{"t":"idOrVar","v":"value"}," ‮ʎǝɐɹs‬"]},"$x":[{"t":"idOrVar","v":"plural"},"value"]},{"$i":"minutes-ago-short","$v":{"zero":"‮ɾnsʇ‬ ‮uoʍ‬","other":[{"t":"idOrVar","v":"value"},"‮ɯ‬ ‮ɐƃo‬"]},"$x":[{"t":"idOrVar","v":"plural"},"value"]},{"$i":"hours-ago-short","$v":{"zero":"‮ɾnsʇ‬ ‮uoʍ‬","other":[{"t":"idOrVar","v":"value"},"‮ɥ‬ ‮ɐƃo‬"]},"$x":[{"t":"idOrVar","v":"plural"},"value"]},{"$i":"days-ago-short","$v":{"zero":"‮ʇopɐʎ‬","other":[{"t":"idOrVar","v":"value"},"‮p‬ ‮ɐƃo‬"]},"$x":[{"t":"idOrVar","v":"plural"},"value"]},{"$i":"minutes-until-short","$v":{"zero":"‮uoʍ‬","other":["‮ıu‬ ",{"t":"idOrVar","v":"value"},"‮ɯ‬"]},"$x":[{"t":"idOrVar","v":"plural"},"value"]},{"$i":"hours-until-short","$v":{"zero":"‮uoʍ‬","other":["‮ıu‬ ",{"t":"idOrVar","v":"value"},"‮ɥ‬"]},"$x":[{"t":"idOrVar","v":"plural"},"value"]},{"$i":"days-until-short","$v":{"zero":"‮ʇopɐʎ‬","other":["‮ıu‬ ",{"t":"idOrVar","v":"value"},"‮p‬"]},"$x":[{"t":"idOrVar","v":"plural"},"value"]},{"$i":"incorrectDate","$v":"(‮ıuɔoɹɹǝɔʇ‬ ‮pɐʇǝ‬)"},{"$i":"dateTimeFormat_%c","$v":"%a %b %e %Y %I:%M:%S %p"},{"$i":"dateTimeFormat_%x","$v":"%m/%d/%Y"},{"$i":"dateTimeFormat_%X","$v":"%I:%M:%S %p"},{"$i":"shortTimeFormat","$v":"%I:%M %p"},{"$i":"shortTimeFormat12","$v":"%I:%M %p"},{"$i":"shortTimeFormat24","$v":"%H:%M"},{"$i":"shortDateTimeFormat","$v":"%x %I:%M %p"},{"$i":"weekStartsOnMonday","$v":"0"},{"$i":"firstDayOfTheWeek","$v":"0"},{"$i":"time_am","$v":"‮∀W‬"},{"$i":"time_pm","$v":"‮ԀW‬"}]