[{"$i":"done","$v":"Done"},{"$i":"number-selected2","$v":{"zero":"Select","one":[{"t":"idOrVar","v":"n"}," selected"],"two":[{"t":"idOrVar","v":"n"}," selected"],"few":[{"t":"idOrVar","v":"n"}," selected"],"many":[{"t":"idOrVar","v":"n"}," selected"],"other":[{"t":"idOrVar","v":"n"}," selected"]},"$x":[{"t":"idOrVar","v":"plural"},"n"]},{"$i":"delete-n-items?","$v":{"zero":"Nothing selected","one":"Delete selected item?","two":["Delete ",{"t":"idOrVar","v":"n"}," items?"],"few":["Delete ",{"t":"idOrVar","v":"n"}," items?"],"many":["Delete ",{"t":"idOrVar","v":"n"}," items?"],"other":["Delete ",{"t":"idOrVar","v":"n"}," items?"]},"$x":[{"t":"idOrVar","v":"plural"},"n"]},{"$i":"share-noprovider","$v":"Try sharing one video at a time."},{"$i":"videos","$v":"Videos"},{"$i":"cancel","$v":"Cancel"},{"$i":"delete-video?","$v":"Delete video?"},{"$i":"empty-title","$v":"Add videos to get started"},{"$i":"empty-text","$v":"Load videos on to the memory card."},{"$i":"nocard2-title","$v":"No memory card found"},{"$i":"nocard3-text","$v":"Insert a memory card to watch videos."},{"$i":"pluggedin-title","$v":"Video can not be watched while plugged in"},{"$i":"pluggedin-text","$v":"Unplug the phone to watch videos."},{"$i":"upgrade-title","$v":"Database Upgrade"},{"$i":"upgrade-text","$v":"Please wait while Video updates its database."},{"$i":"confirm-delete","$v":"Are you sure you want to delete:"},{"$i":"pick-title","$v":"Select a video"},{"$i":"save","$v":"Save"},{"$i":"saved","$v":["Saved ",{"t":"idOrVar","v":"title"}," to Video"]},{"$i":"error-network","$v":"The video could not be downloaded because of a network error."},{"$i":"error-unsupported","$v":"Video cannot be played: either because the server or network failed or because the format is not supported."},{"$i":"error-unknown","$v":"An unknown video error occurred."},{"$i":"video-hardware-in-use-title","$v":"Cannot play video"},{"$i":"video-hardware-in-use-text","$v":"Another app is currently using the video player."},{"$i":"overlay-cancel-button","$v":"Cancel"},{"$i":"overlay-camera-button","$v":"Go to Camera"},{"$i":"name-label","$v":"Name"},{"$i":"length-label","$v":"Length"},{"$i":"size-label","$v":"Size"},{"$i":"video-type-label","$v":"Video Type"},{"$i":"date-taken-label","$v":"Date Taken"},{"$i":"resolution-label","$v":"Resolution"},{"$i":"close-button","$v":"Close"},{"$i":"byteUnit-B","$v":"Bytes"},{"$i":"byteUnit-KB","$v":"KB"},{"$i":"byteUnit-MB","$v":"MB"},{"$i":"byteUnit-GB","$v":"GB"},{"$i":"byteUnit-TB","$v":"TB"},{"$i":"byteUnit-PB","$v":"PB"},{"$i":"byteUnit-EB","$v":"EB"},{"$i":"byteUnit-ZB","$v":"ZB"},{"$i":"byteUnit-YB","$v":"YB"},{"$i":"date-group-header","$v":"%B %Y"},{"$i":"share","$v":"Share"},{"$i":"more-info","$v":"More info"},{"$i":"delete","$v":"Delete"},{"$i":"video-button","ariaLabel":"Video"},{"$i":"select-button","ariaLabel":"Select"},{"$i":"delete-button","ariaLabel":"Delete"},{"$i":"share-button","ariaLabel":"Share"},{"$i":"info-view","ariaLabel":"Info"},{"$i":"options-view","ariaLabel":"Options"},{"$i":"confirm-dialog","ariaLabel":"Confirm"},{"$i":"videos-list","ariaLabel":"Videos"},{"$i":"options-more","ariaLabel":"More"},{"$i":"seek-backward","ariaLabel":"Seek backward"},{"$i":"seek-bar","ariaLabel":{"$v":["Seek bar, duration ",{"t":"idOrVar","v":"duration"}]}},{"$i":"seek-forward","ariaLabel":"Seek forward"},{"$i":"play-button","ariaLabel":"Play"},{"$i":"pause-button","ariaLabel":"Pause"},{"$i":"fullscreen-button","ariaLabel":"Full screen"},{"$i":"show-controls-button","ariaLabel":"Show controls"},{"$i":"hide-controls-button","ariaLabel":"Hide controls"},{"$i":"spinner-overlay","ariaValueText":"Loading"}]