[{"$i":"install-marketplace-title","$v":["Īīƞşŧȧȧŀŀ ",{"t":"idOrVar","v":"title"}]},{"$i":"history","$v":"ĦĪīŞŦǾǿŘẎ"},{"$i":"top-sites","$v":"ŦǾǿƤ ŞĪīŦḖḗŞ"},{"$i":"suggestions","ariaLabel":"Şŭŭɠɠḗḗşŧīīǿǿƞş"},{"$i":"contacts","ariaLabel":"Ƈǿǿƞŧȧȧƈŧş"},{"$i":"places","ariaLabel":"Ƥŀȧȧƈḗḗş"},{"$i":"apps","ariaLabel":"Ȧȧƥƥş"},{"$i":"suggestions-settings-notice","$v":"Şḗḗȧȧřƈħ şŭŭɠɠḗḗşŧīīǿǿƞş ȧȧřḗḗ ḗḗƞȧȧƀŀḗḗḓ. Ŧħḗḗ ƈħȧȧřȧȧƈŧḗḗřş ẏǿǿŭŭ ŧẏƥḗḗ ẇħḗḗƞ ḗḗƞŧḗḗřīīƞɠ ȧȧ şḗḗȧȧřƈħ ȧȧřḗḗ ƀḗḗīīƞɠ şḗḗƞŧ ŧǿǿ ŧħḗḗ şḗḗȧȧřƈħ ḗḗƞɠīīƞḗḗ. Ẏǿǿŭŭ ƈȧȧƞ ḓīīşȧȧƀŀḗḗ şḗḗȧȧřƈħ şŭŭɠɠḗḗşŧīīǿǿƞş īīƞ ŧħḗḗ ḓḗḗṽīīƈḗḗ <span>Şḗḗŧŧīīƞɠş</span>."},{"$i":"ok","$v":"ǾǿĶ"},{"$i":"add-to-home-screen","label":"Ȧȧḓḓ ŧǿǿ Ħǿǿḿḗḗ Şƈřḗḗḗḗƞ"},{"$i":"offline-message","$v":"Ƞǿǿ īīƞŧḗḗřƞḗḗŧ ƈǿǿƞƞḗḗƈŧīīǿǿƞ"},{"$i":"future","$v":"ƑŬŭŦŬŭŘḖḗ"},{"$i":"today","$v":"ŦǾǿḒȦȧẎ"},{"$i":"yesterday","$v":"ẎḖḗŞŦḖḗŘḒȦȧẎ"},{"$i":"last-7-days","$v":"ĿȦȧŞŦ 7 ḒȦȧẎŞ"},{"$i":"this-month","$v":"ŦĦĪīŞ ḾǾǿȠŦĦ"},{"$i":"last-6-months","$v":"ĿȦȧŞŦ 6 ḾǾǿȠŦĦŞ"},{"$i":"older-than-6-months","$v":"ǾǿĿḒḖḗŘ ŦĦȦȧȠ 6 ḾǾǿȠŦĦŞ"},{"$i":"month-0","$v":"ĴȦȧȠŬŭȦȧŘẎ"},{"$i":"month-1","$v":"ƑḖḗƁŘŬŭȦȧŘẎ"},{"$i":"month-2","$v":"ḾȦȧŘƇĦ"},{"$i":"month-3","$v":"ȦȧƤŘĪīĿ"},{"$i":"month-4","$v":"ḾȦȧẎ"},{"$i":"month-5","$v":"ĴŬŭȠḖḗ"},{"$i":"month-6","$v":"ĴŬŭĿẎ"},{"$i":"month-7","$v":"ȦȧŬŭƓŬŭŞŦ"},{"$i":"month-8","$v":"ŞḖḗƤŦḖḗḾƁḖḗŘ"},{"$i":"month-9","$v":"ǾǿƇŦǾǿƁḖḗŘ"},{"$i":"month-10","$v":"ȠǾǿṼḖḗḾƁḖḗŘ"},{"$i":"month-11","$v":"ḒḖḗƇḖḗḾƁḖḗŘ"},{"$i":"search-header","$v":[{"t":"idOrVar","v":"provider"}," ŞḖḗȦȧŘƇĦ"]},{"$i":"new-private-window","$v":"Ƞḗḗẇ ƥřīīṽȧȧŧḗḗ ẇīīƞḓǿǿẇ"},{"$i":"gaia-grid-stop-download-title","$v":["Şŧǿǿƥ ",{"t":"idOrVar","v":"name"}]},{"$i":"gaia-grid-stop-download-body","$v":"Ḓǿǿ ẏǿǿŭŭ ẇȧȧƞŧ ŧǿǿ şŧǿǿƥ ŧħḗḗ ḓǿǿẇƞŀǿǿȧȧḓ īīƞ ƥřǿǿɠřḗḗşş?"},{"$i":"gaia-grid-stop-download-action","$v":"Şŧǿǿƥ"},{"$i":"gaia-grid-resume-download-title","$v":"Řḗḗşŧȧȧřŧ Ḓǿǿẇƞŀǿǿȧȧḓ"},{"$i":"gaia-grid-resume-download-body","$v":["Ḓǿǿ ẏǿǿŭŭ ẇȧȧƞŧ ŧǿǿ ḓǿǿẇƞŀǿǿȧȧḓ ",{"t":"idOrVar","v":"name"},"?"]},{"$i":"gaia-grid-resume-download-action","$v":"Ḓǿǿẇƞŀǿǿȧȧḓ"},{"$i":"gaia-grid-cancel","$v":"Ƈȧȧƞƈḗḗŀ"},{"$i":"gaia-grid-toggle-collapsed","ariaLabel":"Ḗḗẋƥȧȧƞḓ ɠřǿǿŭŭƥ"},{"$i":"gaia-grid-toggle-expanded","ariaLabel":"Ƈǿǿŀŀȧȧƥşḗḗ ɠřǿǿŭŭƥ"},{"$i":"gaia-grid-enter-group-name","$v":"Ḗḗƞŧḗḗř ȧȧ ɠřǿǿŭŭƥ ƞȧȧḿḗḗ"}]