[{"$i":"install-marketplace-title","$v":["‮Iusʇɐʅʅ‬ ",{"t":"idOrVar","v":"title"}]},{"$i":"history","$v":"‮HIS⊥Oᴚʎ‬"},{"$i":"top-sites","$v":"‮⊥OԀ‬ ‮SI⊥ƎS‬"},{"$i":"suggestions","ariaLabel":"‮Snƃƃǝsʇıous‬"},{"$i":"contacts","ariaLabel":"‮Ↄouʇɐɔʇs‬"},{"$i":"places","ariaLabel":"‮Ԁʅɐɔǝs‬"},{"$i":"apps","ariaLabel":"‮∀dds‬"},{"$i":"suggestions-settings-notice","$v":"‮Sǝɐɹɔɥ‬ ‮snƃƃǝsʇıous‬ ‮ɐɹǝ‬ ‮ǝuɐqʅǝp‬. ‮⊥ɥǝ‬ ‮ɔɥɐɹɐɔʇǝɹs‬ ‮ʎon‬ ‮ʇʎdǝ‬ ‮ʍɥǝu‬ ‮ǝuʇǝɹıuƃ‬ ‮ɐ‬ ‮sǝɐɹɔɥ‬ ‮ɐɹǝ‬ ‮qǝıuƃ‬ ‮sǝuʇ‬ ‮ʇo‬ ‮ʇɥǝ‬ ‮sǝɐɹɔɥ‬ ‮ǝuƃıuǝ‬. ‮ʎon‬ ‮ɔɐu‬ ‮pısɐqʅǝ‬ ‮sǝɐɹɔɥ‬ ‮snƃƃǝsʇıous‬ ‮ıu‬ ‮ʇɥǝ‬ ‮pǝʌıɔǝ‬ <span>‮Sǝʇʇıuƃs‬</span>."},{"$i":"ok","$v":"‮OӼ‬"},{"$i":"add-to-home-screen","label":"‮∀pp‬ ‮ʇo‬ ‮Hoɯǝ‬ ‮Sɔɹǝǝu‬"},{"$i":"offline-message","$v":"‮No‬ ‮ıuʇǝɹuǝʇ‬ ‮ɔouuǝɔʇıou‬"},{"$i":"future","$v":"‮ɟ∩⊥∩ᴚƎ‬"},{"$i":"today","$v":"‮⊥Op∀ʎ‬"},{"$i":"yesterday","$v":"‮ʎƎS⊥Ǝᴚp∀ʎ‬"},{"$i":"last-7-days","$v":"‮˥∀S⊥‬ 7 ‮p∀ʎS‬"},{"$i":"this-month","$v":"‮⊥HIS‬ ‮WON⊥H‬"},{"$i":"last-6-months","$v":"‮˥∀S⊥‬ 6 ‮WON⊥HS‬"},{"$i":"older-than-6-months","$v":"‮O˥pƎᴚ‬ ‮⊥H∀N‬ 6 ‮WON⊥HS‬"},{"$i":"month-0","$v":"‮ſ∀N∩∀ᴚʎ‬"},{"$i":"month-1","$v":"‮ɟƎԐᴚ∩∀ᴚʎ‬"},{"$i":"month-2","$v":"‮W∀ᴚↃH‬"},{"$i":"month-3","$v":"‮∀ԀᴚI˥‬"},{"$i":"month-4","$v":"‮W∀ʎ‬"},{"$i":"month-5","$v":"‮ſ∩NƎ‬"},{"$i":"month-6","$v":"‮ſ∩˥ʎ‬"},{"$i":"month-7","$v":"‮∀∩פ∩S⊥‬"},{"$i":"month-8","$v":"‮SƎԀ⊥ƎWԐƎᴚ‬"},{"$i":"month-9","$v":"‮OↃ⊥OԐƎᴚ‬"},{"$i":"month-10","$v":"‮NOɅƎWԐƎᴚ‬"},{"$i":"month-11","$v":"‮pƎↃƎWԐƎᴚ‬"},{"$i":"search-header","$v":[{"t":"idOrVar","v":"provider"}," ‮SƎ∀ᴚↃH‬"]},{"$i":"new-private-window","$v":"‮Nǝʍ‬ ‮dɹıʌɐʇǝ‬ ‮ʍıupoʍ‬"}]