[{"$i":"search-or-enter-address","placeholder":"Search or enter address"},{"$i":"delete-title","$v":["Delete ",{"t":"idOrVar","v":"name"}]},{"$i":"delete-body","$v":[{"t":"idOrVar","v":"name"}," and all of its data will be deleted."]},{"$i":"delete","$v":"Delete"},{"$i":"cancel","$v":"Cancel"},{"$i":"homescreen-settings","$v":"Homescreen Settings"},{"$i":"change-wallpaper","$v":"Change Wallpaper"},{"$i":"add-smart-collections","$v":"Add Smart Collections"},{"$i":"edit-mode","$v":"Edit"},{"$i":"edit-done","$v":"Done"},{"$i":"stop-download-title","$v":["Stop ",{"t":"idOrVar","v":"name"}]},{"$i":"stop-download-body","$v":"Do you want to stop the download in progress?"},{"$i":"stop-download-action","$v":"Stop"},{"$i":"resume-download-title","$v":"Restart Download"},{"$i":"resume-download-body","$v":["Do you want to download ",{"t":"idOrVar","v":"name"},"?"]},{"$i":"resume-download-action","$v":"Download"},{"$i":"edit-group-header","$v":"Edit group"},{"$i":"collection-categoryId-22","$v":"Books"},{"$i":"collection-categoryId-142","$v":"Music"},{"$i":"collection-categoryId-181","$v":"Movies"},{"$i":"collection-categoryId-194","$v":"Internet"},{"$i":"collection-categoryId-207","$v":"Games"},{"$i":"collection-categoryId-211","$v":"Video"},{"$i":"collection-categoryId-213","$v":"TV"},{"$i":"collection-categoryId-220","$v":"Restaurants"},{"$i":"collection-categoryId-225","$v":"Celebs"},{"$i":"collection-categoryId-238","$v":"Shopping"},{"$i":"collection-categoryId-242","$v":"Images"},{"$i":"collection-categoryId-244","$v":"Tech"},{"$i":"collection-categoryId-245","$v":"News"},{"$i":"collection-categoryId-248","$v":"Email"},{"$i":"collection-categoryId-249","$v":"Weather"},{"$i":"collection-categoryId-256","$v":"Culture"},{"$i":"collection-categoryId-260","$v":"Sports"},{"$i":"collection-categoryId-270","$v":"Recipes"},{"$i":"collection-categoryId-271","$v":"Reference"},{"$i":"collection-categoryId-272","$v":"Travel Guides"},{"$i":"collection-categoryId-274","$v":"Jobs"},{"$i":"collection-categoryId-275","$v":"Medical"},{"$i":"collection-categoryId-277","$v":"Funny"},{"$i":"collection-categoryId-279","$v":"Learning & Education"},{"$i":"collection-categoryId-282","$v":"Fashion"},{"$i":"collection-categoryId-286","$v":"Electronics"},{"$i":"collection-categoryId-288","$v":"Autos"},{"$i":"collection-categoryId-289","$v":"Social"},{"$i":"collection-categoryId-291","$v":"Video Games"},{"$i":"collection-categoryId-292","$v":"Daily Deals"},{"$i":"collection-categoryId-294","$v":"Personal Communication"},{"$i":"collection-categoryId-296","$v":"Around Me"},{"$i":"collection-categoryId-297","$v":"Astrology"},{"$i":"collection-categoryId-302","$v":"Kids"},{"$i":"collection-categoryId-303","$v":"Financial Services"},{"$i":"collection-categoryId-306","$v":"Travel"},{"$i":"collection-categoryId-316","$v":"Hotels"},{"$i":"collection-categoryId-320","$v":"Dating"},{"$i":"collection-categoryId-321","$v":"Financial News"},{"$i":"collection-categoryId-325","$v":"Baseball"},{"$i":"collection-categoryId-338","$v":"Classifieds"},{"$i":"collection-categoryId-347","$v":"Baby"},{"$i":"collection-categoryId-349","$v":"Photography"},{"$i":"collection-categoryId-356","$v":"Beauty"},{"$i":"collection-categoryId-357","$v":"Utilities"},{"$i":"collection-categoryId-360","$v":"Productivity"},{"$i":"collection-categoryId-365","$v":"Comics"},{"$i":"collection-categoryId-366","$v":"Lifestyle"},{"$i":"collection-categoryId-368","$v":"Personalization"},{"$i":"collection-categoryId-372","$v":"Transportation"},{"$i":"collection-categoryId-373","$v":"Telecommunication"},{"$i":"collection-categoryId-376","$v":"Entertainment"},{"$i":"collection-categoryId-377","$v":"Soccer"},{"$i":"collection-categoryId-381","$v":"Religion"},{"$i":"collection-categoryId-382","$v":"Fitness"},{"$i":"collection-categoryId-387","$v":"Outdoor Activities"},{"$i":"collection-categoryId-399","$v":"DIY"},{"$i":"collection-categoryId-449","$v":"I'm So Bored"},{"$i":"collection-categoryId-462","$v":"Telenovelas"},{"$i":"collection-categoryId-463","$v":"Politics"},{"$i":"collection-categoryId-473","$v":"Cricket"},{"$i":"collection-categoryId-491","$v":"World Cup"},{"$i":"collection-categoryId-501","$v":"Brazilian Apps"},{"$i":"collection-categoryId-504","$v":"Bollywood"},{"$i":"collection-categoryId-505","$v":"Food & Drinks"},{"$i":"collection-categoryId-507","$v":"Travel & Local"},{"$i":"collection-categoryId-510","$v":"Tech & Science"},{"$i":"collection-categoryId-511","$v":"Media & Video"},{"$i":"collection-categoryId-512","$v":"Health & Fitness"},{"$i":"collection-categoryId-513","$v":"Business"},{"$i":"collection-categoryId-520","$v":"Cycling"},{"$i":"collection-categoryId-521","$v":"Surf"},{"$i":"gaia-grid-stop-download-title","$v":["Stop ",{"t":"idOrVar","v":"name"}]},{"$i":"gaia-grid-stop-download-body","$v":"Do you want to stop the download in progress?"},{"$i":"gaia-grid-stop-download-action","$v":"Stop"},{"$i":"gaia-grid-resume-download-title","$v":"Restart Download"},{"$i":"gaia-grid-resume-download-body","$v":["Do you want to download ",{"t":"idOrVar","v":"name"},"?"]},{"$i":"gaia-grid-resume-download-action","$v":"Download"},{"$i":"gaia-grid-cancel","$v":"Cancel"},{"$i":"gaia-grid-toggle-collapsed","ariaLabel":"Expand group"},{"$i":"gaia-grid-toggle-expanded","ariaLabel":"Collapse group"},{"$i":"gaia-grid-enter-group-name","$v":"Enter a group name"},{"$i":"gaia-menu-cancel","$v":"Cancel"}]