[{"$i":"wap-push-message","$v":"ẆȦȧƤ Ƥŭŭşħ ḿḗḗşşȧȧɠḗḗ"},{"$i":"close","$v":"Ƈŀǿǿşḗḗ"},{"$i":"accept","$v":"Ȧȧƈƈḗḗƥŧ"},{"$i":"quit","$v":"Ɋŭŭīīŧ"},{"$i":"cancel","$v":"Ƈȧȧƞƈḗḗŀ"},{"$i":"try-again","$v":"Ŧřẏ ȧȧɠȧȧīīƞ"},{"$i":"finish","$v":"Ƒīīƞīīşħ"},{"$i":"sim","$v":["ŞĪīḾ ",{"t":"idOrVar","v":"id"}]},{"$i":"next","$v":"Ƞḗḗẋŧ"},{"$i":"done","$v":"Ḓǿǿƞḗḗ"},{"$i":"this-message-has-expired","$v":"Ŧħīīş ḿḗḗşşȧȧɠḗḗ ħȧȧş ḗḗẋƥīīřḗḗḓ"},{"$i":"message-title","$v":[{"t":"idOrVar","v":"title"}]},{"$i":"message-title-with-sim","$v":["(",{"t":"idOrVar","v":"sim"},") ",{"t":"idOrVar","v":"title"}]},{"$i":"si-message-body","$v":[{"t":"idOrVar","v":"text"}," ",{"t":"idOrVar","v":"url"}]},{"$i":"sl-message-body","$v":[{"t":"idOrVar","v":"url"}]},{"$i":"cp-pin","placeholder":"ƤĪīȠ"},{"$i":"cp-message-received","$v":"Ƈǿǿƞƒīīɠŭŭřȧȧŧīīǿǿƞ ḿḗḗşşȧȧɠḗḗ řḗḗƈḗḗīīṽḗḗḓ"},{"$i":"cp-container-title","$v":"ǾǿŦȦȧ Ȧȧƈƈḗḗşş Ƥǿǿīīƞŧ Ƈǿǿƞƒīīɠŭŭřȧȧŧīīǿǿƞ"},{"$i":"cp-accept-help","$v":"Ƈǿǿƞƒīīɠŭŭřȧȧŧīīǿǿƞ ḿḗḗşşȧȧɠḗḗ řḗḗƈḗḗīīṽḗḗḓ, ŧȧȧƥ ǿǿƞ “Ḓǿǿƞḗḗ” ŧǿǿ ƈǿǿƞŧīīƞŭŭḗḗ."},{"$i":"cp-accept-help-pin","$v":"Ŧħḗḗ ƤĪīȠ ƈǿǿḓḗḗ şħǿǿŭŭŀḓ ħȧȧṽḗḗ ƀḗḗḗḗƞ ƥřǿǿṽīīḓḗḗḓ ŧǿǿ ẏǿǿŭŭ ƀẏ ẇħǿǿḿḗḗṽḗḗř şḗḗƞŧ ẏǿǿŭŭ ŧħḗḗ ƈǿǿƞƒīīɠŭŭřȧȧŧīīǿǿƞ ḿḗḗşşȧȧɠḗḗ."},{"$i":"cp-quit-app-confirm-dialog-message","$v":"Ŧħḗḗ ḿḗḗşşȧȧɠḗḗ ħȧȧş ƞǿǿŧ ƀḗḗḗḗƞ ƥřǿǿƈḗḗşşḗḗḓ ẏḗḗŧ, ḓǿǿ ẏǿǿŭŭ řḗḗȧȧŀŀẏ ẇȧȧƞŧ ŧǿǿ ɋŭŭīīŧ?"},{"$i":"cp-install-configuration-confirm-dialog-message","$v":"Ẏǿǿŭŭř ƈȧȧřřīīḗḗř īīş şħȧȧřīīƞɠ ƈǿǿƞƒīīɠŭŭřȧȧŧīīǿǿƞ īīƞƒǿǿřḿȧȧŧīīǿǿƞ ẇīīŧħ ẏǿǿŭŭ. Ḓǿǿ ẏǿǿŭŭ ẇȧȧƞŧ ŧǿǿ īīƞşŧȧȧŀŀ īīŧ?"},{"$i":"cp-auth-failure","$v":"ƤĪīȠ īīş ƞǿǿŧ ƈǿǿřřḗḗƈŧ."},{"$i":"cp-finish-confirm-dialog-message-apn-saved","$v":"ȦȧƤȠ(ş) şȧȧṽḗḗḓ."},{"$i":"cp-finish-confirm-dialog-message-invalid-doc","$v":"Ŧħḗḗ ƈǿǿƞƒīīɠŭŭřȧȧŧīīǿǿƞ ḿḗḗşşȧȧɠḗḗ ẏǿǿŭŭ řḗḗƈḗḗīīṽḗḗḓ ƈǿǿŭŭŀḓ ƞǿǿŧ ƀḗḗ ȧȧŭŭŧħḗḗƞŧīīƈȧȧŧḗḗḓ ȧȧɠȧȧīīƞşŧ ẏǿǿŭŭř ŞĪīḾ ƈȧȧřḓ, şǿǿ ƈȧȧƞƞǿǿŧ ƀḗḗ ŭŭşḗḗḓ ŧǿǿ ƈǿǿƞƒīīɠŭŭřḗḗ ẏǿǿŭŭř ḓḗḗṽīīƈḗḗ."},{"$i":"cp-finish-confirm-dialog-message-auth-error","$v":"Ŧħḗḗřḗḗ ẇȧȧş ȧȧ ḗḗřřǿǿř ẇħīīŀḗḗ ȧȧŭŭŧħḗḗƞŧīīƈȧȧŧīīƞɠ ŧħḗḗ şḗḗƞḓḗḗř ǿǿƒ ŧħḗḗ ḿḗḗşşȧȧɠḗḗ."},{"$i":"cp-finish-confirm-dialog-message-auth-unsupported-mechanism","$v":"Ŧħḗḗ ȧȧŭŭŧħḗḗƞŧīīƈȧȧŧīīǿǿƞ ḿḗḗƈħȧȧƞīīşḿ īīş ƞǿǿŧ şŭŭƥƥǿǿřŧḗḗḓ ẏḗḗŧ."},{"$i":"cp-finish-confirm-dialog-message-no-apns","$v":"Ŧħḗḗ ƈǿǿƞƒīīɠŭŭřȧȧŧīīǿǿƞ ḿḗḗşşȧȧɠḗḗ ẏǿǿŭŭ řḗḗƈḗḗīīṽḗḗḓ ḓǿǿḗḗş ƞǿǿŧ ħȧȧṽḗḗ ṽȧȧŀīīḓ ȦȧƤȠş."}]