[{"$i":"brandShortName","$v":"Ɓ2Ɠ ǾǿŞ"},{"$i":"browserBrandShortName","$v":"Ẇḗḗƀ Ɓřǿǿẇşḗḗř"},{"$i":"browserBrandFullName","$v":"Ḿǿǿẑīīŀŀȧȧ Ẇḗḗƀ Ɓřǿǿẇşḗḗř"},{"$i":"ringtoneBrandName","$v":"Ḓḗḗƒȧȧŭŭŀŧ"},{"$i":"ringtoneSectionBrandName","$v":"Şẏşŧḗḗḿ"},{"$i":"africa","$v":"Ȧȧƒřīīƈȧȧ"},{"$i":"america","$v":"Ȧȧḿḗḗřīīƈȧȧ"},{"$i":"antarctica","$v":"Ȧȧƞŧȧȧřƈŧīīƈȧȧ"},{"$i":"asia","$v":"Ȧȧşīīȧȧ"},{"$i":"atlantic-ocean","$v":"Ȧȧŧŀȧȧƞŧīīƈ Ǿǿƈḗḗȧȧƞ"},{"$i":"australia","$v":"Ȧȧŭŭşŧřȧȧŀīīȧȧ"},{"$i":"europe","$v":"Ḗḗŭŭřǿǿƥḗḗ"},{"$i":"indian-ocean","$v":"Īīƞḓīīȧȧƞ Ǿǿƈḗḗȧȧƞ"},{"$i":"pacific-ocean","$v":"Ƥȧȧƈīīƒīīƈ Ǿǿƈḗḗȧȧƞ"},{"$i":"privacy-controls","$v":"Ƥřīīṽȧȧƈẏ Ƈǿǿƞŧřǿǿŀş"},{"$i":"location-accuracy","$v":"Ŀǿǿƈȧȧŧīīǿǿƞ Ȧȧƈƈŭŭřȧȧƈẏ","ariaLabel":"Ŀǿǿƈȧȧŧīīǿǿƞ Ȧȧƈƈŭŭřȧȧƈẏ"},{"$i":"transparency-control","$v":"Ŧřȧȧƞşƥȧȧřḗḗƞƈẏ Ƈǿǿƞŧřǿǿŀ","ariaLabel":"Ŧřȧȧƞşƥȧȧřḗḗƞƈẏ Ƈǿǿƞŧřǿǿŀ"},{"$i":"privacy-protection","$v":"Řḗḗḿǿǿŧḗḗ Ƥřǿǿŧḗḗƈŧīīǿǿƞ","ariaLabel":"Řḗḗḿǿǿŧḗḗ Ƥřǿǿŧḗḗƈŧīīǿǿƞ"},{"$i":"guided-tour","$v":"Ɠŭŭīīḓḗḗḓ Ŧǿǿŭŭř","ariaLabel":"Ɠŭŭīīḓḗḗḓ Ŧǿǿŭŭř"},{"$i":"la-panel","$v":"Ŀǿǿƈȧȧŧīīǿǿƞ Ȧȧƈƈŭŭřȧȧƈẏ"},{"$i":"geolocation","$v":"Ɠḗḗǿǿŀǿǿƈȧȧŧīīǿǿƞ"},{"$i":"location-adjustment","$v":"Ŀǿǿƈȧȧŧīīǿǿƞ ȧȧḓĵŭŭşŧḿḗḗƞŧ"},{"$i":"location-adjustment-info","$v":["Řḗḗḿḗḗḿƀḗḗř: Ŀǿǿƈȧȧŧīīǿǿƞ Ȧȧḓĵŭŭşŧḿḗḗƞŧ īīƞƒŀŭŭḗḗƞƈḗḗş ŧħḗḗ ŀǿǿƈȧȧŧīīǿǿƞ ",{"t":"idOrVar","v":"brandShortName"}," ƥřǿǿṽīīḓḗḗş ŧǿǿ ȧȧƥƥş. Īīŧ ẇīīŀŀ ƞǿǿŧ ȧȧƒƒḗḗƈŧ ẏǿǿŭŭř ĪīƤ-ȧȧḓḓřḗḗşş ǿǿř ŀǿǿƈȧȧŀḗḗ şḗḗŧŧīīƞɠş, şǿǿ şǿǿḿḗḗ şḗḗřṽīīƈḗḗş ḿīīɠħŧ şŧīīŀŀ ƀḗḗ ȧȧƀŀḗḗ ŧǿǿ ŀǿǿƈȧȧŧḗḗ ẏǿǿŭŭ."]},{"$i":"location-adjustment-description","$v":"Ȧȧḓĵŭŭşŧ ŧħḗḗ ɠŀǿǿƀȧȧŀ ȧȧƈƈŭŭřȧȧƈẏ ŀḗḗṽḗḗŀ ǿǿƒ ẏǿǿŭŭř ƈŭŭřřḗḗƞŧ ŀǿǿƈȧȧŧīīǿǿƞ ƒǿǿř ȧȧŀŀ ȧȧƥƥş, ḓḗḗƒīīƞḗḗ ȧȧƞḓ şḗḗŧ ȧȧ ƥḗḗřḿȧȧƞḗḗƞŧ ƒīīẋḗḗḓ ŀǿǿƈȧȧŧīīǿǿƞ ȧȧƞḓ ȧȧḓḓ ḗḗẋƈḗḗƥŧīīǿǿƞş ƒǿǿř şīīƞɠŀḗḗ ȧȧƥƥş."},{"$i":"adjustment","$v":"Ȧȧḓĵŭŭşŧḿḗḗƞŧ"},{"$i":"add-exceptions","$v":"Ȧȧḓḓ ḗḗẋƈḗḗƥŧīīǿǿƞş"},{"$i":"app-list-description","$v":"Ŧħīīş ŀīīşŧ şħǿǿẇş ȧȧŀŀ ŧħḗḗ ȧȧƥƥş, ẇħīīƈħ ȧȧřḗḗ ȧȧŀŀǿǿẇḗḗḓ ŧǿǿ ŭŭşḗḗ ẏǿǿŭŭř ŀǿǿƈȧȧŧīīǿǿƞ."},{"$i":"type-user-defined","$v":"Ŭŭşḗḗř ḓḗḗƒīīƞḗḗḓ"},{"$i":"blur-distance-km","$v":[{"t":"idOrVar","v":"value"}," ķḿ ƀŀŭŭř"]},{"$i":"blur-distance-m","$v":[{"t":"idOrVar","v":"value"}," ḿ ƀŀŭŭř"]},{"$i":"type-precise","$v":"Ƥřḗḗƈīīşḗḗ"},{"$i":"type-no-location","$v":"Ƞǿǿ ŀǿǿƈȧȧŧīīǿǿƞ"},{"$i":"attention","$v":"Ȧȧŧŧḗḗƞŧīīǿǿƞ!"},{"$i":"ala-custom-location-alert","$v":"Ẏǿǿŭŭ ħȧȧṽḗḗƞ’ŧ şḗḗŧ ȧȧ ƈŭŭşŧǿǿḿ ŀǿǿƈȧȧŧīīǿǿƞ ẏḗḗŧ. Ƥŀḗḗȧȧşḗḗ şḗḗŧ ŧħīīş ƀḗḗƒǿǿřḗḗ ẇǿǿřķīīƞɠ ǿǿƞ ǿǿŧħḗḗř şḗḗŧŧīīƞɠş!"},{"$i":"custom-location","$v":"Ƈŭŭşŧǿǿḿ Ŀǿǿƈȧȧŧīīǿǿƞ"},{"$i":"set-custom-location","$v":"Şḗḗŧ ƈŭŭşŧǿǿḿ ŀǿǿƈȧȧŧīīǿǿƞ"},{"$i":"set-location","$v":"Şḗḗŧ ŀǿǿƈȧȧŧīīǿǿƞ"},{"$i":"custom-location-description","$v":"Şḗḗŧ ȧȧ ƈŭŭşŧǿǿḿ ŀǿǿƈȧȧŧīīǿǿƞ ẇħīīƈħ īīş ŭŭşḗḗḓ ȧȧş ȧȧ ƒīīẋḗḗḓ ƥǿǿşīīŧīīǿǿƞ."},{"$i":"precise","$v":"Ƥřḗḗƈīīşḗḗ"},{"$i":"no-location","$v":"Ƞǿǿ Ŀǿǿƈȧȧŧīīǿǿƞ"},{"$i":"exceptions-application-description","$v":"Ȧȧḓĵŭŭşŧ ŧħḗḗ ƈŭŭşŧǿǿḿ ŀǿǿƈȧȧŧīīǿǿƞ ȧȧƈƈŭŭřȧȧƈẏ ŀḗḗṽḗḗŀ ǿǿƒ ŧħḗḗ ƒǿǿŀŀǿǿẇīīƞɠ ȧȧƥƥ:"},{"$i":"custom-location-ala-10","$v":"Ƈŭŭşŧǿǿḿ Ŀǿǿƈȧȧŧīīǿǿƞ"},{"$i":"choose-a-region-city","$v":"Ƈħǿǿǿǿşḗḗ ȧȧ řḗḗɠīīǿǿƞ/ƈīīŧẏ"},{"$i":"region","$v":"Řḗḗɠīīǿǿƞ"},{"$i":"city","$v":"Ƈīīŧẏ"},{"$i":"enter-gps-coordinates","$v":"Ḗḗƞŧḗḗř ƓƤŞ Ƈǿǿǿǿřḓīīƞȧȧŧḗḗş"},{"$i":"enter-gps-description","$v":"Ƥŀḗḗȧȧşḗḗ ḗḗƞŧḗḗř ŧħḗḗ ƓƤŞ ƈǿǿǿǿřḓīīƞȧȧŧḗḗş ƒǿǿř ŀǿǿƞɠīīŧŭŭḓḗḗ ƒřǿǿḿ -180.0 ŧǿǿ 180 ȧȧƞḓ ŀȧȧŧīīŧŭŭḓḗḗ ƒřǿǿḿ -90.0 ŧǿǿ 90.0 ḓḗḗɠřḗḗḗḗ ẇīīŧħ ȧȧ ḓǿǿŧ ŧǿǿ şḗḗƥȧȧřȧȧŧḗḗ ƒŭŭŀŀ ḓḗḗɠřḗḗḗḗş ŀǿǿẇḗḗř ṽȧȧŀŭŭḗḗş."},{"$i":"latitude","$v":"Ŀȧȧŧīīŧŭŭḓḗḗ"},{"$i":"longitude","$v":"Ŀǿǿƞɠīīŧŭŭḓḗḗ"},{"$i":"global-settings","$v":"Ɠŀǿǿƀȧȧŀ Şḗḗŧŧīīƞɠş"},{"$i":"rp-panel","$v":"Řḗḗḿǿǿŧḗḗ Ƥřǿǿŧḗḗƈŧīīǿǿƞ"},{"$i":"rp-new-password-description","$v":"Ƥŀḗḗȧȧşḗḗ şḗḗŧ ȧȧ ƥȧȧşşƥħřȧȧşḗḗ ŧǿǿ şḗḗƈŭŭřḗḗ ẏǿǿŭŭř řḗḗḿǿǿŧḗḗ ƒḗḗȧȧŧŭŭřḗḗş (ḿȧȧẋīīḿŭŭḿ 100 ƈħȧȧřȧȧƈŧḗḗřş)."},{"$i":"new-passphrase","placeholder":"Ƞḗḗẇ ƥȧȧşşƥħřȧȧşḗḗ"},{"$i":"confirm-new-passphrase","placeholder":"Ƈǿǿƞƒīīřḿ ƞḗḗẇ ƥȧȧşşƥħřȧȧşḗḗ"},{"$i":"rp-login-description","$v":"Ƥŀḗḗȧȧşḗḗ ḗḗƞŧḗḗř ẏǿǿŭŭř ƥȧȧşşƥħřȧȧşḗḗ."},{"$i":"rp-change-password","$v":"Ƒǿǿřɠǿǿŧ/Ƈħȧȧƞɠḗḗ ẏǿǿŭŭř ƥȧȧşşƥħřȧȧşḗḗ?"},{"$i":"passphrase","placeholder":"Ƥȧȧşşƥħřȧȧşḗḗ"},{"$i":"rp-change-password-description","$v":"Ŧǿǿ řḗḗşḗḗŧ ẏǿǿŭŭř ƥȧȧşşƥħřȧȧşḗḗ ƥŀḗḗȧȧşḗḗ ḗḗƞŧḗḗř Ƥȧȧşşƈǿǿḓḗḗ ŀǿǿƈķ/ŞĪīḾ ƤĪīȠ ȧȧƞḓ ƞḗḗẇ ƥȧȧşşƥħřȧȧşḗḗ."},{"$i":"sim1","$v":"ŞĪīḾ 1"},{"$i":"sim2","$v":"ŞĪīḾ 2"},{"$i":"enter","placeholder":"Ḗḗƞŧḗḗř Ƈǿǿḓḗḗ"},{"$i":"passphrase-wrong","$v":"Ƥȧȧşşƥħřȧȧşḗḗ īīş ẇřǿǿƞɠ!"},{"$i":"passphrase-empty","$v":"Ƥȧȧşşƥħřȧȧşḗḗ īīş ḗḗḿƥŧẏ!"},{"$i":"passphrase-too-long","$v":"Ƥȧȧşşƥħřȧȧşḗḗ īīş ŧǿǿǿǿ ŀǿǿƞɠ!"},{"$i":"passphrase-invalid","$v":"Ẏǿǿŭŭ ƈȧȧƞƞǿǿŧ ŭŭşḗḗ şƥḗḗƈīīȧȧŀ ƈħȧȧřȧȧƈŧḗḗřş!"},{"$i":"passphrase-different","$v":"Ƈǿǿƞƒīīřḿȧȧŧīīǿǿƞ ḿŭŭşŧ ḿȧȧŧƈħ ƥȧȧşşƥħřȧȧşḗḗ!"},{"$i":"pin-empty","$v":"Ƥȧȧşşƈǿǿḓḗḗ ŀǿǿƈķ īīş ḗḗḿƥŧẏ!"},{"$i":"pin-invalid","$v":"Ẇřǿǿƞɠ Ƥȧȧşşƈǿǿḓḗḗ ŀǿǿƈķ!"},{"$i":"passcode-long","$v":"Ƥȧȧşşƈǿǿḓḗḗ şħǿǿŭŭŀḓ ƀḗḗ 4 ḓīīɠīīŧş!"},{"$i":"pin-different","$v":"Ẇřǿǿƞɠ Ƥȧȧşşƈǿǿḓḗḗ ŀǿǿƈķ!"},{"$i":"sim-invalid","$v":"Ẇřǿǿƞɠ ŞĪīḾ ƤĪīȠ!"},{"$i":"pin-tries-left","$v":{"one":"Ŀȧȧşŧ ŧřẏ.","two":[{"t":"idOrVar","v":"n"}," ŧřīīḗḗş ŀḗḗƒŧ."],"few":[{"t":"idOrVar","v":"n"}," ŧřīīḗḗş ŀḗḗƒŧ."],"many":[{"t":"idOrVar","v":"n"}," ŧřīīḗḗş ŀḗḗƒŧ."],"other":[{"t":"idOrVar","v":"n"}," ŧřīīḗḗş ŀḗḗƒŧ."]},"$x":[{"t":"idOrVar","v":"plural"},"n"]},{"$i":"remote-locate","$v":"Řḗḗḿǿǿŧḗḗ Ŀǿǿƈȧȧŧḗḗ"},{"$i":"remote-locate-description","$v":"Ẏǿǿŭŭ ƈȧȧƞ ŀǿǿƈȧȧŧḗḗ ŧħīīş ḓḗḗṽīīƈḗḗ ṽīīȧȧ ŞḾŞ ȧȧş ƒǿǿŀŀǿǿẇīīƞɠ: ŘƤ ŀǿǿƈȧȧŧḗḗ ẎǾǿŬŭŘƤȦȧŞŞƤĦŘȦȧŞḖḗ"},{"$i":"remote-ring","$v":"Řḗḗḿǿǿŧḗḗ Řīīƞɠ"},{"$i":"remote-ring-description","$v":"Ẏǿǿŭŭ ƈȧȧƞ řīīƞɠ ŧħīīş ḓḗḗṽīīƈḗḗ ṽīīȧȧ ŞḾŞ ȧȧş ƒǿǿŀŀǿǿẇīīƞɠ: ŘƤ řīīƞɠ ẎǾǿŬŭŘƤȦȧŞŞƤĦŘȦȧŞḖḗ"},{"$i":"remote-lock","$v":"Řḗḗḿǿǿŧḗḗ Ŀǿǿƈķ"},{"$i":"remote-lock-description","$v":"Ẏǿǿŭŭ ƈȧȧƞ ŀǿǿƈķ ŧħīīş ḓḗḗṽīīƈḗḗ ṽīīȧȧ ŞḾŞ ȧȧş ƒǿǿŀŀǿǿẇīīƞɠ: ŘƤ ŀǿǿƈķ ẎǾǿŬŭŘƤȦȧŞŞƤĦŘȦȧŞḖḗ"},{"$i":"rp-lockscreen-alert","$v":"Ƥŀḗḗȧȧşḗḗ ȧȧƈŧīīṽȧȧŧḗḗ ŀǿǿƈķşƈřḗḗḗḗƞ ȦȧȠḒ ƥȧȧşşƈǿǿḓḗḗ īīƞ ŧħḗḗ şẏşŧḗḗḿ şḗḗŧŧīīƞɠş ŧǿǿ ŭŭşḗḗ ŧħḗḗ Řḗḗḿǿǿŧḗḗ Ƥřǿǿŧḗḗƈŧīīǿǿƞ."},{"$i":"take-me-there","$v":"Ŧȧȧķḗḗ ḿḗḗ ŧħḗḗřḗḗ"},{"$i":"lock-screen","$v":"Şƈřḗḗḗḗƞ Ŀǿǿƈķ"},{"$i":"screen-lock-header","$v":"Şƈřḗḗḗḗƞ Ŀǿǿƈķ"},{"$i":"passcode-lock","$v":"Ƥȧȧşşƈǿǿḓḗḗ Ŀǿǿƈķ"},{"$i":"require-passcode","$v":"Řḗḗɋŭŭīīřḗḗ ƥȧȧşşƈǿǿḓḗḗ"},{"$i":"immediately","$v":"Īīḿḿḗḗḓīīȧȧŧḗḗŀẏ"},{"$i":"after-one-minute","$v":"Ȧȧƒŧḗḗř 1 ḿīīƞŭŭŧḗḗ"},{"$i":"after-five-minutes","$v":"Ȧȧƒŧḗḗř 5 ḿīīƞŭŭŧḗḗş"},{"$i":"after-fifteen-minutes","$v":"Ȧȧƒŧḗḗř 15 ḿīīƞŭŭŧḗḗş"},{"$i":"after-thirty-minutes","$v":"Ȧȧƒŧḗḗř 30 ḿīīƞŭŭŧḗḗş"},{"$i":"after-one-hour","$v":"Ȧȧƒŧḗḗř 1 ħǿǿŭŭř"},{"$i":"change-passcode","$v":"Ƈħȧȧƞɠḗḗ ƥȧȧşşƈǿǿḓḗḗ"},{"$i":"change","$v":"Ƈħȧȧƞɠḗḗ"},{"$i":"create","$v":"Ƈřḗḗȧȧŧḗḗ"},{"$i":"passcode-heading","$v":"Ƥȧȧşşƈǿǿḓḗḗ"},{"$i":"current-passcode","$v":"Ƈŭŭřřḗḗƞŧ ƥȧȧşşƈǿǿḓḗḗ"},{"$i":"new-passcode","$v":"Ƞḗḗẇ ƥȧȧşşƈǿǿḓḗḗ"},{"$i":"enter-passcode","$v":"Ḗḗƞŧḗḗř ƥȧȧşşƈǿǿḓḗḗ"},{"$i":"create-a-passcode","$v":"Ƈřḗḗȧȧŧḗḗ ȧȧ Ƥȧȧşşƈǿǿḓḗḗ"},{"$i":"passcode","$v":"Ƥȧȧşşƈǿǿḓḗḗ"},{"$i":"confirm-passcode","$v":"Ƈǿǿƞƒīīřḿ Ƥȧȧşşƈǿǿḓḗḗ"},{"$i":"incorrect-passcode","$v":"Ƥȧȧşşƈǿǿḓḗḗ īīş īīƞƈǿǿřřḗḗƈŧ"},{"$i":"passcode-doesnt-match","$v":"Ƥȧȧşşƈǿǿḓḗḗ ḓǿǿḗḗşƞ’ŧ ḿȧȧŧƈħ. Ŧřẏ ȧȧɠȧȧīīƞ."},{"$i":"tc-panel","$v":"Ŧřȧȧƞşƥȧȧřḗḗƞƈẏ Ƈǿǿƞŧřǿǿŀ"},{"$i":"tc-applications","$v":"Ȧȧƥƥŀīīƈȧȧŧīīǿǿƞş"},{"$i":"tc-permissions","$v":"Ƥḗḗřḿīīşşīīǿǿƞş"},{"$i":"tc-sort-alphabetical","$v":"Ȧȧŀƥħȧȧƀḗḗŧīīƈȧȧŀ"},{"$i":"tc-sort-trustLevel","$v":"Ŧřŭŭşŧ Ŀḗḗṽḗḗŀ"},{"$i":"tc-sort-vendor","$v":"Ṽḗḗƞḓǿǿř"},{"$i":"tc-search-apps","placeholder":"Şḗḗȧȧřƈħ Ȧȧƥƥş"},{"$i":"tc-search-close","$v":"ƈŀǿǿşḗḗ"},{"$i":"tc-search-clear","$v":"ƈŀḗḗȧȧř"},{"$i":"tc-trust-certified","$v":"Īīƞŧḗḗřƞȧȧŀ Ȧȧƥƥş"},{"$i":"tc-trust-privileged","$v":"Ƥřīīṽīīŀḗḗɠḗḗḓ Ȧȧƥƥş"},{"$i":"tc-trust-web","$v":"Ẇḗḗƀ Ȧȧƥƥş"},{"$i":"tc-explicit-permissions","$v":"Ƥḗḗřḿīīşşīīǿǿƞş"},{"$i":"tc-implicit-permissions","$v":"Īīḿƥŀīīƈīīŧ Ƥḗḗřḿīīşşīīǿǿƞş"},{"$i":"tc-explicit-prompt","$v":"Ȧȧşķ"},{"$i":"tc-explicit-deny","$v":"Ḓḗḗƞẏ"},{"$i":"tc-explicit-allow","$v":"Ɠřȧȧƞŧ"},{"$i":"tc-apps-accessing-permission","$v":"Ȧȧƥƥş ȧȧƈƈḗḗşşīīƞɠ ŧħīīş ƥḗḗřḿīīşşīīǿǿƞ"},{"$i":"gt-main-pc-header","$v":"Ẇḗḗŀƈǿǿḿḗḗ ŧǿǿ ŧħḗḗ Ƥřīīṽȧȧƈẏ Ƈǿǿƞŧřǿǿŀş!"},{"$i":"gt-main-desc","$v":"Ŧħīīş ȧȧƥƥ ẇīīŀŀ ħḗḗŀƥ ẏǿǿŭŭ ḗḗƞħȧȧƞƈḗḗ ẏǿǿŭŭř ƥřīīṽȧȧƈẏ ƥřǿǿŧḗḗƈŧīīǿǿƞ ȧȧƞḓ ḗḗƞȧȧƀŀḗḗş ẏǿǿŭŭ ŧǿǿ ŀǿǿƈķ ǿǿř ƒīīƞḓ ẏǿǿŭŭř ƥħǿǿƞḗḗ īīƒ īīŧ’ş ŀǿǿşŧ. Ĵŭŭşŧ ħȧȧṽḗḗ ȧȧ ƈŀǿǿşḗḗř ŀǿǿǿǿķ. Īīŧ ŧȧȧķḗḗş ǿǿƞŀẏ 2 ḿīīƞŭŭŧḗḗş!"},{"$i":"gt-ala-explain-header","$v":"Ẇħȧȧŧ īīş Ŀǿǿƈȧȧŧīīǿǿƞ Ȧȧḓĵŭŭşŧḿḗḗƞŧ ɠǿǿǿǿḓ ƒǿǿř?"},{"$i":"gt-ala-explain-desc","$v":"Ḿȧȧƞẏ ȧȧƥƥş ȧȧƈƈḗḗşş ẏǿǿŭŭř ɠḗḗǿǿŀǿǿƈȧȧŧīīǿǿƞ, ŀīīķḗḗ ŧħḗḗ ȧȧḓḓřḗḗşşƀǿǿǿǿķ ǿǿř ŧħḗḗ ƈȧȧḿḗḗřȧȧ. Īīƒ ẏǿǿŭŭ ḓǿǿƞ’ŧ ẇȧȧƞŧ ŧǿǿ ḓīīşƈŀǿǿşḗḗ ẏǿǿŭŭř ḗḗẋȧȧƈŧ ƥǿǿşīīŧīīǿǿƞ, ẏǿǿŭŭ ƈȧȧƞ ȧȧḓĵŭŭşŧ ŧħḗḗ ȧȧƈƈŭŭřȧȧƈẏ ǿǿƒ ẏǿǿŭŭř ƈŭŭřřḗḗƞŧ ŀǿǿƈȧȧŧīīǿǿƞ ŧħȧȧŧ īīş ŭŭşḗḗḓ ƀẏ ȧȧƥƥş, şḗḗŧ ȧȧ ƈŭŭşŧǿǿḿ ŀǿǿƈȧȧŧīīǿǿƞ ǿǿř ħīīḓḗḗ ẏǿǿŭŭř ɠḗḗǿǿŀǿǿƈȧȧŧīīǿǿƞ."},{"$i":"gt-ala-blur-header","$v":"Ħǿǿẇ ŧǿǿ şḗḗŧ Ŀǿǿƈȧȧŧīīǿǿƞ Ȧȧḓĵŭŭşŧḿḗḗƞŧ?"},{"$i":"gt-ala-blur-desc","$v":"Ƞǿǿŧ ḗḗṽḗḗřẏ ȧȧƥƥ ƞḗḗḗḗḓş ẏǿǿŭŭř ḗḗẋȧȧƈŧ ŀǿǿƈȧȧŧīīǿǿƞ ŧǿǿ ẇǿǿřķ ƥřǿǿƥḗḗřŀẏ. Īīƞşŧḗḗȧȧḓ ǿǿƒ şħȧȧřīīƞɠ ẏǿǿŭŭř ḗḗẋȧȧƈŧ ƈǿǿǿǿřḓīīƞȧȧŧḗḗş, ẏǿǿŭŭ ƈȧȧƞ ƈħǿǿǿǿşḗḗ ŧǿǿ ḗḗƒƒḗḗƈŧīīṽḗḗŀẏ ƀŀŭŭř ẏǿǿŭŭř ŀǿǿƈȧȧŧīīǿǿƞ ŧǿǿ ḗḗ.ɠ. 50 ḿīīŀḗḗş ȧȧřǿǿŭŭƞḓ ẏǿǿŭŭ. Ŧħīīş ẇȧȧẏ, ẏǿǿŭŭř ẇḗḗȧȧŧħḗḗř ȧȧƥƥ ẇīīŀŀ şŧīīŀŀ ẇǿǿřķ, ƀŭŭŧ ẏǿǿŭŭ ȧȧřḗḗ ƞǿǿŧ ḓīīşƈŀǿǿşīīƞɠ ẏǿǿŭŭř ḗḗẋȧȧƈŧ ŀǿǿƈȧȧŧīīǿǿƞ. Řḗḗḿḗḗḿƀḗḗř: Ŀǿǿƈȧȧŧīīǿǿƞ Ȧȧḓĵŭŭşŧḿḗḗƞŧ ẇīīŀŀ ƞǿǿŧ ƈǿǿḿƥŀḗḗŧḗḗŀẏ ħīīḓḗḗ ẏǿǿŭŭ!"},{"$i":"gt-ala-custom-header","$v":"Ẇħȧȧŧ īīş Ƈŭŭşŧǿǿḿ Ŀǿǿƈȧȧŧīīǿǿƞ?"},{"$i":"gt-ala-custom-desc","$v":"Ẇīīŧħ ŧħḗḗ ƈŭŭşŧǿǿḿ ŀǿǿƈȧȧŧīīǿǿƞ şḗḗŧŧīīƞɠ ẏǿǿŭŭ ȧȧřḗḗ ȧȧƀŀḗḗ ŧǿǿ ħīīḓḗḗ ẏǿǿŭŭř řḗḗȧȧŀ ŀǿǿƈȧȧŧīīǿǿƞ ȧȧƞḓ şḗḗŧ īīŧ ŧǿǿ ȧȧƞǿǿŧħḗḗř ƥŀȧȧƈḗḗ ẇǿǿřŀḓẇīīḓḗḗ. Ẏǿǿŭŭ ƈħǿǿǿǿşḗḗ ẇħḗḗřḗḗ ẏǿǿŭŭ ȧȧřḗḗ!"},{"$i":"gt-ala-exceptions-header","$v":"Ẇħȧȧŧ īīş ŀǿǿƈȧȧŧīīǿǿƞ ƥḗḗř ȧȧƥƥ?"},{"$i":"gt-ala-exceptions-desc","$v":"Ħḗḗřḗḗ ẏǿǿŭŭ ẇīīŀŀ ƒīīƞḓ ȧȧƞ ǿǿṽḗḗřṽīīḗḗẇ ǿǿƒ ȧȧŀŀ ȧȧƥƥş, ŧħȧȧŧ ƈȧȧƞ ȧȧƈƈḗḗşş ẏǿǿŭŭř ɠḗḗǿǿŀǿǿƈȧȧŧīīǿǿƞ. Ẏǿǿŭŭ ƈȧȧƞ ȧȧḓĵŭŭşŧ ŧħḗḗ şḗḗŧŧīīƞɠş ƒǿǿř ḗḗȧȧƈħ ȧȧƥƥ īīƞḓīīṽīīḓŭŭȧȧŀŀẏ. Ŧħḗḗẏ ǿǿṽḗḗřẇřīīŧḗḗ ŧħḗḗ ɠŀǿǿƀȧȧŀ ŀǿǿƈȧȧŧīīǿǿƞ ȧȧƈƈŭŭřȧȧƈẏ ƒǿǿř ŧħȧȧŧ ȧȧƥƥ."},{"$i":"gt-rp-explain-header","$v":"Řḗḗḿǿǿŧḗḗ Ƥřǿǿŧḗḗƈŧīīǿǿƞ? Ẇħȧȧŧ īīş īīŧ?"},{"$i":"gt-rp-explain-desc","$v":"Īīƒ ẏǿǿŭŭř ƥħǿǿƞḗḗ īīş şŧǿǿŀḗḗƞ ǿǿř ŀǿǿşŧ, ẏǿǿŭŭ ƈȧȧƞ ŭŭşḗḗ ŧħḗḗ Řḗḗḿǿǿŧḗḗ Ƥřǿǿŧḗḗƈŧīīǿǿƞ. Ẇīīŧħ ȧȧƞǿǿŧħḗḗř ƥħǿǿƞḗḗ ẏǿǿŭŭ ƈȧȧƞ ŀǿǿƈȧȧŧḗḗ īīŧ, ŀḗḗŧ īīŧ řīīƞɠ ǿǿř ḗḗṽḗḗƞ ŀǿǿƈķ īīŧ řḗḗḿǿǿŧḗḗŀẏ. Ẏǿǿŭŭ ƒīīřşŧ ħȧȧṽḗḗ ŧǿǿ şḗḗŧ ẏǿǿŭŭř ƥḗḗřşǿǿƞȧȧŀ ƥȧȧşşƥħřȧȧşḗḗ ȧȧƞḓ ḗḗƞȧȧƀŀḗḗ ŧħḗḗ ƒḗḗȧȧŧŭŭřḗḗş ẏǿǿŭŭ ẇīīŀŀ ẇȧȧƞŧ ŧǿǿ ŭŭşḗḗ (ŀǿǿƈȧȧŧḗḗ, řīīƞɠ ȧȧƞḓ ŀǿǿƈķ)."},{"$i":"gt-rp-passphrase-header","$v":"Ħǿǿẇ ŧǿǿ şḗḗŧ ẏǿǿŭŭř ƥḗḗřşǿǿƞȧȧŀ ƥȧȧşşƥħřȧȧşḗḗ?"},{"$i":"gt-rp-passphrase-desc","$v":"Ŧȧȧƥ “Řḗḗḿǿǿŧḗḗ Ƥřǿǿŧḗḗƈŧīīǿǿƞ” ȧȧƞḓ şḗḗŧ ẏǿǿŭŭř ƥȧȧşşƥħřȧȧşḗḗ ŧǿǿ şḗḗƈŭŭřḗḗ ẏǿǿŭŭř řḗḗḿǿǿŧḗḗ ƒḗḗȧȧŧŭŭřḗḗş. Īīƒ ẏǿǿŭŭ ħȧȧṽḗḗ ƒǿǿřɠǿǿŧŧḗḗƞ ẏǿǿŭŭř ȧȧƈŧŭŭȧȧŀ ƥȧȧşşƥħřȧȧşḗḗ ẏǿǿŭŭ ƈȧȧƞ řḗḗşḗḗŧ īīŧ ŭŭşīīƞɠ ẏǿǿŭŭř ŞĪīḾ ƤĪīȠ ǿǿř ŀǿǿƈķşƈřḗḗḗḗƞ ƥȧȧşşƈǿǿḓḗḗ."},{"$i":"gt-rp-locate-header","$v":"Ħǿǿẇ ŧǿǿ ŀǿǿƈȧȧŧḗḗ ḿẏ ƥħǿǿƞḗḗ?"},{"$i":"gt-rp-locate-desc1","$v":"Īīƒ ẏǿǿŭŭř ƥħǿǿƞḗḗ īīş ŀǿǿşŧ, ĵŭŭşŧ ŧȧȧķḗḗ ŧħḗḗ ƥħǿǿƞḗḗ ǿǿƒ ȧȧ ƒřīīḗḗƞḓ ȧȧƞḓ şḗḗƞḓ ȧȧ ŞḾŞ ẇīīŧħ"},{"$i":"gt-rp-locate-command","$v":"ŘƤ ŀǿǿƈȧȧŧḗḗ ẎǾǿŬŭŘƤȦȧŞŞƤĦŘȦȧŞḖḗ"},{"$i":"gt-rp-locate-desc2","$v":"ŧǿǿ ẏǿǿŭŭř ƥħǿǿƞḗḗ ƞŭŭḿƀḗḗř ȧȧƞḓ ẏǿǿŭŭ’ŀŀ ɠḗḗŧ ŧħḗḗ ḗḗẋȧȧƈŧ ƓƤŞ ƈǿǿǿǿřḓīīƞȧȧŧḗḗş ṽīīȧȧ ŞḾŞ īīƞ řḗḗŧŭŭřƞ. Ḿȧȧķḗḗ şŭŭřḗḗ ŧǿǿ şḗḗŧ ŭŭƥ ŧħḗḗ ƥȧȧşşƥħřȧȧşḗḗ!"},{"$i":"gt-rp-ring-header","$v":"Ħǿǿẇ ŧǿǿ řīīƞɠ ẏǿǿŭŭř ƥħǿǿƞḗḗ?"},{"$i":"gt-rp-ring-desc1","$v":"Īīŧ’ş ḗḗȧȧşẏ! Ĵŭŭşŧ şḗḗƞḓ ȧȧƞ ŞḾŞ ẇīīŧħ"},{"$i":"gt-rp-ring-command","$v":"ŘƤ řīīƞɠ ẎǾǿŬŭŘƤȦȧŞŞƤĦŘȦȧŞḖḗ"},{"$i":"gt-rp-ring-desc2","$v":"ŧǿǿ ẏǿǿŭŭř ƥħǿǿƞḗḗ ƞŭŭḿƀḗḗř ȧȧƞḓ īīŧ ẇīīŀŀ řīīƞɠ ŭŭƞŧīīŀ ẏǿǿŭŭ ƒīīƞḓ īīŧ ȧȧƞḓ ŭŭƞŀǿǿƈķ īīŧ."},{"$i":"gt-rp-lock-header","$v":"Ħǿǿẇ ŧǿǿ ŀǿǿƈķ ḿẏ ƥħǿǿƞḗḗ?"},{"$i":"gt-rp-lock-desc1","$v":"Īīƒ ẏǿǿŭŭ ħȧȧṽḗḗ ŀǿǿşŧ ẏǿǿŭŭř ƥħǿǿƞḗḗ ȧȧƞḓ ẏǿǿŭŭ ẇȧȧƞŧ ŧǿǿ ŀǿǿƈķ īīŧ řḗḗḿǿǿŧḗḗŀẏ ĵŭŭşŧ şḗḗƞḓ ȧȧƞ ŞḾŞ ẇīīŧħ"},{"$i":"gt-rp-lock-command","$v":"ŘƤ ŀǿǿƈķ ẎǾǿŬŭŘƤȦȧŞŞƤĦŘȦȧŞḖḗ"},{"$i":"gt-rp-lock-desc2","$v":"ŧǿǿ ẏǿǿŭŭř ƥħǿǿƞḗḗ ƞŭŭḿƀḗḗř. Ŧħḗḗ ƥħǿǿƞḗḗ ẇīīŀŀ ŀǿǿƈķ īīŧşḗḗŀƒ ȧȧƞḓ ǿǿƞŀẏ ẏǿǿŭŭ ẇīīŀŀ ƀḗḗ ȧȧƀŀḗḗ ŧǿǿ ŭŭƞŀǿǿƈķ īīŧ ẇīīŧħ ẏǿǿŭŭř řḗḗɠŭŭŀȧȧř şƈřḗḗḗḗƞ ƥȧȧşşƈǿǿḓḗḗ."},{"$i":"get-started","$v":"Ɠḗḗŧ Şŧȧȧřŧḗḗḓ!"},{"$i":"finish-tour","$v":"Ƒīīƞīīşħ Ŧǿǿŭŭř"},{"$i":"ok","$v":"ǾǿĶ"},{"$i":"back","$v":"Ɓȧȧƈķ"},{"$i":"next","$v":"Ƞḗḗẋŧ"},{"$i":"sms-ring","$v":"Ẏǿǿŭŭř ḓḗḗṽīīƈḗḗ şħǿǿŭŭŀḓ řīīƞɠ ƞǿǿẇ ȧȧƞḓ ẇȧȧş ŀǿǿƈķḗḗḓ. Ẏǿǿŭŭ ƈȧȧƞ ŭŭƞŀǿǿƈķ īīŧ ẇīīŧħ ẏǿǿŭŭř ƥȧȧşşƈǿǿḓḗḗ."},{"$i":"sms-lock","$v":"Ẏǿǿŭŭř ḓḗḗṽīīƈḗḗ ẇȧȧş ŀǿǿƈķḗḗḓ. Ẏǿǿŭŭ ƈȧȧƞ ŭŭƞŀǿǿƈķ īīŧ ẇīīŧħ ẏǿǿŭŭř ƥȧȧşşƈǿǿḓḗḗ."},{"$i":"sms-locate","$v":["Ẏǿǿŭŭř ḓḗḗṽīīƈḗḗ ƈǿǿǿǿřḓīīƞȧȧŧḗḗş ȧȧřḗḗ @",{"t":"idOrVar","v":"latitude"},",",{"t":"idOrVar","v":"longitude"}," ȧȧƞḓ ẏǿǿŭŭř ḓḗḗṽīīƈḗḗ ẇȧȧş ŀǿǿƈķḗḗḓ. Ẏǿǿŭŭ ƈȧȧƞ ŭŭƞŀǿǿƈķ īīŧ ẇīīŧħ ẏǿǿŭŭř ƥȧȧşşƈǿǿḓḗḗ."]},{"$i":"about-privacy-controls","$v":"Ȧȧƀǿǿŭŭŧ Ƥřīīṽȧȧƈẏ Ƈǿǿƞŧřǿǿŀş"},{"$i":"version","$v":"Ṽḗḗřşīīǿǿƞ"},{"$i":"build-id","$v":"Ɓŭŭīīŀḓ-ĪīḒ"},{"$i":"about-pc-header","$v":"Ȧȧƀǿǿŭŭŧ ŧħḗḗ Ƥřīīṽȧȧƈẏ Ƈǿǿƞŧřǿǿŀş"},{"$i":"about-pc-desc","$v":"Ŧǿǿɠḗḗŧħḗḗř ẇīīŧħ Ḓḗḗŭŭŧşƈħḗḗ Ŧḗḗŀḗḗķǿǿḿ ŧħḗḗ Ḿǿǿẑīīŀŀȧȧ Ƒǿǿŭŭƞḓȧȧŧīīǿǿƞ ḓḗḗṽḗḗŀǿǿƥḗḗḓ ŧħḗḗ Ƥřīīṽȧȧƈẏ Ƈǿǿƞŧřǿǿŀş ŧǿǿ ḗḗƞȧȧƀŀḗḗ ŧħḗḗ ŭŭşḗḗř ŧǿǿ ŧȧȧķḗḗ ƀȧȧƈķ ƈǿǿƞŧřǿǿŀ ǿǿƒ ŧħḗḗ ƥḗḗřşǿǿƞȧȧŀ ḓȧȧŧȧȧ"},{"$i":"perm-alarms-description","$v":"Şƈħḗḗḓŭŭŀḗḗ ȧȧ ƞǿǿŧīīƒīīƈȧȧŧīīǿǿƞ, ǿǿř şƈħḗḗḓŭŭŀḗḗ ȧȧƞ ȧȧƥƥŀīīƈȧȧŧīīǿǿƞ ŧǿǿ ƀḗḗ şŧȧȧřŧḗḗḓ."},{"$i":"perm-audio-capture-description","$v":"Ȧȧƈƈḗḗşş ȧȧŭŭḓīīǿǿ īīƞƥŭŭŧ ḓḗḗṽīīƈḗḗş, ḗḗ.ɠ. ḿīīƈřǿǿƥħǿǿƞḗḗ."},{"$i":"perm-audio-channel-alarm-description","$v":"Ƥŀȧȧẏ ƈŀǿǿƈķ ȧȧŀȧȧřḿş ȧȧƞḓ ƈȧȧŀḗḗƞḓȧȧř ȧȧŀȧȧřḿş."},{"$i":"perm-audio-channel-content-description","$v":"Ƥŀȧȧẏ ḿŭŭşīīƈ ȧȧƞḓ ṽīīḓḗḗǿǿ."},{"$i":"perm-audio-channel-normal-description","$v":"Ƥŀȧȧẏ ŬŭĪī şǿǿŭŭƞḓş, Ẇḗḗƀ ƈǿǿƞŧḗḗƞŧ, ḿŭŭşīīƈ, řȧȧḓīīǿǿ."},{"$i":"perm-audio-channel-notification-description","$v":"Ƥŀȧȧẏ ƞǿǿŧīīƒīīƈȧȧŧīīǿǿƞ ḿḗḗşşȧȧɠḗḗ şǿǿŭŭƞḓş."},{"$i":"perm-browser-description","$v":"Ḗḗƞȧȧƀŀḗḗş ŧħḗḗ ȧȧƥƥ ŧǿǿ īīḿƥŀḗḗḿḗḗƞŧ ȧȧ ƀřǿǿẇşḗḗř īīƞ ȧȧƞ īīƒřȧȧḿḗḗ."},{"$i":"perm-camera-description","$v":"Ŧȧȧķḗḗ ƥħǿǿŧǿǿş, şħǿǿǿǿŧ ṽīīḓḗḗǿǿ, řḗḗƈǿǿřḓ ȧȧŭŭḓīīǿǿ, ȧȧƞḓ ƈǿǿƞŧřǿǿŀ ŧħḗḗ ƈȧȧḿḗḗřȧȧ."},{"$i":"perm-contacts-description","$v":"Ȧȧḓḓ, řḗḗȧȧḓ, ǿǿř ḿǿǿḓīīƒẏ ƈǿǿƞŧȧȧƈŧş ƒřǿǿḿ ŧħḗḗ ȧȧḓḓřḗḗşş ƀǿǿǿǿķ ǿǿƞ ŧħḗḗ ḓḗḗṽīīƈḗḗ ȧȧƞḓ řḗḗȧȧḓ ƈǿǿƞŧȧȧƈŧş ƒřǿǿḿ ŧħḗḗ ŞĪīḾ."},{"$i":"perm-contacts-readonly-description","$v":"Řḗḗȧȧḓ ƈǿǿƞŧȧȧƈŧş ƒřǿǿḿ ŧħḗḗ ȧȧḓḓřḗḗşş ƀǿǿǿǿķ ǿǿƞ ŧħḗḗ ḓḗḗṽīīƈḗḗ ȧȧƞḓ řḗḗȧȧḓ ƈǿǿƞŧȧȧƈŧş ƒřǿǿḿ ŧħḗḗ ŞĪīḾ."},{"$i":"perm-contacts-readwrite-description","$v":"Řḗḗȧȧḓ ǿǿř ḿǿǿḓīīƒẏ ƈǿǿƞŧȧȧƈŧş ƒřǿǿḿ ŧħḗḗ ȧȧḓḓřḗḗşş ƀǿǿǿǿķ ǿǿƞ ŧħḗḗ ḓḗḗṽīīƈḗḗ ȧȧƞḓ řḗḗȧȧḓ ƈǿǿƞŧȧȧƈŧş ƒřǿǿḿ ŧħḗḗ ŞĪīḾ."},{"$i":"perm-contacts-readcreate-description","$v":"Ȧȧḓḓ, řḗḗȧȧḓ, ǿǿř ḿǿǿḓīīƒẏ ƈǿǿƞŧȧȧƈŧş ƒřǿǿḿ ŧħḗḗ ȧȧḓḓřḗḗşş ƀǿǿǿǿķ ǿǿƞ ŧħḗḗ ḓḗḗṽīīƈḗḗ ȧȧƞḓ řḗḗȧȧḓ ƈǿǿƞŧȧȧƈŧş ƒřǿǿḿ ŧħḗḗ ŞĪīḾ."},{"$i":"perm-contacts-createonly-description","$v":"Ȧȧḓḓ ƈǿǿƞŧȧȧƈŧş ŧǿǿ ŧħḗḗ ȧȧḓḓřḗḗşş ƀǿǿǿǿķ ǿǿƞ ŧħḗḗ ḓḗḗṽīīƈḗḗ."},{"$i":"perm-desktop-notification-description","$v":"Ḓīīşƥŀȧȧẏ ȧȧ ƞǿǿŧīīƒīīƈȧȧŧīīǿǿƞ ǿǿƞ ŧħḗḗ ŭŭşḗḗř’ş ḓḗḗṽīīƈḗḗ."},{"$i":"perm-device-storage-music-description","$v":"Ȧȧḓḓ, řḗḗȧȧḓ ǿǿř ḿǿǿḓīīƒẏ ḿŭŭşīīƈ ƒīīŀḗḗş şŧǿǿřḗḗḓ ǿǿƞ ŧħḗḗ ḓḗḗṽīīƈḗḗ."},{"$i":"perm-device-storage-music-readonly-description","$v":"Řḗḗȧȧḓ ḿŭŭşīīƈ ƒīīŀḗḗş şŧǿǿřḗḗḓ ǿǿƞ ŧħḗḗ ḓḗḗṽīīƈḗḗ."},{"$i":"perm-device-storage-music-readwrite-description","$v":"Řḗḗȧȧḓ ǿǿř ḿǿǿḓīīƒẏ ḿŭŭşīīƈ ƒīīŀḗḗş şŧǿǿřḗḗḓ ǿǿƞ ŧħḗḗ ḓḗḗṽīīƈḗḗ."},{"$i":"perm-device-storage-music-readcreate-description","$v":"Ȧȧḓḓ, řḗḗȧȧḓ ǿǿř ḿǿǿḓīīƒẏ ḿŭŭşīīƈ ƒīīŀḗḗş şŧǿǿřḗḗḓ ǿǿƞ ŧħḗḗ ḓḗḗṽīīƈḗḗ."},{"$i":"perm-device-storage-music-createonly-description","$v":"Şŧǿǿřḗḗ ƞḗḗẇ ḿŭŭşīīƈ ƒīīŀḗḗş ǿǿƞ ŧħḗḗ ḓḗḗṽīīƈḗḗ."},{"$i":"perm-device-storage-pictures-description","$v":"Ȧȧḓḓ, řḗḗȧȧḓ ǿǿř ḿǿǿḓīīƒẏ ƥīīƈŧŭŭřḗḗ ƒīīŀḗḗş şŧǿǿřḗḗḓ ǿǿƞ ŧħḗḗ ḓḗḗṽīīƈḗḗ."},{"$i":"perm-device-storage-pictures-readonly-description","$v":"Řḗḗȧȧḓ ƥīīƈŧŭŭřḗḗ ƒīīŀḗḗş şŧǿǿřḗḗḓ ǿǿƞ ŧħḗḗ ḓḗḗṽīīƈḗḗ."},{"$i":"perm-device-storage-pictures-readwrite-description","$v":"Řḗḗȧȧḓ ǿǿř ḿǿǿḓīīƒẏ ƥīīƈŧŭŭřḗḗ ƒīīŀḗḗş şŧǿǿřḗḗḓ ǿǿƞ ŧħḗḗ ḓḗḗṽīīƈḗḗ."},{"$i":"perm-device-storage-pictures-readcreate-description","$v":"Ȧȧḓḓ, řḗḗȧȧḓ ǿǿř ḿǿǿḓīīƒẏ ƥīīƈŧŭŭřḗḗ ƒīīŀḗḗş şŧǿǿřḗḗḓ ǿǿƞ ŧħḗḗ ḓḗḗṽīīƈḗḗ."},{"$i":"perm-device-storage-pictures-createonly-description","$v":"Şŧǿǿřḗḗ ƞḗḗẇ ƥīīƈŧŭŭřḗḗ ƒīīŀḗḗş ǿǿƞ ŧħḗḗ ḓḗḗṽīīƈḗḗ."},{"$i":"perm-device-storage-sdcard-description","$v":"Ȧȧḓḓ, řḗḗȧȧḓ ǿǿř ḿǿǿḓīīƒẏ ƒīīŀḗḗş şŧǿǿřḗḗḓ ǿǿƞ ŧħḗḗ ḓḗḗṽīīƈḗḗ’ş ŞḒ ƈȧȧřḓ."},{"$i":"perm-device-storage-sdcard-readonly-description","$v":"Řḗḗȧȧḓ ƒīīŀḗḗş şŧǿǿřḗḗḓ ǿǿƞ ŧħḗḗ ḓḗḗṽīīƈḗḗ’ş ŞḒ ƈȧȧřḓ."},{"$i":"perm-device-storage-sdcard-readwrite-description","$v":"Řḗḗȧȧḓ ǿǿř ḿǿǿḓīīƒẏ ƒīīŀḗḗş şŧǿǿřḗḗḓ ǿǿƞ ŧħḗḗ ḓḗḗṽīīƈḗḗ’ş ŞḒ ƈȧȧřḓ."},{"$i":"perm-device-storage-sdcard-readcreate-description","$v":"Ȧȧḓḓ, řḗḗȧȧḓ ǿǿř ḿǿǿḓīīƒẏ ƒīīŀḗḗş şŧǿǿřḗḗḓ ǿǿƞ ŧħḗḗ ḓḗḗṽīīƈḗḗ’ş ŞḒ ƈȧȧřḓ."},{"$i":"perm-device-storage-sdcard-createonly-description","$v":"Şŧǿǿřḗḗ ƞḗḗẇ ƒīīŀḗḗş ǿǿƞ ŧħḗḗ ḓḗḗṽīīƈḗḗ’ş ŞḒ ƈȧȧřḓ."},{"$i":"perm-device-storage-videos-description","$v":"Ȧȧḓḓ, řḗḗȧȧḓ ǿǿř ḿǿǿḓīīƒẏ ṽīīḓḗḗǿǿ ƒīīŀḗḗş şŧǿǿřḗḗḓ ǿǿƞ ŧħḗḗ ḓḗḗṽīīƈḗḗ."},{"$i":"perm-device-storage-videos-readonly-description","$v":"Řḗḗȧȧḓ ṽīīḓḗḗǿǿ ƒīīŀḗḗş şŧǿǿřḗḗḓ ǿǿƞ ŧħḗḗ ḓḗḗṽīīƈḗḗ."},{"$i":"perm-device-storage-videos-readwrite-description","$v":"Řḗḗȧȧḓ ǿǿř ḿǿǿḓīīƒẏ ṽīīḓḗḗǿǿ ƒīīŀḗḗş şŧǿǿřḗḗḓ ǿǿƞ ŧħḗḗ ḓḗḗṽīīƈḗḗ."},{"$i":"perm-device-storage-videos-readcreate-description","$v":"Ȧȧḓḓ, řḗḗȧȧḓ ǿǿř ḿǿǿḓīīƒẏ ṽīīḓḗḗǿǿ ƒīīŀḗḗş şŧǿǿřḗḗḓ ǿǿƞ ŧħḗḗ ḓḗḗṽīīƈḗḗ."},{"$i":"perm-device-storage-videos-createonly-description","$v":"Şŧǿǿřḗḗ ƞḗḗẇ ṽīīḓḗḗǿǿ ƒīīŀḗḗş ǿǿƞ ŧħḗḗ ḓḗḗṽīīƈḗḗ."},{"$i":"perm-fmradio-description","$v":"Ƈǿǿƞŧřǿǿŀ ŧħḗḗ ƑḾ řȧȧḓīīǿǿ."},{"$i":"perm-geolocation-description","$v":"Ǿǿƀŧȧȧīīƞ ŧħḗḗ ƈŭŭřřḗḗƞŧ ŀǿǿƈȧȧŧīīǿǿƞ ǿǿƒ ŧħḗḗ ŭŭşḗḗř."},{"$i":"perm-input-description","$v":"Ȧȧŀŀǿǿẇ ŧħḗḗ ȧȧƥƥ ŧǿǿ ȧȧƈŧ ȧȧş ȧȧ ṽīīřŧŭŭȧȧŀ ķḗḗẏƀǿǿȧȧřḓ ƀẏ ŀīīşŧḗḗƞīīƞɠ ŧǿǿ ƒǿǿƈŭŭş ƈħȧȧƞɠḗḗ ḗḗṽḗḗƞŧş īīƞ ǿǿŧħḗḗř ȧȧƥƥş."},{"$i":"perm-mobilenetwork-description","$v":"Ǿǿƀŧȧȧīīƞ ḿǿǿƀīīŀḗḗ ƞḗḗŧẇǿǿřķ īīƞƒǿǿřḿȧȧŧīīǿǿƞ (ḾƇƇ, ḾȠƇ, ḗḗŧƈ.)."},{"$i":"perm-push-description","$v":"Ḗḗƞȧȧƀŀḗḗ ȧȧƞ ȧȧƥƥ ŧǿǿ ẇȧȧķḗḗ ŭŭƥ ŧǿǿ řḗḗƈḗḗīīṽḗḗ ƞǿǿŧīīƒīīƈȧȧŧīīǿǿƞ."},{"$i":"perm-storage-description","$v":"Ŭŭŧīīŀīīẑḗḗ şŧǿǿřȧȧɠḗḗ ẇīīŧħǿǿŭŭŧ şīīẑḗḗ ŀīīḿīīŧȧȧŧīīǿǿƞş."},{"$i":"perm-systemXHR-description","$v":"Ȧȧŀŀǿǿẇ ȧȧƞǿǿƞẏḿǿǿŭŭş ƈřǿǿşş-ǿǿřīīɠīīƞ ẊĦŘ ẇīīŧħǿǿŭŭŧ ŧħḗḗ ŧȧȧřɠḗḗŧ şīīŧḗḗ ħȧȧṽīīƞɠ ƇǾǿŘŞ ḗḗƞȧȧƀŀḗḗḓ."},{"$i":"perm-tcp-socket-description","$v":"Ƈřḗḗȧȧŧḗḗ ŦƇƤ şǿǿƈķḗḗŧş ȧȧƞḓ ƈǿǿḿḿŭŭƞīīƈȧȧŧḗḗ ǿǿṽḗḗř ŧħḗḗḿ."},{"$i":"perm-video-capture-description","$v":"Ȧȧƈƈḗḗşş ṽīīḓḗḗǿǿ īīƞƥŭŭŧ ḓḗḗṽīīƈḗḗş, ḗḗ.ɠ. ƈȧȧḿḗḗřȧȧ."},{"$i":"perm-attention-description","$v":"Ȧȧŀŀǿǿẇ ƈǿǿƞŧḗḗƞŧ ŧǿǿ ǿǿƥḗḗƞ ȧȧ ẇīīƞḓǿǿẇ īīƞ ƒřǿǿƞŧ ǿǿƒ ȧȧŀŀ ǿǿŧħḗḗř ƈǿǿƞŧḗḗƞŧ."},{"$i":"perm-audio-channel-ringer-description","$v":"Ƥŀȧȧẏ şǿǿŭŭƞḓş ƒǿǿř īīƞƈǿǿḿīīƞɠ ƥħǿǿƞḗḗ ƈȧȧŀŀş."},{"$i":"perm-audio-channel-telephony-description","$v":"Ƥŀȧȧẏ şǿǿŭŭƞḓş ƒǿǿř ƥħǿǿƞḗḗ ƈȧȧŀŀş, ṼǿǿĪīƤ ƈȧȧŀŀş."},{"$i":"perm-audio-channel-publicnotification-description","$v":"Ƥŀȧȧẏ ƥŭŭƀŀīīƈ ƞǿǿŧīīƒīīƈȧȧŧīīǿǿƞ şǿǿŭŭƞḓş."},{"$i":"perm-background-sensors-description","$v":"Ŀīīşŧḗḗƞ ŧǿǿ ƥřǿǿẋīīḿīīŧẏ şḗḗƞşǿǿř ḗḗṽḗḗƞŧş īīƞ ŧħḗḗ ƀȧȧƈķɠřǿǿŭŭƞḓ."},{"$i":"perm-backgroundservice-description","$v":"Ḗḗƞȧȧƀŀḗḗ ȧȧƞ ȧȧƥƥ ŧǿǿ řŭŭƞ īīƞ ŧħḗḗ ƀȧȧƈķɠřǿǿŭŭƞḓ."},{"$i":"perm-bluetooth-description","$v":"Ŀǿǿẇ ŀḗḗṽḗḗŀ ȧȧƈƈḗḗşş ŧǿǿ Ɓŀŭŭḗḗŧǿǿǿǿŧħ ħȧȧřḓẇȧȧřḗḗ."},{"$i":"perm-cellbroadcast-description","$v":"Ƒīīřḗḗş ȧȧƞ ḗḗṽḗḗƞŧ ẇħḗḗƞ ȧȧ şƥḗḗƈīīƒīīƈ ŧẏƥḗḗ ǿǿƒ ƈḗḗŀŀ ƞḗḗŧẇǿǿřķ ḿḗḗşşȧȧɠḗḗ īīş řḗḗƈḗḗīīṽḗḗḓ (ȧȧƞ ḗḗḿḗḗřɠḗḗƞƈẏ ƞḗḗŧẇǿǿřķ ƞǿǿŧīīƒīīƈȧȧŧīīǿǿƞ)."},{"$i":"perm-device-storage-apps-description","$v":"Ȧȧḓḓ, řḗḗȧȧḓ, ǿǿř ḿǿǿḓīīƒẏ ƒīīŀḗḗş şŧǿǿřḗḗḓ īīƞ ŧħḗḗ ȧȧƥƥş ŀǿǿƈȧȧŧīīǿǿƞ ǿǿƞ ŧħḗḗ ḓḗḗṽīīƈḗḗ."},{"$i":"perm-device-storage-apps-readonly-description","$v":"Řḗḗȧȧḓ ƒīīŀḗḗş şŧǿǿřḗḗḓ īīƞ ŧħḗḗ ȧȧƥƥş ŀǿǿƈȧȧŧīīǿǿƞ ǿǿƞ ŧħḗḗ ḓḗḗṽīīƈḗḗ."},{"$i":"perm-device-storage-apps-readwrite-description","$v":"Řḗḗȧȧḓ, ǿǿř ḿǿǿḓīīƒẏ ƒīīŀḗḗş şŧǿǿřḗḗḓ īīƞ ŧħḗḗ ȧȧƥƥş ŀǿǿƈȧȧŧīīǿǿƞ ǿǿƞ ŧħḗḗ ḓḗḗṽīīƈḗḗ."},{"$i":"perm-device-storage-apps-readcreate-description","$v":"Ȧȧḓḓ, řḗḗȧȧḓ, ǿǿř ḿǿǿḓīīƒẏ ƒīīŀḗḗş şŧǿǿřḗḗḓ īīƞ ŧħḗḗ ȧȧƥƥş ŀǿǿƈȧȧŧīīǿǿƞ ǿǿƞ ŧħḗḗ ḓḗḗṽīīƈḗḗ."},{"$i":"perm-device-storage-apps-createonly-description","$v":"Şŧǿǿřḗḗ ƞḗḗẇ ƒīīŀḗḗş īīƞ ŧħḗḗ ȧȧƥƥş ŀǿǿƈȧȧŧīīǿǿƞ ǿǿƞ ŧħḗḗ ḓḗḗṽīīƈḗḗ."},{"$i":"perm-embed-apps-description","$v":"Ȧȧƀīīŀīīŧẏ ŧǿǿ ḗḗḿƀḗḗḓ ȧȧƥƥş īīƞ ḿǿǿẑȦȧƥƥ ƒřȧȧḿḗḗş."},{"$i":"perm-idle-description","$v":"Ƞǿǿŧīīƒẏ ŧħḗḗ ȧȧƥƥ īīƒ ŧħḗḗ ŭŭşḗḗř īīş īīḓŀḗḗ."},{"$i":"perm-mobileconnection-description","$v":"Ǿǿƀŧȧȧīīƞ īīƞƒǿǿřḿȧȧŧīīǿǿƞ ȧȧƀǿǿŭŭŧ ŧħḗḗ ƈŭŭřřḗḗƞŧ ḿǿǿƀīīŀḗḗ ṽǿǿīīƈḗḗ ȧȧƞḓ ḓȧȧŧȧȧ ƈǿǿƞƞḗḗƈŧīīǿǿƞ."},{"$i":"perm-network-events-description","$v":"Ḿǿǿƞīīŧǿǿř ƞḗḗŧẇǿǿřķ ŭŭƥŀǿǿȧȧḓş ȧȧƞḓ ḓǿǿẇƞŀǿǿȧȧḓş."},{"$i":"perm-networkstats-manage-description","$v":"Ǿǿƀŧȧȧīīƞ şŧȧȧŧīīşŧīīƈş ǿǿƒ ḓȧȧŧȧȧ ŭŭşȧȧɠḗḗ ƥḗḗř īīƞŧḗḗřƒȧȧƈḗḗ."},{"$i":"perm-open-remote-window-description","$v":"Ǿǿƥḗḗƞ ẇīīƞḓǿǿẇş īīƞ ȧȧ ƞḗḗẇ ƥřǿǿƈḗḗşş."},{"$i":"perm-permissions-description","$v":"Ȧȧŀŀǿǿẇ ȧȧƞ ȧȧƥƥ ŧǿǿ ḿȧȧƞȧȧɠḗḗ ƥḗḗřḿīīşşīīǿǿƞş ǿǿƒ ǿǿŧħḗḗř ȧȧƥƥş."},{"$i":"perm-power-description","$v":"Ŧŭŭřƞ ŧħḗḗ şƈřḗḗḗḗƞ ǿǿƞ ǿǿř ǿǿƒƒ, ƈǿǿƞŧřǿǿŀ ƇƤŬŭ, ḓḗḗṽīīƈḗḗ ƥǿǿẇḗḗř, ḗḗŧƈ."},{"$i":"perm-settings-description","$v":"Ƈǿǿƞƒīīɠŭŭřḗḗ ǿǿř řḗḗȧȧḓ ḓḗḗṽīīƈḗḗ şḗḗŧŧīīƞɠş."},{"$i":"perm-settings-readonly-description","$v":"Řḗḗȧȧḓ ḓḗḗṽīīƈḗḗ şḗḗŧŧīīƞɠş."},{"$i":"perm-settings-readwrite-description","$v":"Řḗḗȧȧḓ ǿǿř ḿǿǿḓīīƒẏ ḓḗḗṽīīƈḗḗ şḗḗŧŧīīƞɠş."},{"$i":"perm-settings-readcreate-description","$v":"Ȧȧḓḓ, řḗḗȧȧḓ ǿǿř ḿǿǿḓīīƒẏ ḓḗḗṽīīƈḗḗ şḗḗŧŧīīƞɠş."},{"$i":"perm-settings-createonly-description","$v":"Ȧȧḓḓ ḓḗḗṽīīƈḗḗ şḗḗŧŧīīƞɠş."},{"$i":"perm-sms-description","$v":"Şḗḗƞḓ ȧȧƞḓ řḗḗƈḗḗīīṽḗḗ ŞḾŞ ḿḗḗşşȧȧɠḗḗş."},{"$i":"perm-telephony-description","$v":"Ȧȧƈƈḗḗşş ȧȧŀŀ ŧḗḗŀḗḗƥħǿǿƞẏ-řḗḗŀȧȧŧḗḗḓ ȦȧƤĪīş ŧǿǿ ḿȧȧķḗḗ ȧȧƞḓ řḗḗƈḗḗīīṽḗḗ ƥħǿǿƞḗḗ ƈȧȧŀŀş."},{"$i":"perm-time-description","$v":"Şḗḗŧ ƈŭŭřřḗḗƞŧ ŧīīḿḗḗ."},{"$i":"perm-voicemail-description","$v":"Ȧȧƈƈḗḗşş ṽǿǿīīƈḗḗḿȧȧīīŀ."},{"$i":"perm-webapps-manage-description","$v":"Ḿȧȧƞȧȧɠḗḗ īīƞşŧȧȧŀŀḗḗḓ Ǿǿƥḗḗƞ Ẇḗḗƀ Ȧȧƥƥş."},{"$i":"perm-wifi-manage-description","$v":"Ḗḗƞŭŭḿḗḗřȧȧŧḗḗ ȧȧṽȧȧīīŀȧȧƀŀḗḗ Ẇīī-Ƒīī ƞḗḗŧẇǿǿřķş, ɠḗḗŧ şīīɠƞȧȧŀ şŧřḗḗƞɠŧħ, ƈǿǿƞƞḗḗƈŧ ŧǿǿ ȧȧ ƞḗḗŧẇǿǿřķ."},{"$i":"perm-wappush-description","$v":"Řḗḗƈḗḗīīṽḗḗ ẆȦȧƤ Ƥŭŭşħ ḿḗḗşşȧȧɠḗḗş."},{"$i":"title-app","$v":"Ȧȧƥƥ Ƥḗḗřḿīīşşīīǿǿƞ"},{"$i":"title-web","$v":"Ẇḗḗƀşīīŧḗḗ Ƥḗḗřḿīīşşīīǿǿƞ"},{"$i":"title-cam","$v":"Şḗḗŀḗḗƈŧ Ƈȧȧḿḗḗřȧȧ"},{"$i":"perm-alarms","$v":"Şƈħḗḗḓŭŭŀḗḗ Ȧȧŀȧȧřḿş"},{"$i":"perm-audio-capture","$v":"Ḿīīƈřǿǿƥħǿǿƞḗḗ"},{"$i":"perm-audio-capture-appRequest","$v":["Ẇǿǿŭŭŀḓ ẏǿǿŭŭ ŀīīķḗḗ ŧǿǿ şħȧȧřḗḗ ẏǿǿŭŭř ḿīīƈřǿǿƥħǿǿƞḗḗ ẇīīŧħ ",{"t":"idOrVar","v":"app"},"?"]},{"$i":"perm-audio-capture-webRequest","$v":["Ẇǿǿŭŭŀḓ ẏǿǿŭŭ ŀīīķḗḗ ŧǿǿ şħȧȧřḗḗ ẏǿǿŭŭř ḿīīƈřǿǿƥħǿǿƞḗḗ ẇīīŧħ ",{"t":"idOrVar","v":"site"},"?"]},{"$i":"perm-audio-channel-content","$v":"Ƥŀȧȧẏ Şǿǿŭŭƞḓş"},{"$i":"perm-audio-channel-notification","$v":"Ƥŀȧȧẏ Ƞǿǿŧīīƒīīƈȧȧŧīīǿǿƞ Şǿǿŭŭƞḓş"},{"$i":"perm-audio-channel-ringer","$v":"Ƥŀȧȧẏ Řīīƞɠŧǿǿƞḗḗ Şǿǿŭŭƞḓş"},{"$i":"perm-background-sensors","$v":"Ȧȧƈƈḗḗşş Şḗḗƞşǿǿř Ḓȧȧŧȧȧ"},{"$i":"perm-bluetooth","$v":"Ɓŀŭŭḗḗŧǿǿǿǿŧħ"},{"$i":"perm-browser","$v":"Īīƞşƥḗḗƈŧ Ẇḗḗƀ Ƥȧȧɠḗḗş"},{"$i":"perm-camera","$v":"Ƈȧȧḿḗḗřȧȧş"},{"$i":"perm-camera-selector-appRequest","$v":["Şḗḗŀḗḗƈŧ ȧȧ ƈȧȧḿḗḗřȧȧ ƒǿǿř ",{"t":"idOrVar","v":"app"},"."]},{"$i":"perm-camera-selector-webRequest","$v":["Şḗḗŀḗḗƈŧ ȧȧ ƈȧȧḿḗḗřȧȧ ƒǿǿř ",{"t":"idOrVar","v":"site"},"."]},{"$i":"perm-camera-appRequest","$v":[{"t":"idOrVar","v":"app"}," ẇǿǿŭŭŀḓ ŀīīķḗḗ ŧǿǿ ŭŭşḗḗ ẏǿǿŭŭř ƈȧȧḿḗḗřȧȧ."]},{"$i":"perm-camera-webRequest","$v":[{"t":"idOrVar","v":"site"}," ẇǿǿŭŭŀḓ ŀīīķḗḗ ŧǿǿ ŭŭşḗḗ ẏǿǿŭŭř ƈȧȧḿḗḗřȧȧ."]},{"$i":"perm-cellbroadcast","$v":"Ƈḗḗŀŀ Ɓřǿǿȧȧḓƈȧȧşŧş"},{"$i":"perm-contacts","$v":"Ƈǿǿƞŧȧȧƈŧş"},{"$i":"perm-contacts-appRequest","$v":[{"t":"idOrVar","v":"app"}," ẇǿǿŭŭŀḓ ŀīīķḗḗ ŧǿǿ ȧȧƈƈḗḗşş ẏǿǿŭŭř ƈǿǿƞŧȧȧƈŧ ŀīīşŧ."]},{"$i":"perm-contacts-webRequest","$v":[{"t":"idOrVar","v":"site"}," ẇǿǿŭŭŀḓ ŀīīķḗḗ ŧǿǿ ȧȧƈƈḗḗşş ẏǿǿŭŭř ƈǿǿƞŧȧȧƈŧ ŀīīşŧ."]},{"$i":"perm-desktop-notification","$v":"Ƞǿǿŧīīƒīīƈȧȧŧīīǿǿƞş"},{"$i":"perm-desktop-notification-appRequest","$v":[{"t":"idOrVar","v":"app"}," ẇǿǿŭŭŀḓ ŀīīķḗḗ ŧǿǿ ḓīīşƥŀȧȧẏ ƞǿǿŧīīƒīīƈȧȧŧīīǿǿƞş."]},{"$i":"perm-desktop-notification-webRequest","$v":[{"t":"idOrVar","v":"site"}," ẇǿǿŭŭŀḓ ŀīīķḗḗ ŧǿǿ ḓīīşƥŀȧȧẏ ƞǿǿŧīīƒīīƈȧȧŧīīǿǿƞş."]},{"$i":"perm-device-storage-apps","$v":"Ȧȧƥƥş Şŧǿǿřȧȧɠḗḗ"},{"$i":"perm-device-storage-music","$v":"Ḿŭŭşīīƈ Şŧǿǿřȧȧɠḗḗ"},{"$i":"perm-device-storage-music-appRequest","$v":[{"t":"idOrVar","v":"app"}," ẇǿǿŭŭŀḓ ŀīīķḗḗ ŧǿǿ ȧȧƈƈḗḗşş ẏǿǿŭŭř ḿŭŭşīīƈ."]},{"$i":"perm-device-storage-music-webRequest","$v":[{"t":"idOrVar","v":"site"}," ẇǿǿŭŭŀḓ ŀīīķḗḗ ŧǿǿ ȧȧƈƈḗḗşş ẏǿǿŭŭř ḿŭŭşīīƈ."]},{"$i":"perm-device-storage-pictures","$v":"Īīḿȧȧɠḗḗ Şŧǿǿřȧȧɠḗḗ"},{"$i":"perm-device-storage-pictures-appRequest","$v":[{"t":"idOrVar","v":"app"}," ẇǿǿŭŭŀḓ ŀīīķḗḗ ŧǿǿ ȧȧƈƈḗḗşş ẏǿǿŭŭř īīḿȧȧɠḗḗş."]},{"$i":"perm-device-storage-pictures-webRequest","$v":[{"t":"idOrVar","v":"site"}," ẇǿǿŭŭŀḓ ŀīīķḗḗ ŧǿǿ ȧȧƈƈḗḗşş ẏǿǿŭŭř īīḿȧȧɠḗḗş."]},{"$i":"perm-device-storage-sdcard","$v":"Ḿḗḗḿǿǿřẏ Ƈȧȧřḓ Şŧǿǿřȧȧɠḗḗ"},{"$i":"perm-device-storage-sdcard-appRequest","$v":[{"t":"idOrVar","v":"app"}," ẇǿǿŭŭŀḓ ŀīīķḗḗ ŧǿǿ ȧȧƈƈḗḗşş ẏǿǿŭŭř ḿḗḗḿǿǿřẏ ƈȧȧřḓ."]},{"$i":"perm-device-storage-sdcard-webRequest","$v":[{"t":"idOrVar","v":"site"}," ẇǿǿŭŭŀḓ ŀīīķḗḗ ŧǿǿ ȧȧƈƈḗḗşş ẏǿǿŭŭř ḿḗḗḿǿǿřẏ ƈȧȧřḓ."]},{"$i":"perm-device-storage-videos","$v":"Ṽīīḓḗḗǿǿ Şŧǿǿřȧȧɠḗḗ"},{"$i":"perm-device-storage-videos-appRequest","$v":[{"t":"idOrVar","v":"app"}," ẇǿǿŭŭŀḓ ŀīīķḗḗ ŧǿǿ ȧȧƈƈḗḗşş ẏǿǿŭŭř ṽīīḓḗḗǿǿş."]},{"$i":"perm-device-storage-videos-webRequest","$v":[{"t":"idOrVar","v":"site"}," ẇǿǿŭŭŀḓ ŀīīķḗḗ ŧǿǿ ȧȧƈƈḗḗşş ẏǿǿŭŭř ṽīīḓḗḗǿǿş."]},{"$i":"perm-embed-apps","$v":"Ḗḗḿƀḗḗḓ Ȧȧƥƥş"},{"$i":"perm-fmradio","$v":"ƑḾ Řȧȧḓīīǿǿ"},{"$i":"perm-fmradio-appRequest","$v":[{"t":"idOrVar","v":"app"}," ẇǿǿŭŭŀḓ ŀīīķḗḗ ŧǿǿ ŭŭşḗḗ ŧħḗḗ ƑḾ Řȧȧḓīīǿǿ."]},{"$i":"perm-fmradio-webRequest","$v":[{"t":"idOrVar","v":"site"}," ẇǿǿŭŭŀḓ ŀīīķḗḗ ŧǿǿ ŭŭşḗḗ ŧħḗḗ ƑḾ Řȧȧḓīīǿǿ."]},{"$i":"perm-geolocation","$v":"Ɠḗḗǿǿŀǿǿƈȧȧŧīīǿǿƞ"},{"$i":"perm-geolocation-appRequest","$v":[{"t":"idOrVar","v":"app"}," ẇǿǿŭŭŀḓ ŀīīķḗḗ ŧǿǿ ķƞǿǿẇ ẏǿǿŭŭř ŀǿǿƈȧȧŧīīǿǿƞ."]},{"$i":"perm-geolocation-more-info","$v":[{"t":"idOrVar","v":"brandShortName"}," ŭŭşḗḗş ḓȧȧŧȧȧ şŭŭƈħ ȧȧş ƓƤŞ, Ẇīī-Ƒīī, ȧȧƞḓ ḿǿǿƀīīŀḗḗ ƞḗḗŧẇǿǿřķş ƞḗḗȧȧř ẏǿǿŭŭ ŧǿǿ ħḗḗŀƥ ḓḗḗŧḗḗřḿīīƞḗḗ ẏǿǿŭŭř ȧȧƥƥřǿǿẋīīḿȧȧŧḗḗ ŀǿǿƈȧȧŧīīǿǿƞ. Ḓȧȧŧȧȧ īīş şḗḗƞŧ ŧǿǿ Ḿǿǿẑīīŀŀȧȧ ȧȧƞḓ ǿǿŧħḗḗř şḗḗřṽīīƈḗḗ ƥřǿǿṽīīḓḗḗřş ȧȧƞḓ ẇīīŀŀ ƀḗḗ ŭŭşḗḗḓ īīƞ ŧħḗḗ ȧȧɠɠřḗḗɠȧȧŧḗḗ ŧǿǿ īīḿƥřǿǿṽḗḗ ŧħǿǿşḗḗ ŀǿǿƈȧȧŧīīǿǿƞ ḓȧȧŧȧȧƀȧȧşḗḗş.  Ḓȧȧŧȧȧ ḿȧȧẏ ƀḗḗ şŧǿǿřḗḗḓ ǿǿƞ ẏǿǿŭŭř ḓḗḗṽīīƈḗḗ ȧȧƞḓ ḓȧȧŧȧȧ ƈǿǿŀŀḗḗƈŧīīǿǿƞ ḿȧȧẏ ǿǿƈƈŭŭř ḗḗṽḗḗƞ ẇħḗḗƞ ƞǿǿ ȧȧƥƥş ȧȧřḗḗ řŭŭƞƞīīƞɠ."]},{"$i":"perm-geolocation-webRequest","$v":[{"t":"idOrVar","v":"site"}," ẇǿǿŭŭŀḓ ŀīīķḗḗ ŧǿǿ ķƞǿǿẇ ẏǿǿŭŭř ŀǿǿƈȧȧŧīīǿǿƞ."]},{"$i":"perm-idle","$v":"Şḗḗḗḗ Īīḓŀḗḗ Şŧȧȧŧŭŭş"},{"$i":"perm-indexedDB-chrome-settings","$v":"Ƥřīīṽīīŀḗḗɠḗḗḓ ĪīƞḓḗḗẋḗḗḓḒƁ"},{"$i":"perm-indexedDB-unlimited","$v":"Ŭŭƞŀīīḿīīŧḗḗḓ ĪīƞḓḗḗẋḗḗḓḒƁ Şŧǿǿřȧȧɠḗḗ"},{"$i":"perm-input-manage","$v":"Ḿȧȧƞȧȧɠḗḗ Ķḗḗẏƀǿǿȧȧřḓş"},{"$i":"perm-input","$v":"Ȧȧƈŧ ȧȧş ȧȧ Ķḗḗẏƀǿǿȧȧřḓ"},{"$i":"perm-media-capture","$v":"Ƈȧȧḿḗḗřȧȧ ȧȧƞḓ Ḿīīƈřǿǿƥħǿǿƞḗḗ"},{"$i":"perm-media-capture-appRequest","$v":["Ẇǿǿŭŭŀḓ ẏǿǿŭŭ ŀīīķḗḗ ŧǿǿ şħȧȧřḗḗ ẏǿǿŭŭř ƈȧȧḿḗḗřȧȧ ȧȧƞḓ ḿīīƈřǿǿƥħǿǿƞḗḗ ẇīīŧħ ",{"t":"idOrVar","v":"app"},"?"]},{"$i":"perm-media-capture-webRequest","$v":["Ẇǿǿŭŭŀḓ ẏǿǿŭŭ ŀīīķḗḗ ŧǿǿ şħȧȧřḗḗ ẏǿǿŭŭř ƈȧȧḿḗḗřȧȧ ȧȧƞḓ ḿīīƈřǿǿƥħǿǿƞḗḗ ẇīīŧħ ",{"t":"idOrVar","v":"site"},"?"]},{"$i":"perm-mobileconnection","$v":"Ḿǿǿƀīīŀḗḗ Ƈǿǿƞƞḗḗƈŧīīǿǿƞ"},{"$i":"perm-mobileid","$v":"Ḿǿǿƀīīŀḗḗ Īīḓḗḗƞŧīīŧẏ"},{"$i":"perm-network-events","$v":"Ƞḗḗŧẇǿǿřķ Ḗḗṽḗḗƞŧş"},{"$i":"perm-open-remote-window","$v":"Şŧȧȧřŧ ȧȧƞ Ȧȧƥƥ"},{"$i":"perm-permissions","$v":"Ḿǿǿḓīīƒẏ Ȧȧƥƥş Ƥḗḗřḿīīşşīīǿǿƞş"},{"$i":"perm-power","$v":"Ƥǿǿẇḗḗř Şḗḗŧŧīīƞɠş"},{"$i":"perm-settings","$v":"Ḿǿǿḓīīƒẏ Şḗḗŧŧīīƞɠş"},{"$i":"perm-systemXHR","$v":"Ƈřǿǿşş-Ǿǿřīīɠīīƞ Řḗḗɋŭŭḗḗşŧş"},{"$i":"perm-telephony","$v":"Ŧḗḗŀḗḗƥħǿǿƞẏ"},{"$i":"perm-video-capture","$v":"Ƈȧȧḿḗḗřȧȧ"},{"$i":"perm-video-capture-appRequest","$v":["Ẇǿǿŭŭŀḓ ẏǿǿŭŭ ŀīīķḗḗ ŧǿǿ şħȧȧřḗḗ ẏǿǿŭŭř ƈȧȧḿḗḗřȧȧ ẇīīŧħ ",{"t":"idOrVar","v":"app"},"?"]},{"$i":"perm-video-capture-webRequest","$v":["Ẇǿǿŭŭŀḓ ẏǿǿŭŭ ŀīīķḗḗ ŧǿǿ şħȧȧřḗḗ ẏǿǿŭŭř ƈȧȧḿḗḗřȧȧ ẇīīŧħ ",{"t":"idOrVar","v":"site"},"?"]},{"$i":"perm-voicemail","$v":"Ƈǿǿƞŧřǿǿŀ Ṽǿǿīīƈḗḗḿȧȧīīŀ"},{"$i":"perm-webapps-manage","$v":"Īīƞşŧȧȧŀŀ Ẇḗḗƀȧȧƥƥş"},{"$i":"perm-wifi-manage","$v":"Ḿȧȧƞȧȧɠḗḗ Ẇīī-Ƒīī"},{"$i":"perm-attention","$v":"Ǿǿƥḗḗƞ Ǿǿṽḗḗřŀȧȧẏ Ƥǿǿƥŭŭƥş"},{"$i":"perm-audio-channel-alarm","$v":"Ƥŀȧȧẏ Ȧȧŀȧȧřḿ Şǿǿŭŭƞḓş"},{"$i":"perm-audio-channel-normal","$v":"Ƥŀȧȧẏ Şǿǿŭŭƞḓş"},{"$i":"perm-audio-channel-publicnotification","$v":"Ƥŀȧȧẏ ƥŭŭƀŀīīƈ ƞǿǿŧīīƒīīƈȧȧŧīīǿǿƞ şǿǿŭŭƞḓş"},{"$i":"perm-audio-channel-telephony","$v":"Ƥŀȧȧẏ Ŧḗḗŀḗḗƥħǿǿƞẏ Şǿǿŭŭƞḓş"},{"$i":"perm-backgroundservice","$v":"Ȧȧƈŧ ȧȧş ȧȧ Ɓȧȧƈķɠřǿǿŭŭƞḓ Şḗḗřṽīīƈḗḗ"},{"$i":"perm-device-storage-crashes","$v":"Ƈřȧȧşħ Ḓȧȧŧȧȧ Şŧǿǿřȧȧɠḗḗ"},{"$i":"perm-downloads","$v":"Ȧȧƈƈḗḗşş Ḓǿǿẇƞŀǿǿȧȧḓş"},{"$i":"perm-embed-widgets","$v":"Ḗḗḿƀḗḗḓ Ẇīīḓɠḗḗŧş"},{"$i":"perm-feature-detection","$v":"Ƒḗḗȧȧŧŭŭřḗḗ Ḓḗḗŧḗḗƈŧīīǿǿƞ"},{"$i":"perm-firefox-accounts","$v":"Ƒīīřḗḗƒǿǿẋ Ȧȧƈƈǿǿŭŭƞŧş"},{"$i":"perm-mobilenetwork","$v":"Ḿǿǿƀīīŀḗḗ Ƞḗḗŧẇǿǿřķ"},{"$i":"perm-moz-attention","$v":"Ǿǿƥḗḗƞ Ǿǿṽḗḗřŀȧȧẏ Ƥǿǿƥŭŭƥş (ḿǿǿẑ)"},{"$i":"perm-moz-audio-channel-ringer","$v":"Ƥŀȧȧẏ Řīīƞɠŧǿǿƞḗḗ Şǿǿŭŭƞḓş (ḿǿǿẑ)"},{"$i":"perm-moz-audio-channel-telephony","$v":"Ƥŀȧȧẏ Ŧḗḗŀḗḗƥħǿǿƞẏ Şǿǿŭŭƞḓş (ḿǿǿẑ)"},{"$i":"perm-moz-firefox-accounts","$v":"Ƒīīřḗḗƒǿǿẋ Ȧȧƈƈǿǿŭŭƞŧş (ḿǿǿẑ)"},{"$i":"perm-networkstats-manage","$v":"Ƈǿǿƞŧřǿǿŀ Ŭŭşȧȧɠḗḗ Şŧȧȧŧş"},{"$i":"perm-nfc","$v":"ȠƑƇ"},{"$i":"perm-nfc-hci-events","$v":"ȠƑƇ ĦƇĪī Ḗḗṽḗḗƞŧş"},{"$i":"perm-nfc-manager","$v":"Ḿȧȧƞȧȧɠḗḗ ȠƑƇ"},{"$i":"perm-phonenumberservice","$v":"Ƥħǿǿƞḗḗ Ƞŭŭḿƀḗḗř Şḗḗřṽīīƈḗḗ"},{"$i":"perm-push","$v":"Ƥŭŭşħ ȦȧƤĪī"},{"$i":"perm-resourcestats-manage","$v":"Řḗḗşǿǿŭŭřƈḗḗ Şŧȧȧŧş"},{"$i":"perm-sms","$v":"Şḗḗƞḓ ȧȧƞḓ Řḗḗȧȧḓ ŞḾŞ"},{"$i":"perm-speaker-control","$v":"Ƈǿǿƞŧřǿǿŀ Ṽǿǿŀŭŭḿḗḗ"},{"$i":"perm-storage","$v":"Ȧȧƈƈḗḗşş Şŧǿǿřȧȧɠḗḗ"},{"$i":"perm-tcp-socket","$v":"ŦƇƤ Şǿǿƈķḗḗŧş"},{"$i":"perm-test-permission","$v":"Ŧḗḗşŧ Ƥḗḗřḿīīşşīīǿǿƞ"},{"$i":"perm-time","$v":"Şḗḗŧ Ḓȧȧŧḗḗ ȧȧƞḓ Ŧīīḿḗḗ"},{"$i":"perm-udp-socket","$v":"ŬŭḒƤ Şǿǿƈķḗḗŧş"},{"$i":"perm-wappush","$v":"ẆȦȧƤ Ƥŭŭşħ"}]