[{"$i":"brandShortName","$v":"‮Ԑ‬2‮פ‬ ‮OS‬"},{"$i":"browserBrandShortName","$v":"‮Ｍǝq‬ ‮Ԑɹoʍsǝɹ‬"},{"$i":"browserBrandFullName","$v":"‮Wozıʅʅɐ‬ ‮Ｍǝq‬ ‮Ԑɹoʍsǝɹ‬"},{"$i":"ringtoneBrandName","$v":"‮pǝɟɐnʅʇ‬"},{"$i":"ringtoneSectionBrandName","$v":"‮Sʎsʇǝɯ‬"},{"$i":"africa","$v":"‮∀ɟɹıɔɐ‬"},{"$i":"america","$v":"‮∀ɯǝɹıɔɐ‬"},{"$i":"antarctica","$v":"‮∀uʇɐɹɔʇıɔɐ‬"},{"$i":"asia","$v":"‮∀sıɐ‬"},{"$i":"atlantic-ocean","$v":"‮∀ʇʅɐuʇıɔ‬ ‮Oɔǝɐu‬"},{"$i":"australia","$v":"‮∀nsʇɹɐʅıɐ‬"},{"$i":"europe","$v":"‮Ǝnɹodǝ‬"},{"$i":"indian-ocean","$v":"‮Iupıɐu‬ ‮Oɔǝɐu‬"},{"$i":"pacific-ocean","$v":"‮Ԁɐɔıɟıɔ‬ ‮Oɔǝɐu‬"},{"$i":"privacy-controls","$v":"‮Ԁɹıʌɐɔʎ‬ ‮Ↄouʇɹoʅs‬"},{"$i":"location-accuracy","$v":"‮˥oɔɐʇıou‬ ‮∀ɔɔnɹɐɔʎ‬","ariaLabel":"‮˥oɔɐʇıou‬ ‮∀ɔɔnɹɐɔʎ‬"},{"$i":"transparency-control","$v":"‮⊥ɹɐusdɐɹǝuɔʎ‬ ‮Ↄouʇɹoʅ‬","ariaLabel":"‮⊥ɹɐusdɐɹǝuɔʎ‬ ‮Ↄouʇɹoʅ‬"},{"$i":"privacy-protection","$v":"‮ᴚǝɯoʇǝ‬ ‮Ԁɹoʇǝɔʇıou‬","ariaLabel":"‮ᴚǝɯoʇǝ‬ ‮Ԁɹoʇǝɔʇıou‬"},{"$i":"guided-tour","$v":"‮פnıpǝp‬ ‮⊥onɹ‬","ariaLabel":"‮פnıpǝp‬ ‮⊥onɹ‬"},{"$i":"la-panel","$v":"‮˥oɔɐʇıou‬ ‮∀ɔɔnɹɐɔʎ‬"},{"$i":"geolocation","$v":"‮פǝoʅoɔɐʇıou‬"},{"$i":"location-adjustment","$v":"‮˥oɔɐʇıou‬ ‮ɐpɾnsʇɯǝuʇ‬"},{"$i":"location-adjustment-info","$v":["‮ᴚǝɯǝɯqǝɹ‬: ‮˥oɔɐʇıou‬ ‮∀pɾnsʇɯǝuʇ‬ ‮ıuɟʅnǝuɔǝs‬ ‮ʇɥǝ‬ ‮ʅoɔɐʇıou‬ ",{"t":"idOrVar","v":"brandShortName"}," ‮dɹoʌıpǝs‬ ‮ʇo‬ ‮ɐdds‬. ‮Iʇ‬ ‮ʍıʅʅ‬ ‮uoʇ‬ ‮ɐɟɟǝɔʇ‬ ‮ʎonɹ‬ ‮IԀ‬-‮ɐppɹǝss‬ ‮oɹ‬ ‮ʅoɔɐʅǝ‬ ‮sǝʇʇıuƃs‬, ‮so‬ ‮soɯǝ‬ ‮sǝɹʌıɔǝs‬ ‮ɯıƃɥʇ‬ ‮sʇıʅʅ‬ ‮qǝ‬ ‮ɐqʅǝ‬ ‮ʇo‬ ‮ʅoɔɐʇǝ‬ ‮ʎon‬."]},{"$i":"location-adjustment-description","$v":"‮∀pɾnsʇ‬ ‮ʇɥǝ‬ ‮ƃʅoqɐʅ‬ ‮ɐɔɔnɹɐɔʎ‬ ‮ʅǝʌǝʅ‬ ‮oɟ‬ ‮ʎonɹ‬ ‮ɔnɹɹǝuʇ‬ ‮ʅoɔɐʇıou‬ ‮ɟoɹ‬ ‮ɐʅʅ‬ ‮ɐdds‬, ‮pǝɟıuǝ‬ ‮ɐup‬ ‮sǝʇ‬ ‮ɐ‬ ‮dǝɹɯɐuǝuʇ‬ ‮ɟıxǝp‬ ‮ʅoɔɐʇıou‬ ‮ɐup‬ ‮ɐpp‬ ‮ǝxɔǝdʇıous‬ ‮ɟoɹ‬ ‮sıuƃʅǝ‬ ‮ɐdds‬."},{"$i":"adjustment","$v":"‮∀pɾnsʇɯǝuʇ‬"},{"$i":"add-exceptions","$v":"‮∀pp‬ ‮ǝxɔǝdʇıous‬"},{"$i":"app-list-description","$v":"‮⊥ɥıs‬ ‮ʅısʇ‬ ‮sɥoʍs‬ ‮ɐʅʅ‬ ‮ʇɥǝ‬ ‮ɐdds‬, ‮ʍɥıɔɥ‬ ‮ɐɹǝ‬ ‮ɐʅʅoʍǝp‬ ‮ʇo‬ ‮nsǝ‬ ‮ʎonɹ‬ ‮ʅoɔɐʇıou‬."},{"$i":"type-user-defined","$v":"‮∩sǝɹ‬ ‮pǝɟıuǝp‬"},{"$i":"blur-distance-km","$v":[{"t":"idOrVar","v":"value"}," ‮ʞɯ‬ ‮qʅnɹ‬"]},{"$i":"blur-distance-m","$v":[{"t":"idOrVar","v":"value"}," ‮ɯ‬ ‮qʅnɹ‬"]},{"$i":"type-precise","$v":"‮Ԁɹǝɔısǝ‬"},{"$i":"type-no-location","$v":"‮No‬ ‮ʅoɔɐʇıou‬"},{"$i":"attention","$v":"‮∀ʇʇǝuʇıou‬!"},{"$i":"ala-custom-location-alert","$v":"‮ʎon‬ ‮ɥɐʌǝu‬’‮ʇ‬ ‮sǝʇ‬ ‮ɐ‬ ‮ɔnsʇoɯ‬ ‮ʅoɔɐʇıou‬ ‮ʎǝʇ‬. ‮Ԁʅǝɐsǝ‬ ‮sǝʇ‬ ‮ʇɥıs‬ ‮qǝɟoɹǝ‬ ‮ʍoɹʞıuƃ‬ ‮ou‬ ‮oʇɥǝɹ‬ ‮sǝʇʇıuƃs‬!"},{"$i":"custom-location","$v":"‮Ↄnsʇoɯ‬ ‮˥oɔɐʇıou‬"},{"$i":"set-custom-location","$v":"‮Sǝʇ‬ ‮ɔnsʇoɯ‬ ‮ʅoɔɐʇıou‬"},{"$i":"set-location","$v":"‮Sǝʇ‬ ‮ʅoɔɐʇıou‬"},{"$i":"custom-location-description","$v":"‮Sǝʇ‬ ‮ɐ‬ ‮ɔnsʇoɯ‬ ‮ʅoɔɐʇıou‬ ‮ʍɥıɔɥ‬ ‮ıs‬ ‮nsǝp‬ ‮ɐs‬ ‮ɐ‬ ‮ɟıxǝp‬ ‮dosıʇıou‬."},{"$i":"precise","$v":"‮Ԁɹǝɔısǝ‬"},{"$i":"no-location","$v":"‮No‬ ‮˥oɔɐʇıou‬"},{"$i":"exceptions-application-description","$v":"‮∀pɾnsʇ‬ ‮ʇɥǝ‬ ‮ɔnsʇoɯ‬ ‮ʅoɔɐʇıou‬ ‮ɐɔɔnɹɐɔʎ‬ ‮ʅǝʌǝʅ‬ ‮oɟ‬ ‮ʇɥǝ‬ ‮ɟoʅʅoʍıuƃ‬ ‮ɐdd‬:"},{"$i":"custom-location-ala-10","$v":"‮Ↄnsʇoɯ‬ ‮˥oɔɐʇıou‬"},{"$i":"choose-a-region-city","$v":"‮Ↄɥoosǝ‬ ‮ɐ‬ ‮ɹǝƃıou‬/‮ɔıʇʎ‬"},{"$i":"region","$v":"‮ᴚǝƃıou‬"},{"$i":"city","$v":"‮Ↄıʇʎ‬"},{"$i":"enter-gps-coordinates","$v":"‮Ǝuʇǝɹ‬ ‮פԀS‬ ‮Ↄooɹpıuɐʇǝs‬"},{"$i":"enter-gps-description","$v":"‮Ԁʅǝɐsǝ‬ ‮ǝuʇǝɹ‬ ‮ʇɥǝ‬ ‮פԀS‬ ‮ɔooɹpıuɐʇǝs‬ ‮ɟoɹ‬ ‮ʅouƃıʇnpǝ‬ ‮ɟɹoɯ‬ -180.0 ‮ʇo‬ 180 ‮ɐup‬ ‮ʅɐʇıʇnpǝ‬ ‮ɟɹoɯ‬ -90.0 ‮ʇo‬ 90.0 ‮pǝƃɹǝǝ‬ ‮ʍıʇɥ‬ ‮ɐ‬ ‮poʇ‬ ‮ʇo‬ ‮sǝdɐɹɐʇǝ‬ ‮ɟnʅʅ‬ ‮pǝƃɹǝǝs‬ ‮ʅoʍǝɹ‬ ‮ʌɐʅnǝs‬."},{"$i":"latitude","$v":"‮˥ɐʇıʇnpǝ‬"},{"$i":"longitude","$v":"‮˥ouƃıʇnpǝ‬"},{"$i":"global-settings","$v":"‮פʅoqɐʅ‬ ‮Sǝʇʇıuƃs‬"},{"$i":"rp-panel","$v":"‮ᴚǝɯoʇǝ‬ ‮Ԁɹoʇǝɔʇıou‬"},{"$i":"rp-new-password-description","$v":"‮Ԁʅǝɐsǝ‬ ‮sǝʇ‬ ‮ɐ‬ ‮dɐssdɥɹɐsǝ‬ ‮ʇo‬ ‮sǝɔnɹǝ‬ ‮ʎonɹ‬ ‮ɹǝɯoʇǝ‬ ‮ɟǝɐʇnɹǝs‬ (‮ɯɐxıɯnɯ‬ 100 ‮ɔɥɐɹɐɔʇǝɹs‬)."},{"$i":"new-passphrase","placeholder":"‮Nǝʍ‬ ‮dɐssdɥɹɐsǝ‬"},{"$i":"confirm-new-passphrase","placeholder":"‮Ↄouɟıɹɯ‬ ‮uǝʍ‬ ‮dɐssdɥɹɐsǝ‬"},{"$i":"rp-login-description","$v":"‮Ԁʅǝɐsǝ‬ ‮ǝuʇǝɹ‬ ‮ʎonɹ‬ ‮dɐssdɥɹɐsǝ‬."},{"$i":"rp-change-password","$v":"‮ɟoɹƃoʇ‬/‮Ↄɥɐuƃǝ‬ ‮ʎonɹ‬ ‮dɐssdɥɹɐsǝ‬?"},{"$i":"passphrase","placeholder":"‮Ԁɐssdɥɹɐsǝ‬"},{"$i":"rp-change-password-description","$v":"‮⊥o‬ ‮ɹǝsǝʇ‬ ‮ʎonɹ‬ ‮dɐssdɥɹɐsǝ‬ ‮dʅǝɐsǝ‬ ‮ǝuʇǝɹ‬ ‮Ԁɐssɔopǝ‬ ‮ʅoɔʞ‬/‮SIW‬ ‮ԀIN‬ ‮ɐup‬ ‮uǝʍ‬ ‮dɐssdɥɹɐsǝ‬."},{"$i":"sim1","$v":"‮SIW‬ 1"},{"$i":"sim2","$v":"‮SIW‬ 2"},{"$i":"enter","placeholder":"‮Ǝuʇǝɹ‬ ‮Ↄopǝ‬"},{"$i":"passphrase-wrong","$v":"‮Ԁɐssdɥɹɐsǝ‬ ‮ıs‬ ‮ʍɹouƃ‬!"},{"$i":"passphrase-empty","$v":"‮Ԁɐssdɥɹɐsǝ‬ ‮ıs‬ ‮ǝɯdʇʎ‬!"},{"$i":"passphrase-too-long","$v":"‮Ԁɐssdɥɹɐsǝ‬ ‮ıs‬ ‮ʇoo‬ ‮ʅouƃ‬!"},{"$i":"passphrase-invalid","$v":"‮ʎon‬ ‮ɔɐuuoʇ‬ ‮nsǝ‬ ‮sdǝɔıɐʅ‬ ‮ɔɥɐɹɐɔʇǝɹs‬!"},{"$i":"passphrase-different","$v":"‮Ↄouɟıɹɯɐʇıou‬ ‮ɯnsʇ‬ ‮ɯɐʇɔɥ‬ ‮dɐssdɥɹɐsǝ‬!"},{"$i":"pin-empty","$v":"‮Ԁɐssɔopǝ‬ ‮ʅoɔʞ‬ ‮ıs‬ ‮ǝɯdʇʎ‬!"},{"$i":"pin-invalid","$v":"‮Ｍɹouƃ‬ ‮Ԁɐssɔopǝ‬ ‮ʅoɔʞ‬!"},{"$i":"passcode-long","$v":"‮Ԁɐssɔopǝ‬ ‮sɥonʅp‬ ‮qǝ‬ 4 ‮pıƃıʇs‬!"},{"$i":"pin-different","$v":"‮Ｍɹouƃ‬ ‮Ԁɐssɔopǝ‬ ‮ʅoɔʞ‬!"},{"$i":"sim-invalid","$v":"‮Ｍɹouƃ‬ ‮SIW‬ ‮ԀIN‬!"},{"$i":"pin-tries-left","$v":{"one":"‮˥ɐsʇ‬ ‮ʇɹʎ‬.","two":[{"t":"idOrVar","v":"n"}," ‮ʇɹıǝs‬ ‮ʅǝɟʇ‬."],"few":[{"t":"idOrVar","v":"n"}," ‮ʇɹıǝs‬ ‮ʅǝɟʇ‬."],"many":[{"t":"idOrVar","v":"n"}," ‮ʇɹıǝs‬ ‮ʅǝɟʇ‬."],"other":[{"t":"idOrVar","v":"n"}," ‮ʇɹıǝs‬ ‮ʅǝɟʇ‬."]},"$x":[{"t":"idOrVar","v":"plural"},"n"]},{"$i":"remote-locate","$v":"‮ᴚǝɯoʇǝ‬ ‮˥oɔɐʇǝ‬"},{"$i":"remote-locate-description","$v":"‮ʎon‬ ‮ɔɐu‬ ‮ʅoɔɐʇǝ‬ ‮ʇɥıs‬ ‮pǝʌıɔǝ‬ ‮ʌıɐ‬ ‮SWS‬ ‮ɐs‬ ‮ɟoʅʅoʍıuƃ‬: ‮ᴚԀ‬ ‮ʅoɔɐʇǝ‬ ‮ʎO∩ᴚԀ∀SSԀHᴚ∀SƎ‬"},{"$i":"remote-ring","$v":"‮ᴚǝɯoʇǝ‬ ‮ᴚıuƃ‬"},{"$i":"remote-ring-description","$v":"‮ʎon‬ ‮ɔɐu‬ ‮ɹıuƃ‬ ‮ʇɥıs‬ ‮pǝʌıɔǝ‬ ‮ʌıɐ‬ ‮SWS‬ ‮ɐs‬ ‮ɟoʅʅoʍıuƃ‬: ‮ᴚԀ‬ ‮ɹıuƃ‬ ‮ʎO∩ᴚԀ∀SSԀHᴚ∀SƎ‬"},{"$i":"remote-lock","$v":"‮ᴚǝɯoʇǝ‬ ‮˥oɔʞ‬"},{"$i":"remote-lock-description","$v":"‮ʎon‬ ‮ɔɐu‬ ‮ʅoɔʞ‬ ‮ʇɥıs‬ ‮pǝʌıɔǝ‬ ‮ʌıɐ‬ ‮SWS‬ ‮ɐs‬ ‮ɟoʅʅoʍıuƃ‬: ‮ᴚԀ‬ ‮ʅoɔʞ‬ ‮ʎO∩ᴚԀ∀SSԀHᴚ∀SƎ‬"},{"$i":"rp-lockscreen-alert","$v":"‮Ԁʅǝɐsǝ‬ ‮ɐɔʇıʌɐʇǝ‬ ‮ʅoɔʞsɔɹǝǝu‬ ‮∀Np‬ ‮dɐssɔopǝ‬ ‮ıu‬ ‮ʇɥǝ‬ ‮sʎsʇǝɯ‬ ‮sǝʇʇıuƃs‬ ‮ʇo‬ ‮nsǝ‬ ‮ʇɥǝ‬ ‮ᴚǝɯoʇǝ‬ ‮Ԁɹoʇǝɔʇıou‬."},{"$i":"take-me-there","$v":"‮⊥ɐʞǝ‬ ‮ɯǝ‬ ‮ʇɥǝɹǝ‬"},{"$i":"lock-screen","$v":"‮Sɔɹǝǝu‬ ‮˥oɔʞ‬"},{"$i":"screen-lock-header","$v":"‮Sɔɹǝǝu‬ ‮˥oɔʞ‬"},{"$i":"passcode-lock","$v":"‮Ԁɐssɔopǝ‬ ‮˥oɔʞ‬"},{"$i":"require-passcode","$v":"‮ᴚǝbnıɹǝ‬ ‮dɐssɔopǝ‬"},{"$i":"immediately","$v":"‮Iɯɯǝpıɐʇǝʅʎ‬"},{"$i":"after-one-minute","$v":"‮∀ɟʇǝɹ‬ 1 ‮ɯıunʇǝ‬"},{"$i":"after-five-minutes","$v":"‮∀ɟʇǝɹ‬ 5 ‮ɯıunʇǝs‬"},{"$i":"after-fifteen-minutes","$v":"‮∀ɟʇǝɹ‬ 15 ‮ɯıunʇǝs‬"},{"$i":"after-thirty-minutes","$v":"‮∀ɟʇǝɹ‬ 30 ‮ɯıunʇǝs‬"},{"$i":"after-one-hour","$v":"‮∀ɟʇǝɹ‬ 1 ‮ɥonɹ‬"},{"$i":"change-passcode","$v":"‮Ↄɥɐuƃǝ‬ ‮dɐssɔopǝ‬"},{"$i":"change","$v":"‮Ↄɥɐuƃǝ‬"},{"$i":"create","$v":"‮Ↄɹǝɐʇǝ‬"},{"$i":"passcode-heading","$v":"‮Ԁɐssɔopǝ‬"},{"$i":"current-passcode","$v":"‮Ↄnɹɹǝuʇ‬ ‮dɐssɔopǝ‬"},{"$i":"new-passcode","$v":"‮Nǝʍ‬ ‮dɐssɔopǝ‬"},{"$i":"enter-passcode","$v":"‮Ǝuʇǝɹ‬ ‮dɐssɔopǝ‬"},{"$i":"create-a-passcode","$v":"‮Ↄɹǝɐʇǝ‬ ‮ɐ‬ ‮Ԁɐssɔopǝ‬"},{"$i":"passcode","$v":"‮Ԁɐssɔopǝ‬"},{"$i":"confirm-passcode","$v":"‮Ↄouɟıɹɯ‬ ‮Ԁɐssɔopǝ‬"},{"$i":"incorrect-passcode","$v":"‮Ԁɐssɔopǝ‬ ‮ıs‬ ‮ıuɔoɹɹǝɔʇ‬"},{"$i":"passcode-doesnt-match","$v":"‮Ԁɐssɔopǝ‬ ‮poǝsu‬’‮ʇ‬ ‮ɯɐʇɔɥ‬. ‮⊥ɹʎ‬ ‮ɐƃɐıu‬."},{"$i":"tc-panel","$v":"‮⊥ɹɐusdɐɹǝuɔʎ‬ ‮Ↄouʇɹoʅ‬"},{"$i":"tc-applications","$v":"‮∀ddʅıɔɐʇıous‬"},{"$i":"tc-permissions","$v":"‮Ԁǝɹɯıssıous‬"},{"$i":"tc-sort-alphabetical","$v":"‮∀ʅdɥɐqǝʇıɔɐʅ‬"},{"$i":"tc-sort-trustLevel","$v":"‮⊥ɹnsʇ‬ ‮˥ǝʌǝʅ‬"},{"$i":"tc-sort-vendor","$v":"‮Ʌǝupoɹ‬"},{"$i":"tc-search-apps","placeholder":"‮Sǝɐɹɔɥ‬ ‮∀dds‬"},{"$i":"tc-search-close","$v":"‮ɔʅosǝ‬"},{"$i":"tc-search-clear","$v":"‮ɔʅǝɐɹ‬"},{"$i":"tc-trust-certified","$v":"‮Iuʇǝɹuɐʅ‬ ‮∀dds‬"},{"$i":"tc-trust-privileged","$v":"‮Ԁɹıʌıʅǝƃǝp‬ ‮∀dds‬"},{"$i":"tc-trust-web","$v":"‮Ｍǝq‬ ‮∀dds‬"},{"$i":"tc-explicit-permissions","$v":"‮Ԁǝɹɯıssıous‬"},{"$i":"tc-implicit-permissions","$v":"‮Iɯdʅıɔıʇ‬ ‮Ԁǝɹɯıssıous‬"},{"$i":"tc-explicit-prompt","$v":"‮∀sʞ‬"},{"$i":"tc-explicit-deny","$v":"‮pǝuʎ‬"},{"$i":"tc-explicit-allow","$v":"‮פɹɐuʇ‬"},{"$i":"tc-apps-accessing-permission","$v":"‮∀dds‬ ‮ɐɔɔǝssıuƃ‬ ‮ʇɥıs‬ ‮dǝɹɯıssıou‬"},{"$i":"gt-main-pc-header","$v":"‮Ｍǝʅɔoɯǝ‬ ‮ʇo‬ ‮ʇɥǝ‬ ‮Ԁɹıʌɐɔʎ‬ ‮Ↄouʇɹoʅs‬!"},{"$i":"gt-main-desc","$v":"‮⊥ɥıs‬ ‮ɐdd‬ ‮ʍıʅʅ‬ ‮ɥǝʅd‬ ‮ʎon‬ ‮ǝuɥɐuɔǝ‬ ‮ʎonɹ‬ ‮dɹıʌɐɔʎ‬ ‮dɹoʇǝɔʇıou‬ ‮ɐup‬ ‮ǝuɐqʅǝs‬ ‮ʎon‬ ‮ʇo‬ ‮ʅoɔʞ‬ ‮oɹ‬ ‮ɟıup‬ ‮ʎonɹ‬ ‮dɥouǝ‬ ‮ıɟ‬ ‮ıʇ‬’‮s‬ ‮ʅosʇ‬. ‮ſnsʇ‬ ‮ɥɐʌǝ‬ ‮ɐ‬ ‮ɔʅosǝɹ‬ ‮ʅooʞ‬. ‮Iʇ‬ ‮ʇɐʞǝs‬ ‮ouʅʎ‬ 2 ‮ɯıunʇǝs‬!"},{"$i":"gt-ala-explain-header","$v":"‮Ｍɥɐʇ‬ ‮ıs‬ ‮˥oɔɐʇıou‬ ‮∀pɾnsʇɯǝuʇ‬ ‮ƃoop‬ ‮ɟoɹ‬?"},{"$i":"gt-ala-explain-desc","$v":"‮Wɐuʎ‬ ‮ɐdds‬ ‮ɐɔɔǝss‬ ‮ʎonɹ‬ ‮ƃǝoʅoɔɐʇıou‬, ‮ʅıʞǝ‬ ‮ʇɥǝ‬ ‮ɐppɹǝssqooʞ‬ ‮oɹ‬ ‮ʇɥǝ‬ ‮ɔɐɯǝɹɐ‬. ‮Iɟ‬ ‮ʎon‬ ‮pou‬’‮ʇ‬ ‮ʍɐuʇ‬ ‮ʇo‬ ‮pısɔʅosǝ‬ ‮ʎonɹ‬ ‮ǝxɐɔʇ‬ ‮dosıʇıou‬, ‮ʎon‬ ‮ɔɐu‬ ‮ɐpɾnsʇ‬ ‮ʇɥǝ‬ ‮ɐɔɔnɹɐɔʎ‬ ‮oɟ‬ ‮ʎonɹ‬ ‮ɔnɹɹǝuʇ‬ ‮ʅoɔɐʇıou‬ ‮ʇɥɐʇ‬ ‮ıs‬ ‮nsǝp‬ ‮qʎ‬ ‮ɐdds‬, ‮sǝʇ‬ ‮ɐ‬ ‮ɔnsʇoɯ‬ ‮ʅoɔɐʇıou‬ ‮oɹ‬ ‮ɥıpǝ‬ ‮ʎonɹ‬ ‮ƃǝoʅoɔɐʇıou‬."},{"$i":"gt-ala-blur-header","$v":"‮Hoʍ‬ ‮ʇo‬ ‮sǝʇ‬ ‮˥oɔɐʇıou‬ ‮∀pɾnsʇɯǝuʇ‬?"},{"$i":"gt-ala-blur-desc","$v":"‮Noʇ‬ ‮ǝʌǝɹʎ‬ ‮ɐdd‬ ‮uǝǝps‬ ‮ʎonɹ‬ ‮ǝxɐɔʇ‬ ‮ʅoɔɐʇıou‬ ‮ʇo‬ ‮ʍoɹʞ‬ ‮dɹodǝɹʅʎ‬. ‮Iusʇǝɐp‬ ‮oɟ‬ ‮sɥɐɹıuƃ‬ ‮ʎonɹ‬ ‮ǝxɐɔʇ‬ ‮ɔooɹpıuɐʇǝs‬, ‮ʎon‬ ‮ɔɐu‬ ‮ɔɥoosǝ‬ ‮ʇo‬ ‮ǝɟɟǝɔʇıʌǝʅʎ‬ ‮qʅnɹ‬ ‮ʎonɹ‬ ‮ʅoɔɐʇıou‬ ‮ʇo‬ ‮ǝ‬.‮ƃ‬. 50 ‮ɯıʅǝs‬ ‮ɐɹonup‬ ‮ʎon‬. ‮⊥ɥıs‬ ‮ʍɐʎ‬, ‮ʎonɹ‬ ‮ʍǝɐʇɥǝɹ‬ ‮ɐdd‬ ‮ʍıʅʅ‬ ‮sʇıʅʅ‬ ‮ʍoɹʞ‬, ‮qnʇ‬ ‮ʎon‬ ‮ɐɹǝ‬ ‮uoʇ‬ ‮pısɔʅosıuƃ‬ ‮ʎonɹ‬ ‮ǝxɐɔʇ‬ ‮ʅoɔɐʇıou‬. ‮ᴚǝɯǝɯqǝɹ‬: ‮˥oɔɐʇıou‬ ‮∀pɾnsʇɯǝuʇ‬ ‮ʍıʅʅ‬ ‮uoʇ‬ ‮ɔoɯdʅǝʇǝʅʎ‬ ‮ɥıpǝ‬ ‮ʎon‬!"},{"$i":"gt-ala-custom-header","$v":"‮Ｍɥɐʇ‬ ‮ıs‬ ‮Ↄnsʇoɯ‬ ‮˥oɔɐʇıou‬?"},{"$i":"gt-ala-custom-desc","$v":"‮Ｍıʇɥ‬ ‮ʇɥǝ‬ ‮ɔnsʇoɯ‬ ‮ʅoɔɐʇıou‬ ‮sǝʇʇıuƃ‬ ‮ʎon‬ ‮ɐɹǝ‬ ‮ɐqʅǝ‬ ‮ʇo‬ ‮ɥıpǝ‬ ‮ʎonɹ‬ ‮ɹǝɐʅ‬ ‮ʅoɔɐʇıou‬ ‮ɐup‬ ‮sǝʇ‬ ‮ıʇ‬ ‮ʇo‬ ‮ɐuoʇɥǝɹ‬ ‮dʅɐɔǝ‬ ‮ʍoɹʅpʍıpǝ‬. ‮ʎon‬ ‮ɔɥoosǝ‬ ‮ʍɥǝɹǝ‬ ‮ʎon‬ ‮ɐɹǝ‬!"},{"$i":"gt-ala-exceptions-header","$v":"‮Ｍɥɐʇ‬ ‮ıs‬ ‮ʅoɔɐʇıou‬ ‮dǝɹ‬ ‮ɐdd‬?"},{"$i":"gt-ala-exceptions-desc","$v":"‮Hǝɹǝ‬ ‮ʎon‬ ‮ʍıʅʅ‬ ‮ɟıup‬ ‮ɐu‬ ‮oʌǝɹʌıǝʍ‬ ‮oɟ‬ ‮ɐʅʅ‬ ‮ɐdds‬, ‮ʇɥɐʇ‬ ‮ɔɐu‬ ‮ɐɔɔǝss‬ ‮ʎonɹ‬ ‮ƃǝoʅoɔɐʇıou‬. ‮ʎon‬ ‮ɔɐu‬ ‮ɐpɾnsʇ‬ ‮ʇɥǝ‬ ‮sǝʇʇıuƃs‬ ‮ɟoɹ‬ ‮ǝɐɔɥ‬ ‮ɐdd‬ ‮ıupıʌıpnɐʅʅʎ‬. ‮⊥ɥǝʎ‬ ‮oʌǝɹʍɹıʇǝ‬ ‮ʇɥǝ‬ ‮ƃʅoqɐʅ‬ ‮ʅoɔɐʇıou‬ ‮ɐɔɔnɹɐɔʎ‬ ‮ɟoɹ‬ ‮ʇɥɐʇ‬ ‮ɐdd‬."},{"$i":"gt-rp-explain-header","$v":"‮ᴚǝɯoʇǝ‬ ‮Ԁɹoʇǝɔʇıou‬? ‮Ｍɥɐʇ‬ ‮ıs‬ ‮ıʇ‬?"},{"$i":"gt-rp-explain-desc","$v":"‮Iɟ‬ ‮ʎonɹ‬ ‮dɥouǝ‬ ‮ıs‬ ‮sʇoʅǝu‬ ‮oɹ‬ ‮ʅosʇ‬, ‮ʎon‬ ‮ɔɐu‬ ‮nsǝ‬ ‮ʇɥǝ‬ ‮ᴚǝɯoʇǝ‬ ‮Ԁɹoʇǝɔʇıou‬. ‮Ｍıʇɥ‬ ‮ɐuoʇɥǝɹ‬ ‮dɥouǝ‬ ‮ʎon‬ ‮ɔɐu‬ ‮ʅoɔɐʇǝ‬ ‮ıʇ‬, ‮ʅǝʇ‬ ‮ıʇ‬ ‮ɹıuƃ‬ ‮oɹ‬ ‮ǝʌǝu‬ ‮ʅoɔʞ‬ ‮ıʇ‬ ‮ɹǝɯoʇǝʅʎ‬. ‮ʎon‬ ‮ɟıɹsʇ‬ ‮ɥɐʌǝ‬ ‮ʇo‬ ‮sǝʇ‬ ‮ʎonɹ‬ ‮dǝɹsouɐʅ‬ ‮dɐssdɥɹɐsǝ‬ ‮ɐup‬ ‮ǝuɐqʅǝ‬ ‮ʇɥǝ‬ ‮ɟǝɐʇnɹǝs‬ ‮ʎon‬ ‮ʍıʅʅ‬ ‮ʍɐuʇ‬ ‮ʇo‬ ‮nsǝ‬ (‮ʅoɔɐʇǝ‬, ‮ɹıuƃ‬ ‮ɐup‬ ‮ʅoɔʞ‬)."},{"$i":"gt-rp-passphrase-header","$v":"‮Hoʍ‬ ‮ʇo‬ ‮sǝʇ‬ ‮ʎonɹ‬ ‮dǝɹsouɐʅ‬ ‮dɐssdɥɹɐsǝ‬?"},{"$i":"gt-rp-passphrase-desc","$v":"‮⊥ɐd‬ “‮ᴚǝɯoʇǝ‬ ‮Ԁɹoʇǝɔʇıou‬” ‮ɐup‬ ‮sǝʇ‬ ‮ʎonɹ‬ ‮dɐssdɥɹɐsǝ‬ ‮ʇo‬ ‮sǝɔnɹǝ‬ ‮ʎonɹ‬ ‮ɹǝɯoʇǝ‬ ‮ɟǝɐʇnɹǝs‬. ‮Iɟ‬ ‮ʎon‬ ‮ɥɐʌǝ‬ ‮ɟoɹƃoʇʇǝu‬ ‮ʎonɹ‬ ‮ɐɔʇnɐʅ‬ ‮dɐssdɥɹɐsǝ‬ ‮ʎon‬ ‮ɔɐu‬ ‮ɹǝsǝʇ‬ ‮ıʇ‬ ‮nsıuƃ‬ ‮ʎonɹ‬ ‮SIW‬ ‮ԀIN‬ ‮oɹ‬ ‮ʅoɔʞsɔɹǝǝu‬ ‮dɐssɔopǝ‬."},{"$i":"gt-rp-locate-header","$v":"‮Hoʍ‬ ‮ʇo‬ ‮ʅoɔɐʇǝ‬ ‮ɯʎ‬ ‮dɥouǝ‬?"},{"$i":"gt-rp-locate-desc1","$v":"‮Iɟ‬ ‮ʎonɹ‬ ‮dɥouǝ‬ ‮ıs‬ ‮ʅosʇ‬, ‮ɾnsʇ‬ ‮ʇɐʞǝ‬ ‮ʇɥǝ‬ ‮dɥouǝ‬ ‮oɟ‬ ‮ɐ‬ ‮ɟɹıǝup‬ ‮ɐup‬ ‮sǝup‬ ‮ɐ‬ ‮SWS‬ ‮ʍıʇɥ‬"},{"$i":"gt-rp-locate-command","$v":"‮ᴚԀ‬ ‮ʅoɔɐʇǝ‬ ‮ʎO∩ᴚԀ∀SSԀHᴚ∀SƎ‬"},{"$i":"gt-rp-locate-desc2","$v":"‮ʇo‬ ‮ʎonɹ‬ ‮dɥouǝ‬ ‮unɯqǝɹ‬ ‮ɐup‬ ‮ʎon‬’‮ʅʅ‬ ‮ƃǝʇ‬ ‮ʇɥǝ‬ ‮ǝxɐɔʇ‬ ‮פԀS‬ ‮ɔooɹpıuɐʇǝs‬ ‮ʌıɐ‬ ‮SWS‬ ‮ıu‬ ‮ɹǝʇnɹu‬. ‮Wɐʞǝ‬ ‮snɹǝ‬ ‮ʇo‬ ‮sǝʇ‬ ‮nd‬ ‮ʇɥǝ‬ ‮dɐssdɥɹɐsǝ‬!"},{"$i":"gt-rp-ring-header","$v":"‮Hoʍ‬ ‮ʇo‬ ‮ɹıuƃ‬ ‮ʎonɹ‬ ‮dɥouǝ‬?"},{"$i":"gt-rp-ring-desc1","$v":"‮Iʇ‬’‮s‬ ‮ǝɐsʎ‬! ‮ſnsʇ‬ ‮sǝup‬ ‮ɐu‬ ‮SWS‬ ‮ʍıʇɥ‬"},{"$i":"gt-rp-ring-command","$v":"‮ᴚԀ‬ ‮ɹıuƃ‬ ‮ʎO∩ᴚԀ∀SSԀHᴚ∀SƎ‬"},{"$i":"gt-rp-ring-desc2","$v":"‮ʇo‬ ‮ʎonɹ‬ ‮dɥouǝ‬ ‮unɯqǝɹ‬ ‮ɐup‬ ‮ıʇ‬ ‮ʍıʅʅ‬ ‮ɹıuƃ‬ ‮nuʇıʅ‬ ‮ʎon‬ ‮ɟıup‬ ‮ıʇ‬ ‮ɐup‬ ‮nuʅoɔʞ‬ ‮ıʇ‬."},{"$i":"gt-rp-lock-header","$v":"‮Hoʍ‬ ‮ʇo‬ ‮ʅoɔʞ‬ ‮ɯʎ‬ ‮dɥouǝ‬?"},{"$i":"gt-rp-lock-desc1","$v":"‮Iɟ‬ ‮ʎon‬ ‮ɥɐʌǝ‬ ‮ʅosʇ‬ ‮ʎonɹ‬ ‮dɥouǝ‬ ‮ɐup‬ ‮ʎon‬ ‮ʍɐuʇ‬ ‮ʇo‬ ‮ʅoɔʞ‬ ‮ıʇ‬ ‮ɹǝɯoʇǝʅʎ‬ ‮ɾnsʇ‬ ‮sǝup‬ ‮ɐu‬ ‮SWS‬ ‮ʍıʇɥ‬"},{"$i":"gt-rp-lock-command","$v":"‮ᴚԀ‬ ‮ʅoɔʞ‬ ‮ʎO∩ᴚԀ∀SSԀHᴚ∀SƎ‬"},{"$i":"gt-rp-lock-desc2","$v":"‮ʇo‬ ‮ʎonɹ‬ ‮dɥouǝ‬ ‮unɯqǝɹ‬. ‮⊥ɥǝ‬ ‮dɥouǝ‬ ‮ʍıʅʅ‬ ‮ʅoɔʞ‬ ‮ıʇsǝʅɟ‬ ‮ɐup‬ ‮ouʅʎ‬ ‮ʎon‬ ‮ʍıʅʅ‬ ‮qǝ‬ ‮ɐqʅǝ‬ ‮ʇo‬ ‮nuʅoɔʞ‬ ‮ıʇ‬ ‮ʍıʇɥ‬ ‮ʎonɹ‬ ‮ɹǝƃnʅɐɹ‬ ‮sɔɹǝǝu‬ ‮dɐssɔopǝ‬."},{"$i":"get-started","$v":"‮פǝʇ‬ ‮Sʇɐɹʇǝp‬!"},{"$i":"finish-tour","$v":"‮ɟıuısɥ‬ ‮⊥onɹ‬"},{"$i":"ok","$v":"‮OӼ‬"},{"$i":"back","$v":"‮Ԑɐɔʞ‬"},{"$i":"next","$v":"‮Nǝxʇ‬"},{"$i":"sms-ring","$v":"‮ʎonɹ‬ ‮pǝʌıɔǝ‬ ‮sɥonʅp‬ ‮ɹıuƃ‬ ‮uoʍ‬ ‮ɐup‬ ‮ʍɐs‬ ‮ʅoɔʞǝp‬. ‮ʎon‬ ‮ɔɐu‬ ‮nuʅoɔʞ‬ ‮ıʇ‬ ‮ʍıʇɥ‬ ‮ʎonɹ‬ ‮dɐssɔopǝ‬."},{"$i":"sms-lock","$v":"‮ʎonɹ‬ ‮pǝʌıɔǝ‬ ‮ʍɐs‬ ‮ʅoɔʞǝp‬. ‮ʎon‬ ‮ɔɐu‬ ‮nuʅoɔʞ‬ ‮ıʇ‬ ‮ʍıʇɥ‬ ‮ʎonɹ‬ ‮dɐssɔopǝ‬."},{"$i":"sms-locate","$v":["‮ʎonɹ‬ ‮pǝʌıɔǝ‬ ‮ɔooɹpıuɐʇǝs‬ ‮ɐɹǝ‬ @",{"t":"idOrVar","v":"latitude"},",",{"t":"idOrVar","v":"longitude"}," ‮ɐup‬ ‮ʎonɹ‬ ‮pǝʌıɔǝ‬ ‮ʍɐs‬ ‮ʅoɔʞǝp‬. ‮ʎon‬ ‮ɔɐu‬ ‮nuʅoɔʞ‬ ‮ıʇ‬ ‮ʍıʇɥ‬ ‮ʎonɹ‬ ‮dɐssɔopǝ‬."]},{"$i":"about-privacy-controls","$v":"‮∀qonʇ‬ ‮Ԁɹıʌɐɔʎ‬ ‮Ↄouʇɹoʅs‬"},{"$i":"version","$v":"‮Ʌǝɹsıou‬"},{"$i":"build-id","$v":"‮Ԑnıʅp‬-‮Ip‬"},{"$i":"about-pc-header","$v":"‮∀qonʇ‬ ‮ʇɥǝ‬ ‮Ԁɹıʌɐɔʎ‬ ‮Ↄouʇɹoʅs‬"},{"$i":"about-pc-desc","$v":"‮⊥oƃǝʇɥǝɹ‬ ‮ʍıʇɥ‬ ‮pǝnʇsɔɥǝ‬ ‮⊥ǝʅǝʞoɯ‬ ‮ʇɥǝ‬ ‮Wozıʅʅɐ‬ ‮ɟonupɐʇıou‬ ‮pǝʌǝʅodǝp‬ ‮ʇɥǝ‬ ‮Ԁɹıʌɐɔʎ‬ ‮Ↄouʇɹoʅs‬ ‮ʇo‬ ‮ǝuɐqʅǝ‬ ‮ʇɥǝ‬ ‮nsǝɹ‬ ‮ʇo‬ ‮ʇɐʞǝ‬ ‮qɐɔʞ‬ ‮ɔouʇɹoʅ‬ ‮oɟ‬ ‮ʇɥǝ‬ ‮dǝɹsouɐʅ‬ ‮pɐʇɐ‬"},{"$i":"perm-alarms-description","$v":"‮Sɔɥǝpnʅǝ‬ ‮ɐ‬ ‮uoʇıɟıɔɐʇıou‬, ‮oɹ‬ ‮sɔɥǝpnʅǝ‬ ‮ɐu‬ ‮ɐddʅıɔɐʇıou‬ ‮ʇo‬ ‮qǝ‬ ‮sʇɐɹʇǝp‬."},{"$i":"perm-audio-capture-description","$v":"‮∀ɔɔǝss‬ ‮ɐnpıo‬ ‮ıudnʇ‬ ‮pǝʌıɔǝs‬, ‮ǝ‬.‮ƃ‬. ‮ɯıɔɹodɥouǝ‬."},{"$i":"perm-audio-channel-alarm-description","$v":"‮Ԁʅɐʎ‬ ‮ɔʅoɔʞ‬ ‮ɐʅɐɹɯs‬ ‮ɐup‬ ‮ɔɐʅǝupɐɹ‬ ‮ɐʅɐɹɯs‬."},{"$i":"perm-audio-channel-content-description","$v":"‮Ԁʅɐʎ‬ ‮ɯnsıɔ‬ ‮ɐup‬ ‮ʌıpǝo‬."},{"$i":"perm-audio-channel-normal-description","$v":"‮Ԁʅɐʎ‬ ‮∩I‬ ‮sonups‬, ‮Ｍǝq‬ ‮ɔouʇǝuʇ‬, ‮ɯnsıɔ‬, ‮ɹɐpıo‬."},{"$i":"perm-audio-channel-notification-description","$v":"‮Ԁʅɐʎ‬ ‮uoʇıɟıɔɐʇıou‬ ‮ɯǝssɐƃǝ‬ ‮sonups‬."},{"$i":"perm-browser-description","$v":"‮Ǝuɐqʅǝs‬ ‮ʇɥǝ‬ ‮ɐdd‬ ‮ʇo‬ ‮ıɯdʅǝɯǝuʇ‬ ‮ɐ‬ ‮qɹoʍsǝɹ‬ ‮ıu‬ ‮ɐu‬ ‮ıɟɹɐɯǝ‬."},{"$i":"perm-camera-description","$v":"‮⊥ɐʞǝ‬ ‮dɥoʇos‬, ‮sɥooʇ‬ ‮ʌıpǝo‬, ‮ɹǝɔoɹp‬ ‮ɐnpıo‬, ‮ɐup‬ ‮ɔouʇɹoʅ‬ ‮ʇɥǝ‬ ‮ɔɐɯǝɹɐ‬."},{"$i":"perm-contacts-description","$v":"‮∀pp‬, ‮ɹǝɐp‬, ‮oɹ‬ ‮ɯopıɟʎ‬ ‮ɔouʇɐɔʇs‬ ‮ɟɹoɯ‬ ‮ʇɥǝ‬ ‮ɐppɹǝss‬ ‮qooʞ‬ ‮ou‬ ‮ʇɥǝ‬ ‮pǝʌıɔǝ‬ ‮ɐup‬ ‮ɹǝɐp‬ ‮ɔouʇɐɔʇs‬ ‮ɟɹoɯ‬ ‮ʇɥǝ‬ ‮SIW‬."},{"$i":"perm-contacts-readonly-description","$v":"‮ᴚǝɐp‬ ‮ɔouʇɐɔʇs‬ ‮ɟɹoɯ‬ ‮ʇɥǝ‬ ‮ɐppɹǝss‬ ‮qooʞ‬ ‮ou‬ ‮ʇɥǝ‬ ‮pǝʌıɔǝ‬ ‮ɐup‬ ‮ɹǝɐp‬ ‮ɔouʇɐɔʇs‬ ‮ɟɹoɯ‬ ‮ʇɥǝ‬ ‮SIW‬."},{"$i":"perm-contacts-readwrite-description","$v":"‮ᴚǝɐp‬ ‮oɹ‬ ‮ɯopıɟʎ‬ ‮ɔouʇɐɔʇs‬ ‮ɟɹoɯ‬ ‮ʇɥǝ‬ ‮ɐppɹǝss‬ ‮qooʞ‬ ‮ou‬ ‮ʇɥǝ‬ ‮pǝʌıɔǝ‬ ‮ɐup‬ ‮ɹǝɐp‬ ‮ɔouʇɐɔʇs‬ ‮ɟɹoɯ‬ ‮ʇɥǝ‬ ‮SIW‬."},{"$i":"perm-contacts-readcreate-description","$v":"‮∀pp‬, ‮ɹǝɐp‬, ‮oɹ‬ ‮ɯopıɟʎ‬ ‮ɔouʇɐɔʇs‬ ‮ɟɹoɯ‬ ‮ʇɥǝ‬ ‮ɐppɹǝss‬ ‮qooʞ‬ ‮ou‬ ‮ʇɥǝ‬ ‮pǝʌıɔǝ‬ ‮ɐup‬ ‮ɹǝɐp‬ ‮ɔouʇɐɔʇs‬ ‮ɟɹoɯ‬ ‮ʇɥǝ‬ ‮SIW‬."},{"$i":"perm-contacts-createonly-description","$v":"‮∀pp‬ ‮ɔouʇɐɔʇs‬ ‮ʇo‬ ‮ʇɥǝ‬ ‮ɐppɹǝss‬ ‮qooʞ‬ ‮ou‬ ‮ʇɥǝ‬ ‮pǝʌıɔǝ‬."},{"$i":"perm-desktop-notification-description","$v":"‮pısdʅɐʎ‬ ‮ɐ‬ ‮uoʇıɟıɔɐʇıou‬ ‮ou‬ ‮ʇɥǝ‬ ‮nsǝɹ‬’‮s‬ ‮pǝʌıɔǝ‬."},{"$i":"perm-device-storage-music-description","$v":"‮∀pp‬, ‮ɹǝɐp‬ ‮oɹ‬ ‮ɯopıɟʎ‬ ‮ɯnsıɔ‬ ‮ɟıʅǝs‬ ‮sʇoɹǝp‬ ‮ou‬ ‮ʇɥǝ‬ ‮pǝʌıɔǝ‬."},{"$i":"perm-device-storage-music-readonly-description","$v":"‮ᴚǝɐp‬ ‮ɯnsıɔ‬ ‮ɟıʅǝs‬ ‮sʇoɹǝp‬ ‮ou‬ ‮ʇɥǝ‬ ‮pǝʌıɔǝ‬."},{"$i":"perm-device-storage-music-readwrite-description","$v":"‮ᴚǝɐp‬ ‮oɹ‬ ‮ɯopıɟʎ‬ ‮ɯnsıɔ‬ ‮ɟıʅǝs‬ ‮sʇoɹǝp‬ ‮ou‬ ‮ʇɥǝ‬ ‮pǝʌıɔǝ‬."},{"$i":"perm-device-storage-music-readcreate-description","$v":"‮∀pp‬, ‮ɹǝɐp‬ ‮oɹ‬ ‮ɯopıɟʎ‬ ‮ɯnsıɔ‬ ‮ɟıʅǝs‬ ‮sʇoɹǝp‬ ‮ou‬ ‮ʇɥǝ‬ ‮pǝʌıɔǝ‬."},{"$i":"perm-device-storage-music-createonly-description","$v":"‮Sʇoɹǝ‬ ‮uǝʍ‬ ‮ɯnsıɔ‬ ‮ɟıʅǝs‬ ‮ou‬ ‮ʇɥǝ‬ ‮pǝʌıɔǝ‬."},{"$i":"perm-device-storage-pictures-description","$v":"‮∀pp‬, ‮ɹǝɐp‬ ‮oɹ‬ ‮ɯopıɟʎ‬ ‮dıɔʇnɹǝ‬ ‮ɟıʅǝs‬ ‮sʇoɹǝp‬ ‮ou‬ ‮ʇɥǝ‬ ‮pǝʌıɔǝ‬."},{"$i":"perm-device-storage-pictures-readonly-description","$v":"‮ᴚǝɐp‬ ‮dıɔʇnɹǝ‬ ‮ɟıʅǝs‬ ‮sʇoɹǝp‬ ‮ou‬ ‮ʇɥǝ‬ ‮pǝʌıɔǝ‬."},{"$i":"perm-device-storage-pictures-readwrite-description","$v":"‮ᴚǝɐp‬ ‮oɹ‬ ‮ɯopıɟʎ‬ ‮dıɔʇnɹǝ‬ ‮ɟıʅǝs‬ ‮sʇoɹǝp‬ ‮ou‬ ‮ʇɥǝ‬ ‮pǝʌıɔǝ‬."},{"$i":"perm-device-storage-pictures-readcreate-description","$v":"‮∀pp‬, ‮ɹǝɐp‬ ‮oɹ‬ ‮ɯopıɟʎ‬ ‮dıɔʇnɹǝ‬ ‮ɟıʅǝs‬ ‮sʇoɹǝp‬ ‮ou‬ ‮ʇɥǝ‬ ‮pǝʌıɔǝ‬."},{"$i":"perm-device-storage-pictures-createonly-description","$v":"‮Sʇoɹǝ‬ ‮uǝʍ‬ ‮dıɔʇnɹǝ‬ ‮ɟıʅǝs‬ ‮ou‬ ‮ʇɥǝ‬ ‮pǝʌıɔǝ‬."},{"$i":"perm-device-storage-sdcard-description","$v":"‮∀pp‬, ‮ɹǝɐp‬ ‮oɹ‬ ‮ɯopıɟʎ‬ ‮ɟıʅǝs‬ ‮sʇoɹǝp‬ ‮ou‬ ‮ʇɥǝ‬ ‮pǝʌıɔǝ‬’‮s‬ ‮Sp‬ ‮ɔɐɹp‬."},{"$i":"perm-device-storage-sdcard-readonly-description","$v":"‮ᴚǝɐp‬ ‮ɟıʅǝs‬ ‮sʇoɹǝp‬ ‮ou‬ ‮ʇɥǝ‬ ‮pǝʌıɔǝ‬’‮s‬ ‮Sp‬ ‮ɔɐɹp‬."},{"$i":"perm-device-storage-sdcard-readwrite-description","$v":"‮ᴚǝɐp‬ ‮oɹ‬ ‮ɯopıɟʎ‬ ‮ɟıʅǝs‬ ‮sʇoɹǝp‬ ‮ou‬ ‮ʇɥǝ‬ ‮pǝʌıɔǝ‬’‮s‬ ‮Sp‬ ‮ɔɐɹp‬."},{"$i":"perm-device-storage-sdcard-readcreate-description","$v":"‮∀pp‬, ‮ɹǝɐp‬ ‮oɹ‬ ‮ɯopıɟʎ‬ ‮ɟıʅǝs‬ ‮sʇoɹǝp‬ ‮ou‬ ‮ʇɥǝ‬ ‮pǝʌıɔǝ‬’‮s‬ ‮Sp‬ ‮ɔɐɹp‬."},{"$i":"perm-device-storage-sdcard-createonly-description","$v":"‮Sʇoɹǝ‬ ‮uǝʍ‬ ‮ɟıʅǝs‬ ‮ou‬ ‮ʇɥǝ‬ ‮pǝʌıɔǝ‬’‮s‬ ‮Sp‬ ‮ɔɐɹp‬."},{"$i":"perm-device-storage-videos-description","$v":"‮∀pp‬, ‮ɹǝɐp‬ ‮oɹ‬ ‮ɯopıɟʎ‬ ‮ʌıpǝo‬ ‮ɟıʅǝs‬ ‮sʇoɹǝp‬ ‮ou‬ ‮ʇɥǝ‬ ‮pǝʌıɔǝ‬."},{"$i":"perm-device-storage-videos-readonly-description","$v":"‮ᴚǝɐp‬ ‮ʌıpǝo‬ ‮ɟıʅǝs‬ ‮sʇoɹǝp‬ ‮ou‬ ‮ʇɥǝ‬ ‮pǝʌıɔǝ‬."},{"$i":"perm-device-storage-videos-readwrite-description","$v":"‮ᴚǝɐp‬ ‮oɹ‬ ‮ɯopıɟʎ‬ ‮ʌıpǝo‬ ‮ɟıʅǝs‬ ‮sʇoɹǝp‬ ‮ou‬ ‮ʇɥǝ‬ ‮pǝʌıɔǝ‬."},{"$i":"perm-device-storage-videos-readcreate-description","$v":"‮∀pp‬, ‮ɹǝɐp‬ ‮oɹ‬ ‮ɯopıɟʎ‬ ‮ʌıpǝo‬ ‮ɟıʅǝs‬ ‮sʇoɹǝp‬ ‮ou‬ ‮ʇɥǝ‬ ‮pǝʌıɔǝ‬."},{"$i":"perm-device-storage-videos-createonly-description","$v":"‮Sʇoɹǝ‬ ‮uǝʍ‬ ‮ʌıpǝo‬ ‮ɟıʅǝs‬ ‮ou‬ ‮ʇɥǝ‬ ‮pǝʌıɔǝ‬."},{"$i":"perm-fmradio-description","$v":"‮Ↄouʇɹoʅ‬ ‮ʇɥǝ‬ ‮ɟW‬ ‮ɹɐpıo‬."},{"$i":"perm-geolocation-description","$v":"‮Oqʇɐıu‬ ‮ʇɥǝ‬ ‮ɔnɹɹǝuʇ‬ ‮ʅoɔɐʇıou‬ ‮oɟ‬ ‮ʇɥǝ‬ ‮nsǝɹ‬."},{"$i":"perm-input-description","$v":"‮∀ʅʅoʍ‬ ‮ʇɥǝ‬ ‮ɐdd‬ ‮ʇo‬ ‮ɐɔʇ‬ ‮ɐs‬ ‮ɐ‬ ‮ʌıɹʇnɐʅ‬ ‮ʞǝʎqoɐɹp‬ ‮qʎ‬ ‮ʅısʇǝuıuƃ‬ ‮ʇo‬ ‮ɟoɔns‬ ‮ɔɥɐuƃǝ‬ ‮ǝʌǝuʇs‬ ‮ıu‬ ‮oʇɥǝɹ‬ ‮ɐdds‬."},{"$i":"perm-mobilenetwork-description","$v":"‮Oqʇɐıu‬ ‮ɯoqıʅǝ‬ ‮uǝʇʍoɹʞ‬ ‮ıuɟoɹɯɐʇıou‬ (‮WↃↃ‬, ‮WNↃ‬, ‮ǝʇɔ‬.)."},{"$i":"perm-push-description","$v":"‮Ǝuɐqʅǝ‬ ‮ɐu‬ ‮ɐdd‬ ‮ʇo‬ ‮ʍɐʞǝ‬ ‮nd‬ ‮ʇo‬ ‮ɹǝɔǝıʌǝ‬ ‮uoʇıɟıɔɐʇıou‬."},{"$i":"perm-storage-description","$v":"‮∩ʇıʅızǝ‬ ‮sʇoɹɐƃǝ‬ ‮ʍıʇɥonʇ‬ ‮sızǝ‬ ‮ʅıɯıʇɐʇıous‬."},{"$i":"perm-systemXHR-description","$v":"‮∀ʅʅoʍ‬ ‮ɐuouʎɯons‬ ‮ɔɹoss‬-‮oɹıƃıu‬ ‮XHᴚ‬ ‮ʍıʇɥonʇ‬ ‮ʇɥǝ‬ ‮ʇɐɹƃǝʇ‬ ‮sıʇǝ‬ ‮ɥɐʌıuƃ‬ ‮ↃOᴚS‬ ‮ǝuɐqʅǝp‬."},{"$i":"perm-tcp-socket-description","$v":"‮Ↄɹǝɐʇǝ‬ ‮⊥ↃԀ‬ ‮soɔʞǝʇs‬ ‮ɐup‬ ‮ɔoɯɯnuıɔɐʇǝ‬ ‮oʌǝɹ‬ ‮ʇɥǝɯ‬."},{"$i":"perm-video-capture-description","$v":"‮∀ɔɔǝss‬ ‮ʌıpǝo‬ ‮ıudnʇ‬ ‮pǝʌıɔǝs‬, ‮ǝ‬.‮ƃ‬. ‮ɔɐɯǝɹɐ‬."},{"$i":"perm-attention-description","$v":"‮∀ʅʅoʍ‬ ‮ɔouʇǝuʇ‬ ‮ʇo‬ ‮odǝu‬ ‮ɐ‬ ‮ʍıupoʍ‬ ‮ıu‬ ‮ɟɹouʇ‬ ‮oɟ‬ ‮ɐʅʅ‬ ‮oʇɥǝɹ‬ ‮ɔouʇǝuʇ‬."},{"$i":"perm-audio-channel-ringer-description","$v":"‮Ԁʅɐʎ‬ ‮sonups‬ ‮ɟoɹ‬ ‮ıuɔoɯıuƃ‬ ‮dɥouǝ‬ ‮ɔɐʅʅs‬."},{"$i":"perm-audio-channel-telephony-description","$v":"‮Ԁʅɐʎ‬ ‮sonups‬ ‮ɟoɹ‬ ‮dɥouǝ‬ ‮ɔɐʅʅs‬, ‮ɅoIԀ‬ ‮ɔɐʅʅs‬."},{"$i":"perm-audio-channel-publicnotification-description","$v":"‮Ԁʅɐʎ‬ ‮dnqʅıɔ‬ ‮uoʇıɟıɔɐʇıou‬ ‮sonups‬."},{"$i":"perm-background-sensors-description","$v":"‮˥ısʇǝu‬ ‮ʇo‬ ‮dɹoxıɯıʇʎ‬ ‮sǝusoɹ‬ ‮ǝʌǝuʇs‬ ‮ıu‬ ‮ʇɥǝ‬ ‮qɐɔʞƃɹonup‬."},{"$i":"perm-backgroundservice-description","$v":"‮Ǝuɐqʅǝ‬ ‮ɐu‬ ‮ɐdd‬ ‮ʇo‬ ‮ɹnu‬ ‮ıu‬ ‮ʇɥǝ‬ ‮qɐɔʞƃɹonup‬."},{"$i":"perm-bluetooth-description","$v":"‮˥oʍ‬ ‮ʅǝʌǝʅ‬ ‮ɐɔɔǝss‬ ‮ʇo‬ ‮Ԑʅnǝʇooʇɥ‬ ‮ɥɐɹpʍɐɹǝ‬."},{"$i":"perm-cellbroadcast-description","$v":"‮ɟıɹǝs‬ ‮ɐu‬ ‮ǝʌǝuʇ‬ ‮ʍɥǝu‬ ‮ɐ‬ ‮sdǝɔıɟıɔ‬ ‮ʇʎdǝ‬ ‮oɟ‬ ‮ɔǝʅʅ‬ ‮uǝʇʍoɹʞ‬ ‮ɯǝssɐƃǝ‬ ‮ıs‬ ‮ɹǝɔǝıʌǝp‬ (‮ɐu‬ ‮ǝɯǝɹƃǝuɔʎ‬ ‮uǝʇʍoɹʞ‬ ‮uoʇıɟıɔɐʇıou‬)."},{"$i":"perm-device-storage-apps-description","$v":"‮∀pp‬, ‮ɹǝɐp‬, ‮oɹ‬ ‮ɯopıɟʎ‬ ‮ɟıʅǝs‬ ‮sʇoɹǝp‬ ‮ıu‬ ‮ʇɥǝ‬ ‮ɐdds‬ ‮ʅoɔɐʇıou‬ ‮ou‬ ‮ʇɥǝ‬ ‮pǝʌıɔǝ‬."},{"$i":"perm-device-storage-apps-readonly-description","$v":"‮ᴚǝɐp‬ ‮ɟıʅǝs‬ ‮sʇoɹǝp‬ ‮ıu‬ ‮ʇɥǝ‬ ‮ɐdds‬ ‮ʅoɔɐʇıou‬ ‮ou‬ ‮ʇɥǝ‬ ‮pǝʌıɔǝ‬."},{"$i":"perm-device-storage-apps-readwrite-description","$v":"‮ᴚǝɐp‬, ‮oɹ‬ ‮ɯopıɟʎ‬ ‮ɟıʅǝs‬ ‮sʇoɹǝp‬ ‮ıu‬ ‮ʇɥǝ‬ ‮ɐdds‬ ‮ʅoɔɐʇıou‬ ‮ou‬ ‮ʇɥǝ‬ ‮pǝʌıɔǝ‬."},{"$i":"perm-device-storage-apps-readcreate-description","$v":"‮∀pp‬, ‮ɹǝɐp‬, ‮oɹ‬ ‮ɯopıɟʎ‬ ‮ɟıʅǝs‬ ‮sʇoɹǝp‬ ‮ıu‬ ‮ʇɥǝ‬ ‮ɐdds‬ ‮ʅoɔɐʇıou‬ ‮ou‬ ‮ʇɥǝ‬ ‮pǝʌıɔǝ‬."},{"$i":"perm-device-storage-apps-createonly-description","$v":"‮Sʇoɹǝ‬ ‮uǝʍ‬ ‮ɟıʅǝs‬ ‮ıu‬ ‮ʇɥǝ‬ ‮ɐdds‬ ‮ʅoɔɐʇıou‬ ‮ou‬ ‮ʇɥǝ‬ ‮pǝʌıɔǝ‬."},{"$i":"perm-embed-apps-description","$v":"‮∀qıʅıʇʎ‬ ‮ʇo‬ ‮ǝɯqǝp‬ ‮ɐdds‬ ‮ıu‬ ‮ɯoz∀dd‬ ‮ɟɹɐɯǝs‬."},{"$i":"perm-idle-description","$v":"‮Noʇıɟʎ‬ ‮ʇɥǝ‬ ‮ɐdd‬ ‮ıɟ‬ ‮ʇɥǝ‬ ‮nsǝɹ‬ ‮ıs‬ ‮ıpʅǝ‬."},{"$i":"perm-mobileconnection-description","$v":"‮Oqʇɐıu‬ ‮ıuɟoɹɯɐʇıou‬ ‮ɐqonʇ‬ ‮ʇɥǝ‬ ‮ɔnɹɹǝuʇ‬ ‮ɯoqıʅǝ‬ ‮ʌoıɔǝ‬ ‮ɐup‬ ‮pɐʇɐ‬ ‮ɔouuǝɔʇıou‬."},{"$i":"perm-network-events-description","$v":"‮Wouıʇoɹ‬ ‮uǝʇʍoɹʞ‬ ‮ndʅoɐps‬ ‮ɐup‬ ‮poʍuʅoɐps‬."},{"$i":"perm-networkstats-manage-description","$v":"‮Oqʇɐıu‬ ‮sʇɐʇısʇıɔs‬ ‮oɟ‬ ‮pɐʇɐ‬ ‮nsɐƃǝ‬ ‮dǝɹ‬ ‮ıuʇǝɹɟɐɔǝ‬."},{"$i":"perm-open-remote-window-description","$v":"‮Odǝu‬ ‮ʍıupoʍs‬ ‮ıu‬ ‮ɐ‬ ‮uǝʍ‬ ‮dɹoɔǝss‬."},{"$i":"perm-permissions-description","$v":"‮∀ʅʅoʍ‬ ‮ɐu‬ ‮ɐdd‬ ‮ʇo‬ ‮ɯɐuɐƃǝ‬ ‮dǝɹɯıssıous‬ ‮oɟ‬ ‮oʇɥǝɹ‬ ‮ɐdds‬."},{"$i":"perm-power-description","$v":"‮⊥nɹu‬ ‮ʇɥǝ‬ ‮sɔɹǝǝu‬ ‮ou‬ ‮oɹ‬ ‮oɟɟ‬, ‮ɔouʇɹoʅ‬ ‮ↃԀ∩‬, ‮pǝʌıɔǝ‬ ‮doʍǝɹ‬, ‮ǝʇɔ‬."},{"$i":"perm-settings-description","$v":"‮Ↄouɟıƃnɹǝ‬ ‮oɹ‬ ‮ɹǝɐp‬ ‮pǝʌıɔǝ‬ ‮sǝʇʇıuƃs‬."},{"$i":"perm-settings-readonly-description","$v":"‮ᴚǝɐp‬ ‮pǝʌıɔǝ‬ ‮sǝʇʇıuƃs‬."},{"$i":"perm-settings-readwrite-description","$v":"‮ᴚǝɐp‬ ‮oɹ‬ ‮ɯopıɟʎ‬ ‮pǝʌıɔǝ‬ ‮sǝʇʇıuƃs‬."},{"$i":"perm-settings-readcreate-description","$v":"‮∀pp‬, ‮ɹǝɐp‬ ‮oɹ‬ ‮ɯopıɟʎ‬ ‮pǝʌıɔǝ‬ ‮sǝʇʇıuƃs‬."},{"$i":"perm-settings-createonly-description","$v":"‮∀pp‬ ‮pǝʌıɔǝ‬ ‮sǝʇʇıuƃs‬."},{"$i":"perm-sms-description","$v":"‮Sǝup‬ ‮ɐup‬ ‮ɹǝɔǝıʌǝ‬ ‮SWS‬ ‮ɯǝssɐƃǝs‬."},{"$i":"perm-telephony-description","$v":"‮∀ɔɔǝss‬ ‮ɐʅʅ‬ ‮ʇǝʅǝdɥouʎ‬-‮ɹǝʅɐʇǝp‬ ‮∀ԀIs‬ ‮ʇo‬ ‮ɯɐʞǝ‬ ‮ɐup‬ ‮ɹǝɔǝıʌǝ‬ ‮dɥouǝ‬ ‮ɔɐʅʅs‬."},{"$i":"perm-time-description","$v":"‮Sǝʇ‬ ‮ɔnɹɹǝuʇ‬ ‮ʇıɯǝ‬."},{"$i":"perm-voicemail-description","$v":"‮∀ɔɔǝss‬ ‮ʌoıɔǝɯɐıʅ‬."},{"$i":"perm-webapps-manage-description","$v":"‮Wɐuɐƃǝ‬ ‮ıusʇɐʅʅǝp‬ ‮Odǝu‬ ‮Ｍǝq‬ ‮∀dds‬."},{"$i":"perm-wifi-manage-description","$v":"‮Ǝunɯǝɹɐʇǝ‬ ‮ɐʌɐıʅɐqʅǝ‬ ‮Ｍı‬-‮ɟı‬ ‮uǝʇʍoɹʞs‬, ‮ƃǝʇ‬ ‮sıƃuɐʅ‬ ‮sʇɹǝuƃʇɥ‬, ‮ɔouuǝɔʇ‬ ‮ʇo‬ ‮ɐ‬ ‮uǝʇʍoɹʞ‬."},{"$i":"perm-wappush-description","$v":"‮ᴚǝɔǝıʌǝ‬ ‮Ｍ∀Ԁ‬ ‮Ԁnsɥ‬ ‮ɯǝssɐƃǝs‬."},{"$i":"title-app","$v":"‮∀dd‬ ‮Ԁǝɹɯıssıou‬"},{"$i":"title-web","$v":"‮Ｍǝqsıʇǝ‬ ‮Ԁǝɹɯıssıou‬"},{"$i":"title-cam","$v":"‮Sǝʅǝɔʇ‬ ‮Ↄɐɯǝɹɐ‬"},{"$i":"perm-alarms","$v":"‮Sɔɥǝpnʅǝ‬ ‮∀ʅɐɹɯs‬"},{"$i":"perm-audio-capture","$v":"‮Wıɔɹodɥouǝ‬"},{"$i":"perm-audio-capture-appRequest","$v":["‮Ｍonʅp‬ ‮ʎon‬ ‮ʅıʞǝ‬ ‮ʇo‬ ‮sɥɐɹǝ‬ ‮ʎonɹ‬ ‮ɯıɔɹodɥouǝ‬ ‮ʍıʇɥ‬ ",{"t":"idOrVar","v":"app"},"?"]},{"$i":"perm-audio-capture-webRequest","$v":["‮Ｍonʅp‬ ‮ʎon‬ ‮ʅıʞǝ‬ ‮ʇo‬ ‮sɥɐɹǝ‬ ‮ʎonɹ‬ ‮ɯıɔɹodɥouǝ‬ ‮ʍıʇɥ‬ ",{"t":"idOrVar","v":"site"},"?"]},{"$i":"perm-audio-channel-content","$v":"‮Ԁʅɐʎ‬ ‮Sonups‬"},{"$i":"perm-audio-channel-notification","$v":"‮Ԁʅɐʎ‬ ‮Noʇıɟıɔɐʇıou‬ ‮Sonups‬"},{"$i":"perm-audio-channel-ringer","$v":"‮Ԁʅɐʎ‬ ‮ᴚıuƃʇouǝ‬ ‮Sonups‬"},{"$i":"perm-background-sensors","$v":"‮∀ɔɔǝss‬ ‮Sǝusoɹ‬ ‮pɐʇɐ‬"},{"$i":"perm-bluetooth","$v":"‮Ԑʅnǝʇooʇɥ‬"},{"$i":"perm-browser","$v":"‮Iusdǝɔʇ‬ ‮Ｍǝq‬ ‮Ԁɐƃǝs‬"},{"$i":"perm-camera","$v":"‮Ↄɐɯǝɹɐs‬"},{"$i":"perm-camera-selector-appRequest","$v":["‮Sǝʅǝɔʇ‬ ‮ɐ‬ ‮ɔɐɯǝɹɐ‬ ‮ɟoɹ‬ ",{"t":"idOrVar","v":"app"},"."]},{"$i":"perm-camera-selector-webRequest","$v":["‮Sǝʅǝɔʇ‬ ‮ɐ‬ ‮ɔɐɯǝɹɐ‬ ‮ɟoɹ‬ ",{"t":"idOrVar","v":"site"},"."]},{"$i":"perm-camera-appRequest","$v":[{"t":"idOrVar","v":"app"}," ‮ʍonʅp‬ ‮ʅıʞǝ‬ ‮ʇo‬ ‮nsǝ‬ ‮ʎonɹ‬ ‮ɔɐɯǝɹɐ‬."]},{"$i":"perm-camera-webRequest","$v":[{"t":"idOrVar","v":"site"}," ‮ʍonʅp‬ ‮ʅıʞǝ‬ ‮ʇo‬ ‮nsǝ‬ ‮ʎonɹ‬ ‮ɔɐɯǝɹɐ‬."]},{"$i":"perm-cellbroadcast","$v":"‮Ↄǝʅʅ‬ ‮Ԑɹoɐpɔɐsʇs‬"},{"$i":"perm-contacts","$v":"‮Ↄouʇɐɔʇs‬"},{"$i":"perm-contacts-appRequest","$v":[{"t":"idOrVar","v":"app"}," ‮ʍonʅp‬ ‮ʅıʞǝ‬ ‮ʇo‬ ‮ɐɔɔǝss‬ ‮ʎonɹ‬ ‮ɔouʇɐɔʇ‬ ‮ʅısʇ‬."]},{"$i":"perm-contacts-webRequest","$v":[{"t":"idOrVar","v":"site"}," ‮ʍonʅp‬ ‮ʅıʞǝ‬ ‮ʇo‬ ‮ɐɔɔǝss‬ ‮ʎonɹ‬ ‮ɔouʇɐɔʇ‬ ‮ʅısʇ‬."]},{"$i":"perm-desktop-notification","$v":"‮Noʇıɟıɔɐʇıous‬"},{"$i":"perm-desktop-notification-appRequest","$v":[{"t":"idOrVar","v":"app"}," ‮ʍonʅp‬ ‮ʅıʞǝ‬ ‮ʇo‬ ‮pısdʅɐʎ‬ ‮uoʇıɟıɔɐʇıous‬."]},{"$i":"perm-desktop-notification-webRequest","$v":[{"t":"idOrVar","v":"site"}," ‮ʍonʅp‬ ‮ʅıʞǝ‬ ‮ʇo‬ ‮pısdʅɐʎ‬ ‮uoʇıɟıɔɐʇıous‬."]},{"$i":"perm-device-storage-apps","$v":"‮∀dds‬ ‮Sʇoɹɐƃǝ‬"},{"$i":"perm-device-storage-music","$v":"‮Wnsıɔ‬ ‮Sʇoɹɐƃǝ‬"},{"$i":"perm-device-storage-music-appRequest","$v":[{"t":"idOrVar","v":"app"}," ‮ʍonʅp‬ ‮ʅıʞǝ‬ ‮ʇo‬ ‮ɐɔɔǝss‬ ‮ʎonɹ‬ ‮ɯnsıɔ‬."]},{"$i":"perm-device-storage-music-webRequest","$v":[{"t":"idOrVar","v":"site"}," ‮ʍonʅp‬ ‮ʅıʞǝ‬ ‮ʇo‬ ‮ɐɔɔǝss‬ ‮ʎonɹ‬ ‮ɯnsıɔ‬."]},{"$i":"perm-device-storage-pictures","$v":"‮Iɯɐƃǝ‬ ‮Sʇoɹɐƃǝ‬"},{"$i":"perm-device-storage-pictures-appRequest","$v":[{"t":"idOrVar","v":"app"}," ‮ʍonʅp‬ ‮ʅıʞǝ‬ ‮ʇo‬ ‮ɐɔɔǝss‬ ‮ʎonɹ‬ ‮ıɯɐƃǝs‬."]},{"$i":"perm-device-storage-pictures-webRequest","$v":[{"t":"idOrVar","v":"site"}," ‮ʍonʅp‬ ‮ʅıʞǝ‬ ‮ʇo‬ ‮ɐɔɔǝss‬ ‮ʎonɹ‬ ‮ıɯɐƃǝs‬."]},{"$i":"perm-device-storage-sdcard","$v":"‮Wǝɯoɹʎ‬ ‮Ↄɐɹp‬ ‮Sʇoɹɐƃǝ‬"},{"$i":"perm-device-storage-sdcard-appRequest","$v":[{"t":"idOrVar","v":"app"}," ‮ʍonʅp‬ ‮ʅıʞǝ‬ ‮ʇo‬ ‮ɐɔɔǝss‬ ‮ʎonɹ‬ ‮ɯǝɯoɹʎ‬ ‮ɔɐɹp‬."]},{"$i":"perm-device-storage-sdcard-webRequest","$v":[{"t":"idOrVar","v":"site"}," ‮ʍonʅp‬ ‮ʅıʞǝ‬ ‮ʇo‬ ‮ɐɔɔǝss‬ ‮ʎonɹ‬ ‮ɯǝɯoɹʎ‬ ‮ɔɐɹp‬."]},{"$i":"perm-device-storage-videos","$v":"‮Ʌıpǝo‬ ‮Sʇoɹɐƃǝ‬"},{"$i":"perm-device-storage-videos-appRequest","$v":[{"t":"idOrVar","v":"app"}," ‮ʍonʅp‬ ‮ʅıʞǝ‬ ‮ʇo‬ ‮ɐɔɔǝss‬ ‮ʎonɹ‬ ‮ʌıpǝos‬."]},{"$i":"perm-device-storage-videos-webRequest","$v":[{"t":"idOrVar","v":"site"}," ‮ʍonʅp‬ ‮ʅıʞǝ‬ ‮ʇo‬ ‮ɐɔɔǝss‬ ‮ʎonɹ‬ ‮ʌıpǝos‬."]},{"$i":"perm-embed-apps","$v":"‮Ǝɯqǝp‬ ‮∀dds‬"},{"$i":"perm-fmradio","$v":"‮ɟW‬ ‮ᴚɐpıo‬"},{"$i":"perm-fmradio-appRequest","$v":[{"t":"idOrVar","v":"app"}," ‮ʍonʅp‬ ‮ʅıʞǝ‬ ‮ʇo‬ ‮nsǝ‬ ‮ʇɥǝ‬ ‮ɟW‬ ‮ᴚɐpıo‬."]},{"$i":"perm-fmradio-webRequest","$v":[{"t":"idOrVar","v":"site"}," ‮ʍonʅp‬ ‮ʅıʞǝ‬ ‮ʇo‬ ‮nsǝ‬ ‮ʇɥǝ‬ ‮ɟW‬ ‮ᴚɐpıo‬."]},{"$i":"perm-geolocation","$v":"‮פǝoʅoɔɐʇıou‬"},{"$i":"perm-geolocation-appRequest","$v":[{"t":"idOrVar","v":"app"}," ‮ʍonʅp‬ ‮ʅıʞǝ‬ ‮ʇo‬ ‮ʞuoʍ‬ ‮ʎonɹ‬ ‮ʅoɔɐʇıou‬."]},{"$i":"perm-geolocation-more-info","$v":[{"t":"idOrVar","v":"brandShortName"}," ‮nsǝs‬ ‮pɐʇɐ‬ ‮snɔɥ‬ ‮ɐs‬ ‮פԀS‬, ‮Ｍı‬-‮ɟı‬, ‮ɐup‬ ‮ɯoqıʅǝ‬ ‮uǝʇʍoɹʞs‬ ‮uǝɐɹ‬ ‮ʎon‬ ‮ʇo‬ ‮ɥǝʅd‬ ‮pǝʇǝɹɯıuǝ‬ ‮ʎonɹ‬ ‮ɐddɹoxıɯɐʇǝ‬ ‮ʅoɔɐʇıou‬. ‮pɐʇɐ‬ ‮ıs‬ ‮sǝuʇ‬ ‮ʇo‬ ‮Wozıʅʅɐ‬ ‮ɐup‬ ‮oʇɥǝɹ‬ ‮sǝɹʌıɔǝ‬ ‮dɹoʌıpǝɹs‬ ‮ɐup‬ ‮ʍıʅʅ‬ ‮qǝ‬ ‮nsǝp‬ ‮ıu‬ ‮ʇɥǝ‬ ‮ɐƃƃɹǝƃɐʇǝ‬ ‮ʇo‬ ‮ıɯdɹoʌǝ‬ ‮ʇɥosǝ‬ ‮ʅoɔɐʇıou‬ ‮pɐʇɐqɐsǝs‬.  ‮pɐʇɐ‬ ‮ɯɐʎ‬ ‮qǝ‬ ‮sʇoɹǝp‬ ‮ou‬ ‮ʎonɹ‬ ‮pǝʌıɔǝ‬ ‮ɐup‬ ‮pɐʇɐ‬ ‮ɔoʅʅǝɔʇıou‬ ‮ɯɐʎ‬ ‮oɔɔnɹ‬ ‮ǝʌǝu‬ ‮ʍɥǝu‬ ‮uo‬ ‮ɐdds‬ ‮ɐɹǝ‬ ‮ɹnuuıuƃ‬."]},{"$i":"perm-geolocation-webRequest","$v":[{"t":"idOrVar","v":"site"}," ‮ʍonʅp‬ ‮ʅıʞǝ‬ ‮ʇo‬ ‮ʞuoʍ‬ ‮ʎonɹ‬ ‮ʅoɔɐʇıou‬."]},{"$i":"perm-idle","$v":"‮Sǝǝ‬ ‮Ipʅǝ‬ ‮Sʇɐʇns‬"},{"$i":"perm-indexedDB-chrome-settings","$v":"‮Ԁɹıʌıʅǝƃǝp‬ ‮IupǝxǝppԐ‬"},{"$i":"perm-indexedDB-unlimited","$v":"‮∩uʅıɯıʇǝp‬ ‮IupǝxǝppԐ‬ ‮Sʇoɹɐƃǝ‬"},{"$i":"perm-input-manage","$v":"‮Wɐuɐƃǝ‬ ‮Ӽǝʎqoɐɹps‬"},{"$i":"perm-input","$v":"‮∀ɔʇ‬ ‮ɐs‬ ‮ɐ‬ ‮Ӽǝʎqoɐɹp‬"},{"$i":"perm-media-capture","$v":"‮Ↄɐɯǝɹɐ‬ ‮ɐup‬ ‮Wıɔɹodɥouǝ‬"},{"$i":"perm-media-capture-appRequest","$v":["‮Ｍonʅp‬ ‮ʎon‬ ‮ʅıʞǝ‬ ‮ʇo‬ ‮sɥɐɹǝ‬ ‮ʎonɹ‬ ‮ɔɐɯǝɹɐ‬ ‮ɐup‬ ‮ɯıɔɹodɥouǝ‬ ‮ʍıʇɥ‬ ",{"t":"idOrVar","v":"app"},"?"]},{"$i":"perm-media-capture-webRequest","$v":["‮Ｍonʅp‬ ‮ʎon‬ ‮ʅıʞǝ‬ ‮ʇo‬ ‮sɥɐɹǝ‬ ‮ʎonɹ‬ ‮ɔɐɯǝɹɐ‬ ‮ɐup‬ ‮ɯıɔɹodɥouǝ‬ ‮ʍıʇɥ‬ ",{"t":"idOrVar","v":"site"},"?"]},{"$i":"perm-mobileconnection","$v":"‮Woqıʅǝ‬ ‮Ↄouuǝɔʇıou‬"},{"$i":"perm-mobileid","$v":"‮Woqıʅǝ‬ ‮Ipǝuʇıʇʎ‬"},{"$i":"perm-network-events","$v":"‮Nǝʇʍoɹʞ‬ ‮Ǝʌǝuʇs‬"},{"$i":"perm-open-remote-window","$v":"‮Sʇɐɹʇ‬ ‮ɐu‬ ‮∀dd‬"},{"$i":"perm-permissions","$v":"‮Wopıɟʎ‬ ‮∀dds‬ ‮Ԁǝɹɯıssıous‬"},{"$i":"perm-power","$v":"‮Ԁoʍǝɹ‬ ‮Sǝʇʇıuƃs‬"},{"$i":"perm-settings","$v":"‮Wopıɟʎ‬ ‮Sǝʇʇıuƃs‬"},{"$i":"perm-systemXHR","$v":"‮Ↄɹoss‬-‮Oɹıƃıu‬ ‮ᴚǝbnǝsʇs‬"},{"$i":"perm-telephony","$v":"‮⊥ǝʅǝdɥouʎ‬"},{"$i":"perm-video-capture","$v":"‮Ↄɐɯǝɹɐ‬"},{"$i":"perm-video-capture-appRequest","$v":["‮Ｍonʅp‬ ‮ʎon‬ ‮ʅıʞǝ‬ ‮ʇo‬ ‮sɥɐɹǝ‬ ‮ʎonɹ‬ ‮ɔɐɯǝɹɐ‬ ‮ʍıʇɥ‬ ",{"t":"idOrVar","v":"app"},"?"]},{"$i":"perm-video-capture-webRequest","$v":["‮Ｍonʅp‬ ‮ʎon‬ ‮ʅıʞǝ‬ ‮ʇo‬ ‮sɥɐɹǝ‬ ‮ʎonɹ‬ ‮ɔɐɯǝɹɐ‬ ‮ʍıʇɥ‬ ",{"t":"idOrVar","v":"site"},"?"]},{"$i":"perm-voicemail","$v":"‮Ↄouʇɹoʅ‬ ‮Ʌoıɔǝɯɐıʅ‬"},{"$i":"perm-webapps-manage","$v":"‮Iusʇɐʅʅ‬ ‮Ｍǝqɐdds‬"},{"$i":"perm-wifi-manage","$v":"‮Wɐuɐƃǝ‬ ‮Ｍı‬-‮ɟı‬"},{"$i":"perm-attention","$v":"‮Odǝu‬ ‮Oʌǝɹʅɐʎ‬ ‮Ԁodnds‬"},{"$i":"perm-audio-channel-alarm","$v":"‮Ԁʅɐʎ‬ ‮∀ʅɐɹɯ‬ ‮Sonups‬"},{"$i":"perm-audio-channel-normal","$v":"‮Ԁʅɐʎ‬ ‮Sonups‬"},{"$i":"perm-audio-channel-publicnotification","$v":"‮Ԁʅɐʎ‬ ‮dnqʅıɔ‬ ‮uoʇıɟıɔɐʇıou‬ ‮sonups‬"},{"$i":"perm-audio-channel-telephony","$v":"‮Ԁʅɐʎ‬ ‮⊥ǝʅǝdɥouʎ‬ ‮Sonups‬"},{"$i":"perm-backgroundservice","$v":"‮∀ɔʇ‬ ‮ɐs‬ ‮ɐ‬ ‮Ԑɐɔʞƃɹonup‬ ‮Sǝɹʌıɔǝ‬"},{"$i":"perm-device-storage-crashes","$v":"‮Ↄɹɐsɥ‬ ‮pɐʇɐ‬ ‮Sʇoɹɐƃǝ‬"},{"$i":"perm-downloads","$v":"‮∀ɔɔǝss‬ ‮poʍuʅoɐps‬"},{"$i":"perm-embed-widgets","$v":"‮Ǝɯqǝp‬ ‮Ｍıpƃǝʇs‬"},{"$i":"perm-feature-detection","$v":"‮ɟǝɐʇnɹǝ‬ ‮pǝʇǝɔʇıou‬"},{"$i":"perm-firefox-accounts","$v":"‮ɟıɹǝɟox‬ ‮∀ɔɔonuʇs‬"},{"$i":"perm-mobilenetwork","$v":"‮Woqıʅǝ‬ ‮Nǝʇʍoɹʞ‬"},{"$i":"perm-moz-attention","$v":"‮Odǝu‬ ‮Oʌǝɹʅɐʎ‬ ‮Ԁodnds‬ (‮ɯoz‬)"},{"$i":"perm-moz-audio-channel-ringer","$v":"‮Ԁʅɐʎ‬ ‮ᴚıuƃʇouǝ‬ ‮Sonups‬ (‮ɯoz‬)"},{"$i":"perm-moz-audio-channel-telephony","$v":"‮Ԁʅɐʎ‬ ‮⊥ǝʅǝdɥouʎ‬ ‮Sonups‬ (‮ɯoz‬)"},{"$i":"perm-moz-firefox-accounts","$v":"‮ɟıɹǝɟox‬ ‮∀ɔɔonuʇs‬ (‮ɯoz‬)"},{"$i":"perm-networkstats-manage","$v":"‮Ↄouʇɹoʅ‬ ‮∩sɐƃǝ‬ ‮Sʇɐʇs‬"},{"$i":"perm-nfc","$v":"‮NɟↃ‬"},{"$i":"perm-nfc-hci-events","$v":"‮NɟↃ‬ ‮HↃI‬ ‮Ǝʌǝuʇs‬"},{"$i":"perm-nfc-manager","$v":"‮Wɐuɐƃǝ‬ ‮NɟↃ‬"},{"$i":"perm-phonenumberservice","$v":"‮Ԁɥouǝ‬ ‮Nnɯqǝɹ‬ ‮Sǝɹʌıɔǝ‬"},{"$i":"perm-push","$v":"‮Ԁnsɥ‬ ‮∀ԀI‬"},{"$i":"perm-resourcestats-manage","$v":"‮ᴚǝsonɹɔǝ‬ ‮Sʇɐʇs‬"},{"$i":"perm-sms","$v":"‮Sǝup‬ ‮ɐup‬ ‮ᴚǝɐp‬ ‮SWS‬"},{"$i":"perm-speaker-control","$v":"‮Ↄouʇɹoʅ‬ ‮Ʌoʅnɯǝ‬"},{"$i":"perm-storage","$v":"‮∀ɔɔǝss‬ ‮Sʇoɹɐƃǝ‬"},{"$i":"perm-tcp-socket","$v":"‮⊥ↃԀ‬ ‮Soɔʞǝʇs‬"},{"$i":"perm-test-permission","$v":"‮⊥ǝsʇ‬ ‮Ԁǝɹɯıssıou‬"},{"$i":"perm-time","$v":"‮Sǝʇ‬ ‮pɐʇǝ‬ ‮ɐup‬ ‮⊥ıɯǝ‬"},{"$i":"perm-udp-socket","$v":"‮∩pԀ‬ ‮Soɔʞǝʇs‬"},{"$i":"perm-wappush","$v":"‮Ｍ∀Ԁ‬ ‮Ԁnsɥ‬"}]