{"noAntenna":"Plug in a headset","noAntennaMsg":"FM Radio requires a plugged in headset to receive radio signals.","airplaneModeHeader":"Airplane mode is on","airplaneModeMsg":"Turn off Airplane mode to use FM Radio.","speaker-switch":{"attrs":{"ariaLabel":"Speaker"}},"bookmark-button":{"attrs":{"ariaLabel":"Favorite"}},"dialer-container":{"attrs":{"ariaLabel":"Frequency"}},"frequency-op-seekdown":{"attrs":{"ariaLabel":"Seek Down"}},"frequency-op-seekup":{"attrs":{"ariaLabel":"Seek Up"}},"power-switch-on":{"attrs":{"ariaLabel":"On"}},"power-switch-off":{"attrs":{"ariaLabel":"Off"}},"fav-list-container":{"attrs":{"ariaLabel":"Favorited stations"}}}