{"noAntenna":"‮Ԁʅnƃ‬ ‮ıu‬ ‮ɐ‬ ‮ɥǝɐpsǝʇ‬","noAntennaMsg":"‮ɟW‬ ‮ᴚɐpıo‬ ‮ɹǝbnıɹǝs‬ ‮ɐ‬ ‮dʅnƃƃǝp‬ ‮ıu‬ ‮ɥǝɐpsǝʇ‬ ‮ʇo‬ ‮ɹǝɔǝıʌǝ‬ ‮ɹɐpıo‬ ‮sıƃuɐʅs‬.","airplaneModeHeader":"‮∀ıɹdʅɐuǝ‬ ‮ɯopǝ‬ ‮ıs‬ ‮ou‬","airplaneModeMsg":"‮⊥nɹu‬ ‮oɟɟ‬ ‮∀ıɹdʅɐuǝ‬ ‮ɯopǝ‬ ‮ʇo‬ ‮nsǝ‬ ‮ɟW‬ ‮ᴚɐpıo‬.","speaker-switch":{"attrs":{"ariaLabel":"‮Sdǝɐʞǝɹ‬"}},"bookmark-button":{"attrs":{"ariaLabel":"‮ɟɐʌoɹıʇǝ‬"}},"dialer-container":{"attrs":{"ariaLabel":"‮ɟɹǝbnǝuɔʎ‬"}},"frequency-op-seekdown":{"attrs":{"ariaLabel":"‮Sǝǝʞ‬ ‮poʍu‬"}},"frequency-op-seekup":{"attrs":{"ariaLabel":"‮Sǝǝʞ‬ ‮∩d‬"}},"power-switch-on":{"attrs":{"ariaLabel":"‮Ou‬"}},"power-switch-off":{"attrs":{"ariaLabel":"‮Oɟɟ‬"}},"fav-list-container":{"attrs":{"ariaLabel":"‮ɟɐʌoɹıʇǝp‬ ‮sʇɐʇıous‬"}}}