{"noAntenna":"Ƥŀŭŭɠ īīƞ ȧȧ ħḗḗȧȧḓşḗḗŧ","noAntennaMsg":"ƑḾ Řȧȧḓīīǿǿ řḗḗɋŭŭīīřḗḗş ȧȧ ƥŀŭŭɠɠḗḗḓ īīƞ ħḗḗȧȧḓşḗḗŧ ŧǿǿ řḗḗƈḗḗīīṽḗḗ řȧȧḓīīǿǿ şīīɠƞȧȧŀş.","airplaneModeHeader":"Ȧȧīīřƥŀȧȧƞḗḗ ḿǿǿḓḗḗ īīş ǿǿƞ","airplaneModeMsg":"Ŧŭŭřƞ ǿǿƒƒ Ȧȧīīřƥŀȧȧƞḗḗ ḿǿǿḓḗḗ ŧǿǿ ŭŭşḗḗ ƑḾ Řȧȧḓīīǿǿ.","speaker-switch":{"attrs":{"ariaLabel":"Şƥḗḗȧȧķḗḗř"}},"bookmark-button":{"attrs":{"ariaLabel":"Ƒȧȧṽǿǿřīīŧḗḗ"}},"dialer-container":{"attrs":{"ariaLabel":"Ƒřḗḗɋŭŭḗḗƞƈẏ"}},"frequency-op-seekdown":{"attrs":{"ariaLabel":"Şḗḗḗḗķ Ḓǿǿẇƞ"}},"frequency-op-seekup":{"attrs":{"ariaLabel":"Şḗḗḗḗķ Ŭŭƥ"}},"power-switch-on":{"attrs":{"ariaLabel":"Ǿǿƞ"}},"power-switch-off":{"attrs":{"ariaLabel":"Ǿǿƒƒ"}},"fav-list-container":{"attrs":{"ariaLabel":"Ƒȧȧṽǿǿřīīŧḗḗḓ şŧȧȧŧīīǿǿƞş"}}}