[{"$i":"firefox-accounts-title","$v":"‮ɟıɹǝɟox‬ ‮∀ɔɔonuʇs‬"},{"$i":"fxa-next","$v":"‮Nǝxʇ‬"},{"$i":"fxa-back","$v":"‮Ԑɐɔʞ‬"},{"$i":"fxa-done","$v":"‮pouǝ‬"},{"$i":"fxa-ok","$v":"‮OӼ‬"},{"$i":"fxa-connection-error-title","$v":"‮∩uɐqʅǝ‬ ‮ʇo‬ ‮Ↄouuǝɔʇ‬"},{"$i":"fxa-connection-error-message","$v":"‮ʎon‬ ‮ɔɐu‬ ‮ɔɹǝɐʇǝ‬ ‮ɐu‬ ‮ɐɔɔonuʇ‬ ‮oɹ‬ ‮sıƃu‬ ‮ıu‬ ‮ɟɹoɯ‬ ‮Sǝʇʇıuƃs‬."},{"$i":"fxa-reset-password-error-title","$v":"‮ᴚǝsǝʇ‬ ‮Ԁɐssʍoɹp‬"},{"$i":"fxa-reset-password-error-message","$v":"‮ʎon‬ ‮ɔɐu‬ ‮ɹǝsǝʇ‬ ‮ʎonɹ‬ ‮dɐssʍoɹp‬ ‮ɟɹoɯ‬ ‮Sǝʇʇıuƃs‬."},{"$i":"fxa-coppa-failure-error-title","$v":"‮Ↄɐuuoʇ‬ ‮Ↄɹǝɐʇǝ‬ ‮∀ɔɔonuʇ‬"},{"$i":"fxa-coppa-failure-error-message","$v":["‮ʎon‬ ‮ɯnsʇ‬ ‮ɯǝǝʇ‬ ‮ɔǝɹʇɐıu‬ ‮ɐƃǝ‬ ‮ɹǝbnıɹǝɯǝuʇs‬ ‮ʇo‬ ‮ɔɹǝɐʇǝ‬ ‮ɐ‬ ‮ɟıɹǝɟox‬ ‮∀ɔɔonuʇ‬. ",{"t":"idOrVar","v":"learnmore"}]},{"$i":"fxa-learn-more","$v":"‮˥ǝɐɹu‬ ‮ɯoɹǝ‬"},{"$i":"fxa-offline-error-title","$v":"‮∩uɐqʅǝ‬ ‮ʇo‬ ‮Ↄouuǝɔʇ‬"},{"$i":"fxa-offline-error-message","$v":"‮Ԁʅǝɐsǝ‬ ‮ɔouuǝɔʇ‬ ‮ʇo‬ ‮ɐ‬ ‮uǝʇʍoɹʞ‬ ‮ɟɹoɯ‬ ‮Sǝʇʇıuƃs‬."},{"$i":"fxa-invalid-email-title","$v":"‮Ǝɹɹoɹ‬"},{"$i":"fxa-invalid-email-message","$v":"‮Ԁʅǝɐsǝ‬ ‮ǝuʇǝɹ‬ ‮ɐ‬ ‮ʌɐʅıp‬ ‮ǝɯɐıʅ‬."},{"$i":"fxa-invalid-password-title","$v":"‮Iuʌɐʅıp‬ ‮Ԁɐssʍoɹp‬"},{"$i":"fxa-invalid-password-message","$v":"‮Ԁʅǝɐsǝ‬ ‮ɔɥǝɔʞ‬ ‮ʎonɹ‬ ‮dɐssʍoɹp‬ ‮ɐup‬ ‮ʇɹʎ‬ ‮ɐƃɐıu‬."},{"$i":"fxa-unknown-error-title","$v":"‮∩uɐqʅǝ‬ ‮ʇo‬ ‮Ↄouuǝɔʇ‬"},{"$i":"fxa-unknown-error-message","$v":"‮Sʎsʇǝɯ‬ ‮nuɐʌɐıʅɐqʅǝ‬, ‮ʇɹʎ‬ ‮ɐƃɐıu‬ ‮soou‬."},{"$i":"fxa-connecting","$v":"‮Ↄouuǝɔʇıuƃ‬"},{"$i":"fxa-enter-email-input","placeholder":"‮Ǝuʇǝɹ‬ ‮ʎonɹ‬ ‮ǝɯɐıʅ‬"},{"$i":"fxa-use-email-to-sign-in","$v":"‮∩sǝ‬ ‮ʎonɹ‬ ‮ǝɯɐıʅ‬ ‮ɐppɹǝss‬ ‮ʇo‬ ‮ɔɹǝɐʇǝ‬ ‮ɐu‬ ‮ɐɔɔonuʇ‬ ‮oɹ‬ ‮sıƃu‬ ‮ıu‬."},{"$i":"fxa-notice","$v":["‮Ԑʎ‬ ‮dɹoɔǝǝpıuƃ‬, ‮I‬ ‮ɐƃɹǝǝ‬ ‮ʇo‬ ‮ʇɥǝ‬ ",{"t":"idOrVar","v":"tos"}," ‮ɐup‬ ",{"t":"idOrVar","v":"pn"}," ‮oɟ‬ ‮ɟıɹǝɟox‬ ‮ɔʅonp‬ ‮sǝɹʌıɔǝs‬."]},{"$i":"fxa-tos","$v":"‮⊥ǝɹɯs‬ ‮oɟ‬ ‮Sǝɹʌıɔǝ‬"},{"$i":"fxa-pn","$v":"‮Ԁɹıʌɐɔʎ‬ ‮Noʇıɔǝ‬"},{"$i":"fxa-create-password-title","$v":"‮Ↄɹǝɐʇǝ‬ ‮ɐ‬ ‮Ԁɐssʍoɹp‬"},{"$i":"fxa-enter-password-title","$v":"‮Ǝuʇǝɹ‬ ‮ʎonɹ‬ ‮Ԁɐssʍoɹp‬"},{"$i":"fxa-hello-user","$v":["‮Hǝʅʅo‬, ",{"t":"idOrVar","v":"email"}]},{"$i":"fxa-password-refresh","$v":"‮Ԁʅǝɐsǝ‬ ‮ǝuʇǝɹ‬ ‮ʎonɹ‬ ‮ɟıɹǝɟox‬ ‮∀ɔɔonuʇ‬ ‮dɐssʍoɹp‬ ‮ʇo‬ ‮ɔouʇıunǝ‬."},{"$i":"fxa-password","placeholder":"‮Ԁɐssʍoɹp‬"},{"$i":"fxa-forgot-your-password","$v":"‮ɟoɹƃoʇ‬ ‮ʎonɹ‬ ‮dɐssʍoɹp‬?"},{"$i":"fxa-show-password","$v":"‮Sɥoʍ‬ ‮dɐssʍoɹp‬"},{"$i":"fxa-password-length-requirement","$v":"‮ʎonɹ‬ ‮dɐssʍoɹp‬ ‮ɯnsʇ‬ ‮qǝ‬ ‮ɐʇ‬ ‮ʅǝɐsʇ‬ 8 ‮ɔɥɐɹɐɔʇǝɹs‬ ‮ʅouƃ‬."},{"$i":"fxa-success","$v":"‮Snɔɔǝss‬!"},{"$i":"fxa-ready-to-go","$v":"‮ʎonɹ‬ ‮ɟıɹǝɟox‬ ‮∀ɔɔonuʇ‬ ‮ıs‬ ‮ɹǝɐpʎ‬ ‮ʇo‬ ‮ƃo‬! "},{"$i":"fxa-use-features","$v":"‮Noʍ‬ ‮ʎon‬ ‮ɔɐu‬ ‮nsǝ‬ ‮ɟǝɐʇnɹǝs‬ ‮ʅıʞǝ‬ ‮ɟıup‬ ‮Wʎ‬ ‮pǝʌıɔǝ‬ ‮ɐup‬ ‮ɐdds‬ ‮ʅıʞǝ‬ ‮ʇɥǝ‬ ‮ɟıɹǝɟox‬ ‮Wɐɹʞǝʇdʅɐɔǝ‬."},{"$i":"fxa-access-manage-account-settings","$v":"‮Iu‬ ‮ʇɥǝ‬ ‮ɟnʇnɹǝ‬, ‮ʎon‬ ‮ɔɐu‬ ‮ɐɔɔǝss‬ ‮ɐup‬ ‮ɯɐuɐƃǝ‬ ‮ʎonɹ‬ ‮ɐɔɔonuʇ‬ ‮ɟɹoɯ‬ ‮Sǝʇʇıuƃs‬."},{"$i":"fxa-confirm-account","$v":"‮Ↄouɟıɹɯ‬ ‮ʎonɹ‬ ‮∀ɔɔonuʇ‬"},{"$i":"fxa-will-send-email","$v":["‮Ｍǝ‬ ‮ʍıʅʅ‬ ‮sǝup‬ ‮ɐu‬ ‮ǝɯɐıʅ‬ ‮ʇo‬: ",{"t":"idOrVar","v":"email"}]},{"$i":"fxa-signup-click-verification-link-in-email","$v":"‮Nǝxʇ‬ ‮ʇıɯǝ‬ ‮ʎon‬ ‮ɔɥǝɔʞ‬ ‮ʎonɹ‬ ‮ǝɯɐıʅ‬, ‮ɔʅıɔʞ‬ ‮ʇɥǝ‬ ‮ʌǝɹıɟıɔɐʇıou‬ ‮ʅıuʞ‬ ‮ʇo‬ ‮ɔouɟıɹɯ‬ ‮ʎonɹ‬ ‮ɟıɹǝɟox‬ ‮∀ɔɔonuʇ‬."},{"$i":"fxa-age-verification","$v":"‮∀ƃǝ‬ ‮Ʌǝɹıɟıɔɐʇıou‬"},{"$i":"fxa-age-earlier","$v":[{"t":"idOrVar","v":"year"}," ‮oɹ‬ ‮ǝɐɹʅıǝɹ‬"]},{"$i":"fxa-year-of-birth","$v":"‮ʎǝɐɹ‬ ‮oɟ‬ ‮Ԑıɹʇɥ‬"}]