[{"$i":"firefox-accounts-title","$v":"Ƒīīřḗḗƒǿǿẋ Ȧȧƈƈǿǿŭŭƞŧş"},{"$i":"fxa-next","$v":"Ƞḗḗẋŧ"},{"$i":"fxa-back","$v":"Ɓȧȧƈķ"},{"$i":"fxa-done","$v":"Ḓǿǿƞḗḗ"},{"$i":"fxa-ok","$v":"ǾǿĶ"},{"$i":"fxa-connection-error-title","$v":"Ŭŭƞȧȧƀŀḗḗ ŧǿǿ Ƈǿǿƞƞḗḗƈŧ"},{"$i":"fxa-connection-error-message","$v":"Ẏǿǿŭŭ ƈȧȧƞ ƈřḗḗȧȧŧḗḗ ȧȧƞ ȧȧƈƈǿǿŭŭƞŧ ǿǿř şīīɠƞ īīƞ ƒřǿǿḿ Şḗḗŧŧīīƞɠş."},{"$i":"fxa-reset-password-error-title","$v":"Řḗḗşḗḗŧ Ƥȧȧşşẇǿǿřḓ"},{"$i":"fxa-reset-password-error-message","$v":"Ẏǿǿŭŭ ƈȧȧƞ řḗḗşḗḗŧ ẏǿǿŭŭř ƥȧȧşşẇǿǿřḓ ƒřǿǿḿ Şḗḗŧŧīīƞɠş."},{"$i":"fxa-coppa-failure-error-title","$v":"Ƈȧȧƞƞǿǿŧ Ƈřḗḗȧȧŧḗḗ Ȧȧƈƈǿǿŭŭƞŧ"},{"$i":"fxa-coppa-failure-error-message","$v":["Ẏǿǿŭŭ ḿŭŭşŧ ḿḗḗḗḗŧ ƈḗḗřŧȧȧīīƞ ȧȧɠḗḗ řḗḗɋŭŭīīřḗḗḿḗḗƞŧş ŧǿǿ ƈřḗḗȧȧŧḗḗ ȧȧ Ƒīīřḗḗƒǿǿẋ Ȧȧƈƈǿǿŭŭƞŧ. ",{"t":"idOrVar","v":"learnmore"}]},{"$i":"fxa-learn-more","$v":"Ŀḗḗȧȧřƞ ḿǿǿřḗḗ"},{"$i":"fxa-offline-error-title","$v":"Ŭŭƞȧȧƀŀḗḗ ŧǿǿ Ƈǿǿƞƞḗḗƈŧ"},{"$i":"fxa-offline-error-message","$v":"Ƥŀḗḗȧȧşḗḗ ƈǿǿƞƞḗḗƈŧ ŧǿǿ ȧȧ ƞḗḗŧẇǿǿřķ ƒřǿǿḿ Şḗḗŧŧīīƞɠş."},{"$i":"fxa-invalid-email-title","$v":"Ḗḗřřǿǿř"},{"$i":"fxa-invalid-email-message","$v":"Ƥŀḗḗȧȧşḗḗ ḗḗƞŧḗḗř ȧȧ ṽȧȧŀīīḓ ḗḗḿȧȧīīŀ."},{"$i":"fxa-invalid-password-title","$v":"Īīƞṽȧȧŀīīḓ Ƥȧȧşşẇǿǿřḓ"},{"$i":"fxa-invalid-password-message","$v":"Ƥŀḗḗȧȧşḗḗ ƈħḗḗƈķ ẏǿǿŭŭř ƥȧȧşşẇǿǿřḓ ȧȧƞḓ ŧřẏ ȧȧɠȧȧīīƞ."},{"$i":"fxa-unknown-error-title","$v":"Ŭŭƞȧȧƀŀḗḗ ŧǿǿ Ƈǿǿƞƞḗḗƈŧ"},{"$i":"fxa-unknown-error-message","$v":"Şẏşŧḗḗḿ ŭŭƞȧȧṽȧȧīīŀȧȧƀŀḗḗ, ŧřẏ ȧȧɠȧȧīīƞ şǿǿǿǿƞ."},{"$i":"fxa-connecting","$v":"Ƈǿǿƞƞḗḗƈŧīīƞɠ"},{"$i":"fxa-enter-email-input","placeholder":"Ḗḗƞŧḗḗř ẏǿǿŭŭř ḗḗḿȧȧīīŀ"},{"$i":"fxa-use-email-to-sign-in","$v":"Ŭŭşḗḗ ẏǿǿŭŭř ḗḗḿȧȧīīŀ ȧȧḓḓřḗḗşş ŧǿǿ ƈřḗḗȧȧŧḗḗ ȧȧƞ ȧȧƈƈǿǿŭŭƞŧ ǿǿř şīīɠƞ īīƞ."},{"$i":"fxa-notice","$v":["Ɓẏ ƥřǿǿƈḗḗḗḗḓīīƞɠ, Īī ȧȧɠřḗḗḗḗ ŧǿǿ ŧħḗḗ ",{"t":"idOrVar","v":"tos"}," ȧȧƞḓ ",{"t":"idOrVar","v":"pn"}," ǿǿƒ Ƒīīřḗḗƒǿǿẋ ƈŀǿǿŭŭḓ şḗḗřṽīīƈḗḗş."]},{"$i":"fxa-tos","$v":"Ŧḗḗřḿş ǿǿƒ Şḗḗřṽīīƈḗḗ"},{"$i":"fxa-pn","$v":"Ƥřīīṽȧȧƈẏ Ƞǿǿŧīīƈḗḗ"},{"$i":"fxa-create-password-title","$v":"Ƈřḗḗȧȧŧḗḗ ȧȧ Ƥȧȧşşẇǿǿřḓ"},{"$i":"fxa-enter-password-title","$v":"Ḗḗƞŧḗḗř Ẏǿǿŭŭř Ƥȧȧşşẇǿǿřḓ"},{"$i":"fxa-hello-user","$v":["Ħḗḗŀŀǿǿ, ",{"t":"idOrVar","v":"email"}]},{"$i":"fxa-password-refresh","$v":"Ƥŀḗḗȧȧşḗḗ ḗḗƞŧḗḗř ẏǿǿŭŭř Ƒīīřḗḗƒǿǿẋ Ȧȧƈƈǿǿŭŭƞŧ ƥȧȧşşẇǿǿřḓ ŧǿǿ ƈǿǿƞŧīīƞŭŭḗḗ."},{"$i":"fxa-password","placeholder":"Ƥȧȧşşẇǿǿřḓ"},{"$i":"fxa-forgot-your-password","$v":"Ƒǿǿřɠǿǿŧ ẏǿǿŭŭř ƥȧȧşşẇǿǿřḓ?"},{"$i":"fxa-show-password","$v":"Şħǿǿẇ ƥȧȧşşẇǿǿřḓ"},{"$i":"fxa-password-length-requirement","$v":"Ẏǿǿŭŭř ƥȧȧşşẇǿǿřḓ ḿŭŭşŧ ƀḗḗ ȧȧŧ ŀḗḗȧȧşŧ 8 ƈħȧȧřȧȧƈŧḗḗřş ŀǿǿƞɠ."},{"$i":"fxa-success","$v":"Şŭŭƈƈḗḗşş!"},{"$i":"fxa-ready-to-go","$v":"Ẏǿǿŭŭř Ƒīīřḗḗƒǿǿẋ Ȧȧƈƈǿǿŭŭƞŧ īīş řḗḗȧȧḓẏ ŧǿǿ ɠǿǿ! "},{"$i":"fxa-use-features","$v":"Ƞǿǿẇ ẏǿǿŭŭ ƈȧȧƞ ŭŭşḗḗ ƒḗḗȧȧŧŭŭřḗḗş ŀīīķḗḗ Ƒīīƞḓ Ḿẏ Ḓḗḗṽīīƈḗḗ ȧȧƞḓ ȧȧƥƥş ŀīīķḗḗ ŧħḗḗ Ƒīīřḗḗƒǿǿẋ Ḿȧȧřķḗḗŧƥŀȧȧƈḗḗ."},{"$i":"fxa-access-manage-account-settings","$v":"Īīƞ ŧħḗḗ ƒŭŭŧŭŭřḗḗ, ẏǿǿŭŭ ƈȧȧƞ ȧȧƈƈḗḗşş ȧȧƞḓ ḿȧȧƞȧȧɠḗḗ ẏǿǿŭŭř ȧȧƈƈǿǿŭŭƞŧ ƒřǿǿḿ Şḗḗŧŧīīƞɠş."},{"$i":"fxa-confirm-account","$v":"Ƈǿǿƞƒīīřḿ Ẏǿǿŭŭř Ȧȧƈƈǿǿŭŭƞŧ"},{"$i":"fxa-will-send-email","$v":["Ẇḗḗ ẇīīŀŀ şḗḗƞḓ ȧȧƞ ḗḗḿȧȧīīŀ ŧǿǿ: ",{"t":"idOrVar","v":"email"}]},{"$i":"fxa-signup-click-verification-link-in-email","$v":"Ƞḗḗẋŧ ŧīīḿḗḗ ẏǿǿŭŭ ƈħḗḗƈķ ẏǿǿŭŭř ḗḗḿȧȧīīŀ, ƈŀīīƈķ ŧħḗḗ ṽḗḗřīīƒīīƈȧȧŧīīǿǿƞ ŀīīƞķ ŧǿǿ ƈǿǿƞƒīīřḿ ẏǿǿŭŭř Ƒīīřḗḗƒǿǿẋ Ȧȧƈƈǿǿŭŭƞŧ."},{"$i":"fxa-age-verification","$v":"Ȧȧɠḗḗ Ṽḗḗřīīƒīīƈȧȧŧīīǿǿƞ"},{"$i":"fxa-age-earlier","$v":[{"t":"idOrVar","v":"year"}," ǿǿř ḗḗȧȧřŀīīḗḗř"]},{"$i":"fxa-year-of-birth","$v":"Ẏḗḗȧȧř ǿǿƒ Ɓīīřŧħ"}]