[{"$i":"firefox-accounts-title","$v":"Firefox Accounts"},{"$i":"fxa-next","$v":"Next"},{"$i":"fxa-back","$v":"Back"},{"$i":"fxa-done","$v":"Done"},{"$i":"fxa-ok","$v":"OK"},{"$i":"fxa-connection-error-title","$v":"Unable to Connect"},{"$i":"fxa-connection-error-message","$v":"You can create an account or sign in from Settings."},{"$i":"fxa-reset-password-error-title","$v":"Reset Password"},{"$i":"fxa-reset-password-error-message","$v":"You can reset your password from Settings."},{"$i":"fxa-coppa-failure-error-title","$v":"Cannot Create Account"},{"$i":"fxa-coppa-failure-error-message","$v":["You must meet certain age requirements to create a Firefox Account. ",{"t":"idOrVar","v":"learnmore"}]},{"$i":"fxa-learn-more","$v":"Learn more"},{"$i":"fxa-offline-error-title","$v":"Unable to Connect"},{"$i":"fxa-offline-error-message","$v":"Please connect to a network from Settings."},{"$i":"fxa-invalid-email-title","$v":"Error"},{"$i":"fxa-invalid-email-message","$v":"Please enter a valid email."},{"$i":"fxa-invalid-password-title","$v":"Invalid Password"},{"$i":"fxa-invalid-password-message","$v":"Please check your password and try again."},{"$i":"fxa-unknown-error-title","$v":"Unable to Connect"},{"$i":"fxa-unknown-error-message","$v":"System unavailable, try again soon."},{"$i":"fxa-connecting","$v":"Connecting"},{"$i":"fxa-enter-email-input","placeholder":"Enter your email"},{"$i":"fxa-use-email-to-sign-in","$v":"Use your email address to create an account or sign in."},{"$i":"fxa-notice","$v":["By proceeding, I agree to the ",{"t":"idOrVar","v":"tos"}," and ",{"t":"idOrVar","v":"pn"}," of Firefox cloud services."]},{"$i":"fxa-tos","$v":"Terms of Service"},{"$i":"fxa-pn","$v":"Privacy Notice"},{"$i":"fxa-create-password-title","$v":"Create a Password"},{"$i":"fxa-enter-password-title","$v":"Enter Your Password"},{"$i":"fxa-hello-user","$v":["Hello, ",{"t":"idOrVar","v":"email"}]},{"$i":"fxa-password-refresh","$v":"Please enter your Firefox Account password to continue."},{"$i":"fxa-password","placeholder":"Password"},{"$i":"fxa-forgot-your-password","$v":"Forgot your password?"},{"$i":"fxa-show-password","$v":"Show password"},{"$i":"fxa-password-length-requirement","$v":"Your password must be at least 8 characters long."},{"$i":"fxa-success","$v":"Success!"},{"$i":"fxa-ready-to-go","$v":"Your Firefox Account is ready to go! "},{"$i":"fxa-use-features","$v":"Now you can use features like Find My Device and apps like the Firefox Marketplace."},{"$i":"fxa-access-manage-account-settings","$v":"In the future, you can access and manage your account from Settings."},{"$i":"fxa-confirm-account","$v":"Confirm Your Account"},{"$i":"fxa-will-send-email","$v":["We will send an email to: ",{"t":"idOrVar","v":"email"}]},{"$i":"fxa-signup-click-verification-link-in-email","$v":"Next time you check your email, click the verification link to confirm your Firefox Account."},{"$i":"fxa-age-verification","$v":"Age Verification"},{"$i":"fxa-age-earlier","$v":[{"t":"idOrVar","v":"year"}," or earlier"]},{"$i":"fxa-year-of-birth","$v":"Year of Birth"}]