[{"$i":"brandShortName","$v":"Ɓ2Ɠ ǾǿŞ"},{"$i":"browserBrandShortName","$v":"Ẇḗḗƀ Ɓřǿǿẇşḗḗř"},{"$i":"browserBrandFullName","$v":"Ḿǿǿẑīīŀŀȧȧ Ẇḗḗƀ Ɓřǿǿẇşḗḗř"},{"$i":"ringtoneBrandName","$v":"Ḓḗḗƒȧȧŭŭŀŧ"},{"$i":"ringtoneSectionBrandName","$v":"Şẏşŧḗḗḿ"},{"$i":"ok","$v":"ǾǿĶ"},{"$i":"back","$v":"Ɓȧȧƈķ"},{"$i":"help","$v":"Ħḗḗŀƥ"},{"$i":"cancel","$v":"Ƈȧȧƞƈḗḗŀ"},{"$i":"close","$v":"Ƈŀǿǿşḗḗ"},{"$i":"skip","$v":"Şķīīƥ"},{"$i":"clear","ariaLabel":"Ƈŀḗḗȧȧř"},{"$i":"enable","$v":"Ḗḗƞȧȧƀŀḗḗ"},{"$i":"turnOn","$v":"Ŧŭŭřƞ Ǿǿƞ"},{"$i":"undo","ariaLabel":"Ŭŭƞḓǿǿ"},{"$i":"enterPIN","$v":"Ḗḗƞŧḗḗř ƤĪīȠ"},{"$i":"mediaPlaybackTrack","ariaLabel":"Ŧřȧȧƈķ ŧīīŧŀḗḗ ȧȧƞḓ ȧȧřŧīīşŧ"},{"$i":"mediaPlaybackControls","ariaLabel":"Ƥŀȧȧẏƀȧȧƈķ ƈǿǿƞŧřǿǿŀş"},{"$i":"mediaPlaybackPrevious","ariaLabel":"Ƥřḗḗṽīīǿǿŭŭş"},{"$i":"mediaPlaybackPlay","ariaLabel":"Ƥŀȧȧẏ"},{"$i":"mediaPlaybackPause","ariaLabel":"Ƥȧȧŭŭşḗḗ"},{"$i":"mediaPlaybackNext","ariaLabel":"Ƞḗḗẋŧ"},{"$i":"UnknownTrack","$v":"Ŭŭƞķƞǿǿẇƞ ŧřȧȧƈķ"},{"$i":"quick-settings-wifiButton-on","ariaLabel":"Ẇīī-Ƒīī ǿǿƞ"},{"$i":"quick-settings-wifiButton-on-initializing","ariaLabel":"Ẇīī-Ƒīī ǿǿƞ, īīƞīīŧīīȧȧŀīīẑīīƞɠ"},{"$i":"quick-settings-wifiButton-off","ariaLabel":"Ẇīī-Ƒīī ǿǿƒƒ"},{"$i":"quick-settings-dataButton-on","ariaLabel":{"$v":["Ḓȧȧŧȧȧ ",{"t":"idOrVar","v":"type"}," ǿǿƞ"]}},{"$i":"quick-settings-dataButton-off","ariaLabel":{"$v":["Ḓȧȧŧȧȧ ",{"t":"idOrVar","v":"type"}," ǿǿƒƒ"]}},{"$i":"quick-settings-bluetoothButton-on","ariaLabel":"Ɓŀŭŭḗḗŧǿǿǿǿŧħ ǿǿƞ"},{"$i":"quick-settings-bluetoothButton-on-initializing","ariaLabel":"Ɓŀŭŭḗḗŧǿǿǿǿŧħ ǿǿƞ, īīƞīīŧīīȧȧŀīīẑīīƞɠ"},{"$i":"quick-settings-bluetoothButton-off","ariaLabel":"Ɓŀŭŭḗḗŧǿǿǿǿŧħ ǿǿƒƒ"},{"$i":"quick-settings-airplaneMode-on","ariaLabel":"Ȧȧīīřƥŀȧȧƞḗḗ ḿǿǿḓḗḗ ǿǿƞ"},{"$i":"quick-settings-airplaneMode-off","ariaLabel":"Ȧȧīīřƥŀȧȧƞḗḗ ḿǿǿḓḗḗ ǿǿƒƒ"},{"$i":"settingsButton","ariaLabel":"Şḗḗŧŧīīƞɠş"},{"$i":"utilityTray","ariaLabel":"Ŭŭŧīīŀīīŧẏ ŧřȧȧẏ"},{"$i":"simLabel","$v":["ŞĪīḾ ",{"t":"idOrVar","v":"id"}]},{"$i":"statusbarOperator","$v":[{"t":"idOrVar","v":"date"},", ",{"t":"idOrVar","v":"operator"}]},{"$i":"statusbarDateFormat","$v":"%b %e"},{"$i":"statusbar","ariaLabel":"Şŧȧȧŧŭŭş Ɓȧȧř"},{"$i":"statusbarBattery","ariaLabel":{"$v":["Ɓȧȧŧŧḗḗřẏ ",{"t":"idOrVar","v":"level"}," ƥḗḗřƈḗḗƞŧ"]}},{"$i":"statusbarBatteryCharging","ariaLabel":{"$v":["Ɓȧȧŧŧḗḗřẏ ",{"t":"idOrVar","v":"level"}," ƥḗḗřƈḗḗƞŧ, ƈħȧȧřɠīīƞɠ"]}},{"$i":"statusbarAirplaneMode","ariaLabel":"Ȧȧīīřƥŀȧȧƞḗḗ ḿǿǿḓḗḗ ǿǿƞ"},{"$i":"statusbarWiFiConnecting","ariaLabel":"Ẇīī-Ƒīī: ƈǿǿƞƞḗḗƈŧīīƞɠ"},{"$i":"statusbarWiFiConnected","ariaLabel":{"$v":["Ẇīī-Ƒīī: ",{"t":"idOrVar","v":"level"}," ǿǿƒ 4 ƀȧȧřş"]}},{"$i":"statusbarSignal","ariaLabel":{"$v":[{"t":"idOrVar","v":"operator"}," ƞḗḗŧẇǿǿřķ, ",{"t":"idOrVar","v":"level"}," ǿǿƒ 5 ƀȧȧřş"]}},{"$i":"statusbarSignalRoaming","ariaLabel":{"$v":[{"t":"idOrVar","v":"operator"}," ƞḗḗŧẇǿǿřķ (řǿǿȧȧḿīīƞɠ), ",{"t":"idOrVar","v":"level"}," ǿǿƒ 5 ƀȧȧřş"]}},{"$i":"statusbarSignalNoneSearching","ariaLabel":"Şḗḗȧȧřƈħīīƞɠ… Ḗḗḿḗḗřɠḗḗƞƈẏ ƈȧȧŀŀş ǿǿƞŀẏ"},{"$i":"statusbarEmergencyCallsOnly","ariaLabel":"Ḗḗḿḗḗřɠḗḗƞƈẏ ƈȧȧŀŀ ǿǿƞŀẏ"},{"$i":"statusbarSignalNoSimCard","ariaLabel":"Ƞǿǿ ŞĪīḾ ƈȧȧřḓ"},{"$i":"statusbarHeadphone","ariaLabel":"Ħḗḗȧȧḓƥħǿǿƞḗḗş ǿǿƞ"},{"$i":"statusbarBluetoothHeadphone","ariaLabel":"Ɓŀŭŭḗḗŧǿǿǿǿŧħ ħḗḗȧȧḓƥħǿǿƞḗḗş ǿǿƞ"},{"$i":"statusbarBluetoothTransfer","ariaLabel":"Ɓŀŭŭḗḗŧǿǿǿǿŧħ ŧřȧȧƞşƒḗḗř ȧȧƈŧīīṽḗḗ"},{"$i":"statusbarIconOn-tethering","ariaLabel":"Ŧḗḗŧħḗḗřīīƞɠ ǿǿƞ"},{"$i":"statusbarIconOnActive-tethering","ariaLabel":"Ŧḗḗŧħḗḗřīīƞɠ ǿǿƞ, ȧȧƈŧīīṽḗḗ"},{"$i":"statusbarAlarm","ariaLabel":"Ȧȧŀȧȧřḿ ǿǿƞ"},{"$i":"statusbarIconOn-bluetooth","ariaLabel":"Ɓŀŭŭḗḗŧǿǿǿǿŧħ ǿǿƞ"},{"$i":"statusbarIconOnActive-bluetooth","ariaLabel":"Ɓŀŭŭḗḗŧǿǿǿǿŧħ ǿǿƞ, ȧȧƈŧīīṽḗḗ"},{"$i":"statusbarIconOn-mute","ariaLabel":"Ḿŭŭŧḗḗ ǿǿƞ"},{"$i":"statusbarIconOn-vibration","ariaLabel":"Ṽīīƀřȧȧŧīīǿǿƞ ǿǿƞ"},{"$i":"statusbarRecording","ariaLabel":"Řḗḗƈǿǿřḓīīƞɠ ǿǿƞ"},{"$i":"statusbarGeolocation","ariaLabel":"Ɠḗḗǿǿŀǿǿƈȧȧŧīīǿǿƞ ǿǿƞ"},{"$i":"statusbarUsb","ariaLabel":"ŬŭŞƁ ǿǿƞ"},{"$i":"statusbarCallForwarding","$v":"Ƈȧȧŀŀ ƒǿǿřẇȧȧřḓīīƞɠ ǿǿƞ"},{"$i":"statusbarPlaying","ariaLabel":"Ḿḗḗḓīīȧȧ ƥŀȧȧẏīīƞɠ"},{"$i":"statusbarNfc","ariaLabel":"ȠƑƇ ǿǿƞ"},{"$i":"statusbarDownload","ariaLabel":"Ḓǿǿẇƞŀǿǿȧȧḓīīƞɠ…"},{"$i":"statusbarNetworkActivity","ariaLabel":"Ƞḗḗŧẇǿǿřķīīƞɠ ǿǿƞ"},{"$i":"statusbarEmergencyCallback","ariaLabel":"Ḗḗḿḗḗřɠḗḗƞƈẏ ƈȧȧŀŀƀȧȧƈķ"},{"$i":"statusbarNotifications","$v":{"one":[{"t":"idOrVar","v":"n"}," Ƞǿǿŧīīƒīīƈȧȧŧīīǿǿƞ"],"two":[{"t":"idOrVar","v":"n"}," Ƞǿǿŧīīƒīīƈȧȧŧīīǿǿƞş"],"few":[{"t":"idOrVar","v":"n"}," Ƞǿǿŧīīƒīīƈȧȧŧīīǿǿƞş"],"many":[{"t":"idOrVar","v":"n"}," Ƞǿǿŧīīƒīīƈȧȧŧīīǿǿƞş"],"other":[{"t":"idOrVar","v":"n"}," Ƞǿǿŧīīƒīīƈȧȧŧīīǿǿƞş"]},"$x":[{"t":"idOrVar","v":"plural"},"n"]},{"$i":"statusbarNotifications-unread","ariaLabel":{"$v":{"one":[{"t":"idOrVar","v":"n"}," ŭŭƞřḗḗȧȧḓ ƞǿǿŧīīƒīīƈȧȧŧīīǿǿƞ"],"two":[{"t":"idOrVar","v":"n"}," ŭŭƞřḗḗȧȧḓ ƞǿǿŧīīƒīīƈȧȧŧīīǿǿƞş"],"few":[{"t":"idOrVar","v":"n"}," ŭŭƞřḗḗȧȧḓ ƞǿǿŧīīƒīīƈȧȧŧīīǿǿƞş"],"many":[{"t":"idOrVar","v":"n"}," ŭŭƞřḗḗȧȧḓ ƞǿǿŧīīƒīīƈȧȧŧīīǿǿƞş"],"other":[{"t":"idOrVar","v":"n"}," ŭŭƞřḗḗȧȧḓ ƞǿǿŧīīƒīīƈȧȧŧīīǿǿƞş"]},"$x":[{"t":"idOrVar","v":"plural"},"n"]}},{"$i":"statusbarDebugging","ariaLabel":"Ḓḗḗƀŭŭɠɠīīƞɠ"},{"$i":"notifications","$v":"Ƞǿǿŧīīƒīīƈȧȧŧīīǿǿƞş"},{"$i":"clear-all","$v":"Ƈŀḗḗȧȧř ȧȧŀŀ"},{"$i":"attentionScreen-tapToShow","$v":"Ŧȧȧƥ ŧǿǿ şħǿǿẇ"},{"$i":"newVoicemails","$v":{"zero":"Ƞǿǿ ƞḗḗẇ ṽǿǿīīƈḗḗḿȧȧīīŀ","one":"Ǿǿƞḗḗ ƞḗḗẇ ṽǿǿīīƈḗḗḿȧȧīīŀ","two":[{"t":"idOrVar","v":"n"}," ƞḗḗẇ ṽǿǿīīƈḗḗḿȧȧīīŀş"],"few":[{"t":"idOrVar","v":"n"}," ƞḗḗẇ ṽǿǿīīƈḗḗḿȧȧīīŀş"],"many":[{"t":"idOrVar","v":"n"}," ƞḗḗẇ ṽǿǿīīƈḗḗḿȧȧīīŀş"],"other":[{"t":"idOrVar","v":"n"}," ƞḗḗẇ ṽǿǿīīƈḗḗḿȧȧīīŀş"]},"$x":[{"t":"idOrVar","v":"plural"},"n"]},{"$i":"newVoicemailsUnknown","$v":"Ƞḗḗẇ ṽǿǿīīƈḗḗḿȧȧīīŀ"},{"$i":"dialNumber","$v":["Ḓīīȧȧŀ ",{"t":"idOrVar","v":"number"}]},{"$i":"voicemailNotificationMultiSim","$v":["(ŞĪīḾ ",{"t":"idOrVar","v":"n"},") ",{"t":"idOrVar","v":"title"}]},{"$i":"euRoamingNotificationTitle","$v":"ḖḗŬŭ īīƞŧḗḗřƞḗḗŧ ḓḗḗŧḗḗƈŧḗḗḓ"},{"$i":"euRoamingNotificationMsg","$v":"Ŧȧȧƥ ŧǿǿ ƈħȧȧƞɠḗḗ."},{"$i":"confirmNFCConnectBTenabledNameUnknown","$v":"Ȧȧřḗḗ ẏǿǿŭŭ şŭŭřḗḗ ẏǿǿŭŭ ẇȧȧƞŧ ŧǿǿ ƈǿǿƞƞḗḗƈŧ ŧǿǿ ŧħḗḗ ḓḗḗṽīīƈḗḗ?"},{"$i":"confirmNFCConnectBTdisabledNameUnknown","$v":"Ŧŭŭřƞ ǿǿƞ Ɓŀŭŭḗḗŧǿǿǿǿŧħ ȧȧƞḓ ƈǿǿƞƞḗḗƈŧ ŧǿǿ ŧħḗḗ ḓḗḗṽīīƈḗḗ?"},{"$i":"confirmNFCConnectBTenabledNameKnown","$v":["Ȧȧřḗḗ ẏǿǿŭŭ şŭŭřḗḗ ẏǿǿŭŭ ẇȧȧƞŧ ŧǿǿ ƈǿǿƞƞḗḗƈŧ ŧǿǿ ",{"t":"idOrVar","v":"deviceName"},"?"]},{"$i":"confirmNFCConnectBTdisabledNameKnown","$v":["Ŧŭŭřƞ ǿǿƞ Ɓŀŭŭḗḗŧǿǿǿǿŧħ ȧȧƞḓ ƈǿǿƞƞḗḗƈŧ ŧǿǿ ",{"t":"idOrVar","v":"deviceName"},"?"]},{"$i":"confirmNFCConnectBTdisabled","$v":"Ŧŭŭřƞ ǿǿƞ"},{"$i":"dismissNFCConnectBTdisabled","$v":"Ƈȧȧƞƈḗḗŀ"},{"$i":"confirmation","$v":"Ƈǿǿƞƒīīřḿȧȧŧīīǿǿƞ"},{"$i":"deviceMenu","$v":"Ƥħǿǿƞḗḗ"},{"$i":"airplane","$v":"Ŧŭŭřƞ ǿǿƞ ȧȧīīřƥŀȧȧƞḗḗ ḿǿǿḓḗḗ"},{"$i":"airplaneOff","$v":"Ŧŭŭřƞ ǿǿƒƒ ȧȧīīřƥŀȧȧƞḗḗ ḿǿǿḓḗḗ"},{"$i":"silent","$v":"Şīīŀḗḗƞƈḗḗ īīƞƈǿǿḿīīƞɠ ƈȧȧŀŀş"},{"$i":"normal","$v":"Řīīƞɠ īīƞƈǿǿḿīīƞɠ ƈȧȧŀŀş"},{"$i":"restart","$v":"Řḗḗşŧȧȧřŧ"},{"$i":"power","$v":"Ƥǿǿẇḗḗř ǿǿƒƒ"},{"$i":"no-recent-app-windows","$v":"Ẏǿǿŭŭř řḗḗƈḗḗƞŧ ȧȧƥƥ ẇīīƞḓǿǿẇş şħǿǿẇ ŭŭƥ ħḗḗřḗḗ"},{"$i":"no-recent-browser-windows","$v":"Ẏǿǿŭŭř řḗḗƈḗḗƞŧ ƀřǿǿẇşḗḗř ẇīīƞḓǿǿẇş şħǿǿẇ ŭŭƥ ħḗḗřḗḗ"},{"$i":"closeCard","ariaLabel":"Ƈŀǿǿşḗḗ"},{"$i":"openCard","ariaLabel":"Ǿǿƥḗḗƞ"},{"$i":"yes","$v":"Ẏḗḗş"},{"$i":"no","$v":"Ƞǿǿ"},{"$i":"dontallow","$v":"Ḓǿǿƞ’ŧ ȧȧŀŀǿǿẇ"},{"$i":"allow","$v":"Ȧȧŀŀǿǿẇ"},{"$i":"dontshare-geolocation","$v":"Ḓǿǿƞ’ŧ Şħȧȧřḗḗ"},{"$i":"share-geolocation","$v":"Şħȧȧřḗḗ"},{"$i":"dontshare-audio-capture","$v":"Ḓǿǿƞ’ŧ Şħȧȧřḗḗ"},{"$i":"share-audio-capture","$v":"Şħȧȧřḗḗ"},{"$i":"dontshare-video-capture","$v":"Ḓǿǿƞ’ŧ Şħȧȧřḗḗ"},{"$i":"share-video-capture","$v":"Şħȧȧřḗḗ"},{"$i":"dontshare-media-capture","$v":"Ḓǿǿƞ’ŧ Şħȧȧřḗḗ"},{"$i":"share-media-capture","$v":"Şħȧȧřḗḗ"},{"$i":"device-front","$v":"Ƒřǿǿƞŧ Ƈȧȧḿḗḗřȧȧ"},{"$i":"device-back","$v":"Ɓȧȧƈķ Ƈȧȧḿḗḗřȧȧ"},{"$i":"remember-my-choice","$v":"Řḗḗḿḗḗḿƀḗḗř ḿẏ ƈħǿǿīīƈḗḗ"},{"$i":"more-info","$v":"Ḿǿǿřḗḗ īīƞƒǿǿ…"},{"$i":"hide-info","$v":"Ħīīḓḗḗ īīƞƒǿǿ"},{"$i":"install-app","$v":["Īīƞşŧȧȧŀŀ ",{"t":"idOrVar","v":"name"},"?"]},{"$i":"size","$v":"Şīīẑḗḗ"},{"$i":"author","$v":"Ȧȧŭŭŧħǿǿř"},{"$i":"size-unknown","$v":"Ŭŭƞķƞǿǿẇƞ"},{"$i":"author-unknown","$v":"Ŭŭƞķƞǿǿẇƞ"},{"$i":"install","$v":"Īīƞşŧȧȧŀŀ"},{"$i":"bytes","$v":"ƀẏŧḗḗş"},{"$i":"kB","$v":"ĶƁ"},{"$i":"MB","$v":"ḾƁ"},{"$i":"GB","$v":"ƓƁ"},{"$i":"TB","$v":"ŦƁ"},{"$i":"PB","$v":"ƤƁ"},{"$i":"app-install-generic-error","$v":[{"t":"idOrVar","v":"appName"}," ḓǿǿẇƞŀǿǿȧȧḓ şŧǿǿƥƥḗḗḓ"]},{"$i":"app-install-download-failed","$v":[{"t":"idOrVar","v":"appName"}," ḓǿǿẇƞŀǿǿȧȧḓ ƒȧȧīīŀḗḗḓ"]},{"$i":"app-install-install-failed","$v":[{"t":"idOrVar","v":"appName"}," īīƞşŧȧȧŀŀ ƒȧȧīīŀḗḗḓ"]},{"$i":"cancelling-will-not-refund","$v":"Ƈȧȧƞƈḗḗŀŀīīƞɠ ẇīīŀŀ ƞǿǿŧ řḗḗƒŭŭƞḓ ȧȧ ƥŭŭřƈħȧȧşḗḗ. Řḗḗƒŭŭƞḓş ƒǿǿř ƥȧȧīīḓ ƈǿǿƞŧḗḗƞŧ ȧȧřḗḗ ƥřǿǿṽīīḓḗḗḓ ƀẏ ŧħḗḗ ǿǿřīīɠīīƞȧȧŀ şḗḗŀŀḗḗř."},{"$i":"apps-can-be-installed-later","$v":"Ȧȧƥƥş ƈȧȧƞ ƀḗḗ īīƞşŧȧȧŀŀḗḗḓ ŀȧȧŧḗḗř ƒřǿǿḿ ŧħḗḗ ǿǿřīīɠīīƞȧȧŀ īīƞşŧȧȧŀŀȧȧŧīīǿǿƞ şǿǿŭŭřƈḗḗ."},{"$i":"are-you-sure-you-want-to-cancel","$v":"Ȧȧřḗḗ ẏǿǿŭŭ şŭŭřḗḗ ẏǿǿŭŭ ẇȧȧƞŧ ŧǿǿ ƈȧȧƞƈḗḗŀ ŧħīīş īīƞşŧȧȧŀŀ?"},{"$i":"cancel-install","$v":"Ƈȧȧƞƈḗḗŀ Īīƞşŧȧȧŀŀ"},{"$i":"cancel-install-button","$v":"Ƈȧȧƞƈḗḗŀ Īīƞşŧȧȧŀŀ"},{"$i":"resume","$v":"Řḗḗşŭŭḿḗḗ"},{"$i":"continue","$v":"Ƈǿǿƞŧīīƞŭŭḗḗ"},{"$i":"stopDownloading","$v":["Şŧǿǿƥ ḓǿǿẇƞŀǿǿȧȧḓīīƞɠ ",{"t":"idOrVar","v":"app"},"?"]},{"$i":"app-download-can-be-restarted","$v":"Ŧħḗḗ ḓǿǿẇƞŀǿǿȧȧḓ ƈȧȧƞ ƀḗḗ řḗḗşŧȧȧřŧḗḗḓ ŀȧȧŧḗḗř."},{"$i":"app-download-stop-button","$v":"Şŧǿǿƥ Ḓǿǿẇƞŀǿǿȧȧḓ"},{"$i":"not-enough-space","$v":"Ƞǿǿŧ ḗḗƞǿǿŭŭɠħ şƥȧȧƈḗḗ"},{"$i":"not-enough-space-message","$v":"Ŧħḗḗřḗḗ īīş ƞǿǿŧ ḗḗƞǿǿŭŭɠħ şƥȧȧƈḗḗ ŧǿǿ īīƞşŧȧȧŀŀ ŧħīīş ȧȧƥƥ. Ƒřḗḗḗḗ ŭŭƥ şƥȧȧƈḗḗ ƀẏ ḓḗḗŀḗḗŧīīƞɠ ǿǿŀḓ ȧȧƥƥş ǿǿř ḿḗḗḓīīȧȧ, ȧȧƞḓ ŧřẏ īīƞşŧȧȧŀŀīīƞɠ ȧȧɠȧȧīīƞ ƒřǿǿḿ ŧħḗḗ ǿǿřīīɠīīƞȧȧŀ şǿǿŭŭřƈḗḗ."},{"$i":"app-install-success","$v":[{"t":"idOrVar","v":"appName"}," īīƞşŧȧȧŀŀḗḗḓ"]},{"$i":"langpack-install-success2","$v":[{"t":"idOrVar","v":"appName"}," īīƞşŧȧȧŀŀḗḗḓ. Ɠǿǿ ŧǿǿ Şḗḗŧŧīīƞɠş > Ŀȧȧƞɠŭŭȧȧɠḗḗ ŧǿǿ ḗḗƞȧȧƀŀḗḗ īīŧ."]},{"$i":"setup","$v":"Şḗḗŧŭŭƥ"},{"$i":"ime-addkeyboards","$v":"Ȧȧḓḓ ķḗḗẏƀǿǿȧȧřḓş"},{"$i":"later","$v":"Ŀȧȧŧḗḗř"},{"$i":"download","$v":"Ḓǿǿẇƞŀǿǿȧȧḓ"},{"$i":"wantToDownload","$v":"Ḓǿǿẇƞŀǿǿȧȧḓ ŭŭƥḓȧȧŧḗḗ ƞǿǿẇ?"},{"$i":"wantToInstallNow","$v":"Ḓǿǿ ẏǿǿŭŭ ẇȧȧƞŧ ŧǿǿ īīƞşŧȧȧŀŀ ŧħḗḗ ŭŭƥḓȧȧŧḗḗ ƞǿǿẇ? Ẏǿǿŭŭ ẇīīŀŀ ƞǿǿŧ ƀḗḗ ȧȧƀŀḗḗ ŧǿǿ ŭŭşḗḗ ẏǿǿŭŭř ƥħǿǿƞḗḗ ƒǿǿř ȧȧ ƒḗḗẇ ḿīīƞŭŭŧḗḗş."},{"$i":"installNow","$v":"Īīƞşŧȧȧŀŀ Ƞǿǿẇ"},{"$i":"notNow","$v":"Ƞǿǿŧ Ƞǿǿẇ"},{"$i":"downloadingUpdateMessage","innerHTML":{"$v":["Ḓǿǿẇƞŀǿǿȧȧḓīīƞɠ ŭŭƥḓȧȧŧḗḗş… <span>",{"t":"idOrVar","v":"progress"}," ḓǿǿẇƞŀǿǿȧȧḓḗḗḓ.</span>"]}},{"$i":"downloadingAppMessage","$v":["Ḓǿǿẇƞŀǿǿȧȧḓīīƞɠ ",{"t":"idOrVar","v":"appName"}]},{"$i":"downloadingAppProgressNoMax","$v":[{"t":"idOrVar","v":"progress"}," ḓǿǿẇƞŀǿǿȧȧḓḗḗḓ"]},{"$i":"downloadingAppProgressIndeterminate","$v":"Ḓǿǿẇƞŀǿǿȧȧḓīīƞɠ"},{"$i":"downloadingAppProgress","$v":[{"t":"idOrVar","v":"progress"}," / ",{"t":"idOrVar","v":"max"}," ḓǿǿẇƞŀǿǿȧȧḓḗḗḓ"]},{"$i":"cancelAllDownloads","$v":"Ƈȧȧƞƈḗḗŀ ȧȧŀŀ ḓǿǿẇƞŀǿǿȧȧḓş"},{"$i":"wantToCancelAll","$v":"Ȧȧřḗḗ ẏǿǿŭŭ şŭŭřḗḗ ẏǿǿŭŭ ẇȧȧƞŧ ŧǿǿ ƈȧȧƞƈḗḗŀ ȧȧŀŀ ḓǿǿẇƞŀǿǿȧȧḓş?"},{"$i":"downloadError","$v":"Ŧħḗḗřḗḗ ẇȧȧş ȧȧƞ ḗḗřřǿǿř ẇħīīŀḗḗ ḓǿǿẇƞŀǿǿȧȧḓīīƞɠ ŧħḗḗ ŭŭƥḓȧȧŧḗḗş."},{"$i":"updateAvailableInfo","innerHTML":{"$v":{"one":[{"t":"idOrVar","v":"n"}," ŭŭƥḓȧȧŧḗḗ ȧȧṽȧȧīīŀȧȧƀŀḗḗ. <span>Ŧȧȧƥ ƒǿǿř ḿǿǿřḗḗ īīƞƒǿǿ.</span>"],"two":[{"t":"idOrVar","v":"n"}," ŭŭƥḓȧȧŧḗḗş ȧȧṽȧȧīīŀȧȧƀŀḗḗ. <span>Ŧȧȧƥ ƒǿǿř ḿǿǿřḗḗ īīƞƒǿǿ.</span>"],"few":[{"t":"idOrVar","v":"n"}," ŭŭƥḓȧȧŧḗḗş ȧȧṽȧȧīīŀȧȧƀŀḗḗ. <span>Ŧȧȧƥ ƒǿǿř ḿǿǿřḗḗ īīƞƒǿǿ.</span>"],"many":[{"t":"idOrVar","v":"n"}," ŭŭƥḓȧȧŧḗḗş ȧȧṽȧȧīīŀȧȧƀŀḗḗ. <span>Ŧȧȧƥ ƒǿǿř ḿǿǿřḗḗ īīƞƒǿǿ.</span>"],"other":[{"t":"idOrVar","v":"n"}," ŭŭƥḓȧȧŧḗḗş ȧȧṽȧȧīīŀȧȧƀŀḗḗ. <span>Ŧȧȧƥ ƒǿǿř ḿǿǿřḗḗ īīƞƒǿǿ.</span>"]},"$x":[{"t":"idOrVar","v":"plural"},"n"]}},{"$i":"numberOfUpdates","$v":{"one":[{"t":"idOrVar","v":"n"}," ŭŭƥḓȧȧŧḗḗ ȧȧṽȧȧīīŀȧȧƀŀḗḗ"],"two":[{"t":"idOrVar","v":"n"}," ŭŭƥḓȧȧŧḗḗş ȧȧṽȧȧīīŀȧȧƀŀḗḗ"],"few":[{"t":"idOrVar","v":"n"}," ŭŭƥḓȧȧŧḗḗş ȧȧṽȧȧīīŀȧȧƀŀḗḗ"],"many":[{"t":"idOrVar","v":"n"}," ŭŭƥḓȧȧŧḗḗş ȧȧṽȧȧīīŀȧȧƀŀḗḗ"],"other":[{"t":"idOrVar","v":"n"}," ŭŭƥḓȧȧŧḗḗş ȧȧṽȧȧīīŀȧȧƀŀḗḗ"]},"$x":[{"t":"idOrVar","v":"plural"},"n"]},{"$i":"systemUpdate","$v":"Şẏşŧḗḗḿ ŭŭƥḓȧȧŧḗḗ"},{"$i":"systemUpdateReady","$v":"Şẏşŧḗḗḿ Ŭŭƥḓȧȧŧḗḗ Řḗḗȧȧḓẏ"},{"$i":"systemUpdateLowBatteryThreshold","$v":["Ẏǿǿŭŭ ƞḗḗḗḗḓ ȧȧŧ ŀḗḗȧȧşŧ ",{"t":"idOrVar","v":"threshold"},"% ƀȧȧŧŧḗḗřẏ ŀḗḗṽḗḗŀ ŧǿǿ īīƞşŧȧȧŀŀ ŧħḗḗ ŭŭƥḓȧȧŧḗḗ."]},{"$i":"required","$v":"Řḗḗɋŭŭīīřḗḗḓ"},{"$i":"uncompressingMessage","innerHTML":"Ŭŭƞƈǿǿḿƥřḗḗşşīīƞɠ… <span>Ŧħīīş ƈȧȧƞ ŧȧȧķḗḗ ȧȧ ƒḗḗẇ ḿīīƞŭŭŧḗḗş.</span>"},{"$i":"downloadWifiPrioritizedUsing2G","$v":"Ŭŭƥḓȧȧŧḗḗş ȧȧřḗḗ ḓǿǿẇƞŀǿǿȧȧḓḗḗḓ ṽīīȧȧ ḓȧȧŧȧȧ ƈǿǿƞƞḗḗƈŧīīǿǿƞ ẇħḗḗƞ Ẇīī-Ƒīī īīş ƞǿǿŧ ȧȧṽȧȧīīŀȧȧƀŀḗḗ. Ẇħḗḗƞ ŭŭşīīƞɠ ḓȧȧŧȧȧ ƈǿǿƞƞḗḗƈŧīīǿǿƞ, ƥħǿǿƞḗḗ ƈȧȧŀŀş ḿȧȧẏ ƀḗḗ ƀŀǿǿƈķḗḗḓ ȧȧƞḓ ȧȧḓḓīīŧīīǿǿƞȧȧŀ ƈħȧȧřɠḗḗş ḿȧȧẏ ȧȧŀşǿǿ ȧȧƥƥŀẏ."},{"$i":"downloadWifiPrioritized3","$v":"Ŭŭƥḓȧȧŧḗḗş ȧȧřḗḗ ḓǿǿẇƞŀǿǿȧȧḓḗḗḓ ṽīīȧȧ ḓȧȧŧȧȧ ƈǿǿƞƞḗḗƈŧīīǿǿƞ ẇħḗḗƞ Ẇīī-Ƒīī īīş ƞǿǿŧ ȧȧṽȧȧīīŀȧȧƀŀḗḗ. Ẇħḗḗƞ ŭŭşīīƞɠ ḓȧȧŧȧȧ ƈǿǿƞƞḗḗƈŧīīǿǿƞ, ȧȧḓḓīīŧīīǿǿƞȧȧŀ ƈħȧȧřɠḗḗş ḿȧȧẏ ȧȧƥƥŀẏ."},{"$i":"downloadNoWifiWarning","$v":"Ẇīī-Ƒīī ŭŭƞȧȧṽȧȧīīŀȧȧƀŀḗḗ. Ŭŭƥḓȧȧŧīīƞɠ ǿǿṽḗḗř ƈŭŭřřḗḗƞŧ ƈǿǿƞƞḗḗƈŧīīǿǿƞ ḿȧȧẏ īīƞƈŭŭř ȧȧḓḓīīŧīīǿǿƞȧȧŀ ƈħȧȧřɠḗḗş."},{"$i":"downloadOfflineWarning2","$v":"Ƈǿǿƞƞḗḗƈŧ ŧǿǿ ȧȧ ƞḗḗŧẇǿǿřķ ŧǿǿ ḓǿǿẇƞŀǿǿȧȧḓ ŭŭƥḓȧȧŧḗḗş."},{"$i":"downloadUpdatesViaDataConnection","$v":"Ḓǿǿẇƞŀǿǿȧȧḓ ŭŭƥḓȧȧŧḗḗş ṽīīȧȧ ḓȧȧŧȧȧ ƈǿǿƞƞḗḗƈŧīīǿǿƞ?"},{"$i":"downloadUpdatesVia2GForbidden3","$v":"Ḓǿǿẇƞŀǿǿȧȧḓīīƞɠ ŭŭƥḓȧȧŧḗḗş īīş ƞǿǿŧ ƥǿǿşşīīƀŀḗḗ ǿǿƞ şŀǿǿẇ ƈǿǿƞƞḗḗƈŧīīǿǿƞş (2Ɠ). Ƥŀḗḗȧȧşḗḗ ƈǿǿƞƞḗḗƈŧ ṽīīȧȧ Ẇīī-Ƒīī ǿǿř 3Ɠ (īīƒ ȧȧṽȧȧīīŀȧȧƀŀḗḗ) ȧȧƞḓ ŧřẏ ȧȧɠȧȧīīƞ."},{"$i":"downloadUpdatesViaDataConnectionMessage3","$v":"Ẇħḗḗƞ ŭŭşīīƞɠ ȧȧ ḓȧȧŧȧȧ ƈǿǿƞƞḗḗƈŧīīǿǿƞ, ȧȧḓḓīīŧīīǿǿƞȧȧŀ ƈǿǿşŧş ḿȧȧẏ ȧȧƥƥŀẏ. Ḓǿǿ ẏǿǿŭŭ ẇȧȧƞŧ ŧǿǿ ƈǿǿƞŧīīƞŭŭḗḗ?"},{"$i":"downloadUpdatesViaDataRoamingConnection","$v":"Ḓǿǿẇƞŀǿǿȧȧḓ ŭŭƥḓȧȧŧḗḗş ṽīīȧȧ ḓȧȧŧȧȧ řǿǿȧȧḿīīƞɠ?"},{"$i":"downloadUpdatesViaDataRoamingConnectionMessage","$v":"Ẏǿǿŭŭ ȧȧřḗḗ ƈŭŭřřḗḗƞŧŀẏ řǿǿȧȧḿīīƞɠ ȧȧƞḓ ȧȧḓḓīīŧīīǿǿƞȧȧŀ ƈħȧȧřɠḗḗş ḿȧȧẏ ȧȧƥƥŀẏ. Ḓǿǿ ẏǿǿŭŭ ẇȧȧƞŧ ŧǿǿ ƈǿǿƞŧīīƞŭŭḗḗ?"},{"$i":"screenshotSaved","$v":"Şƈřḗḗḗḗƞşħǿǿŧ şȧȧṽḗḗḓ ŧǿǿ Ɠȧȧŀŀḗḗřẏ"},{"$i":"screenshotFailed","$v":"Ŧħḗḗ şƈřḗḗḗḗƞşħǿǿŧ ƈǿǿŭŭŀḓ ƞǿǿŧ ƀḗḗ şȧȧṽḗḗḓ"},{"$i":"screenshotNoSDCard","$v":"Ƞǿǿ ḿḗḗḿǿǿřẏ ƈȧȧřḓ ƒǿǿŭŭƞḓ"},{"$i":"screenshotSDCardInUse","$v":"Ḿḗḗḿǿǿřẏ ƈȧȧřḓ īīş īīƞ ŭŭşḗḗ"},{"$i":"screenshotSDCardLow","$v":"Ƞǿǿŧ ḗḗƞǿǿŭŭɠħ şƥȧȧƈḗḗ ǿǿƞ ḿḗḗḿǿǿřẏ ƈȧȧřḓ"},{"$i":"logsSavedHeader","$v":"Ḓḗḗṽīīƈḗḗ ŀǿǿɠş şȧȧṽḗḗḓ"},{"$i":"logsSavedBody","$v":"Ŧȧȧƥ ŧǿǿ şħȧȧřḗḗ ŀǿǿɠş"},{"$i":"logsSaveError","$v":"Ḗḗřřǿǿř ẇħīīŀḗḗ şȧȧṽīīƞɠ ŀǿǿɠş"},{"$i":"logsShareError","$v":"Ḗḗřřǿǿř ẇħīīŀḗḗ şħȧȧřīīƞɠ ŀǿǿɠş"},{"$i":"logsSaving","$v":"Ƈȧȧƥŧŭŭřīīƞɠ ŀǿǿɠş…"},{"$i":"logsOperationFailed","$v":["Ǿǿƥḗḗřȧȧŧīīǿǿƞ ",{"t":"idOrVar","v":"operation"}," ƒȧȧīīŀḗḗḓ."]},{"$i":"logsGenericError","$v":"Ŭŭƞḗḗẋƥḗḗƈŧḗḗḓ ḗḗřřǿǿř ǿǿƈƈŭŭřřḗḗḓ."},{"$i":"logsSDCardMaybeShared","$v":"Ḿȧȧķḗḗ şŭŭřḗḗ ẏǿǿŭŭř ŞḒ ƈȧȧřḓ īīş ƞǿǿŧ şħȧȧřḗḗḓ ẇīīŧħ ẏǿǿŭŭř ƈǿǿḿƥŭŭŧḗḗř."},{"$i":"logsNotFoundError","$v":"Ȧȧŧ ŀḗḗȧȧşŧ ǿǿƞḗḗ ŀǿǿɠ ƒīīŀḗḗ ƈǿǿŭŭŀḓ ƞǿǿŧ ƀḗḗ řḗḗȧȧḓ ƒřǿǿḿ ŧħḗḗ ƒīīŀḗḗşẏşŧḗḗḿ."},{"$i":"emergency-call-button","$v":"Ḗḗḿḗḗřɠḗḗƞƈẏ Ƈȧȧŀŀ"},{"$i":"emergency-call","$v":"Ḗḗḿḗḗřɠḗḗƞƈẏ Ƈȧȧŀŀ"},{"$i":"unlock-a11y-button","ariaLabel":"Ŭŭƞŀǿǿƈķ"},{"$i":"camera-a11y-button","ariaLabel":"Ƈȧȧḿḗḗřȧȧ"},{"$i":"longDateFormat","$v":"%A, %B %e"},{"$i":"panel-passcode","ariaLabel":"Ƥȧȧşşƈǿǿḓḗḗ ƥȧȧƞḗḗŀ"},{"$i":"open-notification","$v":"ǿǿƥḗḗƞ"},{"$i":"softwareHomeButton","ariaLabel":"Ħǿǿḿḗḗ"},{"$i":"login","$v":"Şīīɠƞ īīƞ"},{"$i":"sign-in-to-website","$v":"Şīīɠƞ īīƞ ŧǿǿ ẇḗḗƀşīīŧḗḗ"},{"$i":"username","$v":"Ŭŭşḗḗřƞȧȧḿḗḗ"},{"$i":"password","$v":"Ƥȧȧşşẇǿǿřḓ"},{"$i":"http-authentication-message2","$v":["Ŧħḗḗ ẇḗḗƀşīīŧḗḗ ",{"t":"idOrVar","v":"host"}," řḗḗɋŭŭīīřḗḗş ẏǿǿŭŭ ŧǿǿ şīīɠƞ īīƞ."]},{"$i":"error-message","$v":[{"t":"idOrVar","v":"name"}," īīş ƞǿǿŧ ŀǿǿȧȧḓīīƞɠ ƥřǿǿƥḗḗřŀẏ"]},{"$i":"error-title","$v":[{"t":"idOrVar","v":"name"}," īīş ħȧȧṽīīƞɠ ƥřǿǿƀŀḗḗḿş"]},{"$i":"unable-to-connect","$v":"Ŭŭƞȧȧƀŀḗḗ ŧǿǿ ƈǿǿƞƞḗḗƈŧ"},{"$i":"tap-to-check-settings","$v":"Ŧȧȧƥ ŧǿǿ ƈħḗḗƈķ şḗḗŧŧīīƞɠş"},{"$i":"delete-title","$v":["Ḓḗḗŀḗḗŧḗḗ ",{"t":"idOrVar","v":"name"}]},{"$i":"delete-body","$v":[{"t":"idOrVar","v":"name"}," ȧȧƞḓ ȧȧŀŀ ǿǿƒ īīŧş ḓȧȧŧȧȧ ẇīīŀŀ ƀḗḗ ḓḗḗŀḗḗŧḗḗḓ."]},{"$i":"delete","$v":"Ḓḗḗŀḗḗŧḗḗ"},{"$i":"unrecoverable-error-title","$v":"Řḗḗḿǿǿṽḗḗ Ȧȧƥƥŀīīƈȧȧŧīīǿǿƞ"},{"$i":"unrecoverable-error-body","$v":"Ƈȧȧƞƞǿǿŧ īīƞşŧȧȧŀŀ ȧȧƥƥŀīīƈȧȧŧīīǿǿƞ ḓŭŭḗḗ ŧǿǿ ȧȧƞ ŭŭƞřḗḗƈǿǿṽḗḗřȧȧƀŀḗḗ ḗḗřřǿǿř. Ƥŀḗḗȧȧşḗḗ ŧřẏ ḓǿǿẇƞŀǿǿȧȧḓīīƞɠ ȧȧɠȧȧīīƞ. Ŧħḗḗ ȧȧƥƥŀīīƈȧȧŧīīǿǿƞ ẇīīŀŀ ƀḗḗ řḗḗḿǿǿṽḗḗḓ."},{"$i":"unrecoverable-error-action","$v":"ǾǿĶ"},{"$i":"data-roaming-enabled-title","$v":"Ŧŭŭřƞ ǿǿƞ ḓȧȧŧȧȧ řǿǿȧȧḿīīƞɠ?"},{"$i":"data-roaming-enabled-warning2","$v":"Īīƞ ǿǿřḓḗḗř ŧǿǿ ȧȧƈƈḗḗşş ŧħḗḗ Īīƞŧḗḗřƞḗḗŧ, ẏǿǿŭŭ ƞḗḗḗḗḓ ŧǿǿ ŧŭŭřƞ ǿǿƞ ḓȧȧŧȧȧ řǿǿȧȧḿīīƞɠ. Ḓḗḗƥḗḗƞḓīīƞɠ ǿǿƞ ẏǿǿŭŭř şḗḗřṽīīƈḗḗ ȧȧɠřḗḗḗḗḿḗḗƞŧ, ḗḗẋŧřȧȧ ƈħȧȧřɠḗḗş ḿȧȧẏ ȧȧƥƥŀẏ. Ḓǿǿ ẏǿǿŭŭ ẇȧȧƞŧ ŧǿǿ ŧŭŭřƞ ḓȧȧŧȧȧ ǿǿƞ?"},{"$i":"select-time","$v":"Şḗḗŀḗḗƈŧ ŧīīḿḗḗ"},{"$i":"choose-option","$v":"Şḗḗŀḗḗƈŧ"},{"$i":"choose-options","$v":"Şḗḗŀḗḗƈŧ"},{"$i":"select-day","$v":"Şḗḗŀḗḗƈŧ ḓȧȧẏ"},{"$i":"battery-almost-empty3","$v":"Ẏǿǿŭŭř ƀȧȧŧŧḗḗřẏ īīş ŀǿǿẇ."},{"$i":"plug-in-your-charger","$v":"Ƥŀḗḗȧȧşḗḗ ƥŀŭŭɠ īīƞ ẏǿǿŭŭř ƈħȧȧřɠḗḗř."},{"$i":"new-window","$v":"Ƞḗḗẇ ẇīīƞḓǿǿẇ"},{"$i":"new-private-window","$v":"Ƞḗḗẇ ƥřīīṽȧȧŧḗḗ ẇīīƞḓǿǿẇ"},{"$i":"show-windows","$v":"Şħǿǿẇ ẇīīƞḓǿǿẇş"},{"$i":"add-to-home-screen","$v":"Ȧȧḓḓ ŧǿǿ ħǿǿḿḗḗ şƈřḗḗḗḗƞ"},{"$i":"share","$v":"Şħȧȧřḗḗ"},{"$i":"crash-dialog2-os","$v":[{"t":"idOrVar","v":"brandShortName"}," ĵŭŭşŧ řḗḗƈǿǿṽḗḗřḗḗḓ ƒřǿǿḿ ȧȧ ƈřȧȧşħ"]},{"$i":"crash-dialog-app","$v":[{"t":"idOrVar","v":"name"}," ĵŭŭşŧ ƈřȧȧşħḗḗḓ"]},{"$i":"crash-dialog-app-noname","$v":"Şǿǿḿḗḗŧħīīƞɠ"},{"$i":"crash-dialog-message","$v":"Ẇǿǿŭŭŀḓ ẏǿǿŭŭ ŀīīķḗḗ ŧǿǿ şḗḗƞḓ Ḿǿǿẑīīŀŀȧȧ ȧȧ řḗḗƥǿǿřŧ ȧȧƀǿǿŭŭŧ ŧħḗḗ ƈřȧȧşħ ŧǿǿ ħḗḗŀƥ ŭŭş ƒīīẋ ŧħḗḗ ƥřǿǿƀŀḗḗḿ? (Řḗḗƥǿǿřŧş ȧȧřḗḗ şḗḗƞŧ ǿǿṽḗḗř Ẇīī-Ƒīī ǿǿƞŀẏ.)"},{"$i":"crash-info-link","$v":"Ẇħȧȧŧ’ş īīƞ ȧȧ ƈřȧȧşħ řḗḗƥǿǿřŧ?"},{"$i":"crash-always-report","$v":"Ȧȧŀẇȧȧẏş şḗḗƞḓ Ḿǿǿẑīīŀŀȧȧ ȧȧ řḗḗƥǿǿřŧ ẇħḗḗƞ ȧȧ ƈřȧȧşħ ǿǿƈƈŭŭřş."},{"$i":"crash-dont-send","$v":"Ḓǿǿƞ’ŧ Şḗḗƞḓ"},{"$i":"crash-end","$v":"Şḗḗƞḓ Řḗḗƥǿǿřŧ"},{"$i":"crashReports","$v":"Ƈřȧȧşħ Řḗḗƥǿǿřŧş"},{"$i":"done","$v":"Ḓǿǿƞḗḗ"},{"$i":"crash-reports-description-1","$v":"Ȧȧ ƈřȧȧşħ řḗḗƥǿǿřŧ ƈǿǿƞŧȧȧīīƞş şǿǿḿḗḗ ḓḗḗŧȧȧīīŀş ȧȧƀǿǿŭŭŧ ŧħḗḗ ƈřȧȧşħ ȧȧƞḓ ẏǿǿŭŭř ḓḗḗṽīīƈḗḗ, ȧȧş ẇḗḗŀŀ ȧȧş ȧȧ şƞȧȧƥşħǿǿŧ ǿǿƒ ŧħḗḗ şŧȧȧŧḗḗ ǿǿƒ ẏǿǿŭŭř ḓḗḗṽīīƈḗḗ ẇħḗḗƞ īīŧ ƈřȧȧşħḗḗḓ."},{"$i":"crash-reports-description-2","$v":"Ŧħīīş ḿȧȧẏ īīƞƈŀŭŭḓḗḗ ŧħīīƞɠş ŀīīķḗḗ ǿǿƥḗḗƞ ƥȧȧɠḗḗş ȧȧƞḓ ȧȧƥƥş, ŧḗḗẋŧ ŧẏƥḗḗḓ īīƞŧǿǿ ƒǿǿřḿş ȧȧƞḓ ŧħḗḗ ƈǿǿƞŧḗḗƞŧ ǿǿƒ ǿǿƥḗḗƞ ḿḗḗşşȧȧɠḗḗş, řḗḗƈḗḗƞŧ ƀřǿǿẇşīīƞɠ ħīīşŧǿǿřẏ, ǿǿř ɠḗḗǿǿŀǿǿƈȧȧŧīīǿǿƞ ŭŭşḗḗḓ ƀẏ ȧȧƞ ǿǿƥḗḗƞ ȧȧƥƥ."},{"$i":"crash-reports-description-3-start","$v":"Ẇḗḗ ŭŭşḗḗ ƈřȧȧşħ řḗḗƥǿǿřŧş ŧǿǿ ŧřẏ ŧǿǿ ƒīīẋ ƥřǿǿƀŀḗḗḿş ȧȧƞḓ īīḿƥřǿǿṽḗḗ ǿǿŭŭř ƥřǿǿḓŭŭƈŧş. Ẇḗḗ ħȧȧƞḓŀḗḗ ẏǿǿŭŭř īīƞƒǿǿřḿȧȧŧīīǿǿƞ ȧȧş ẇḗḗ ḓḗḗşƈřīīƀḗḗ īīƞ ǿǿŭŭř "},{"$i":"crash-reports-description-3-privacy","$v":"ƥřīīṽȧȧƈẏ ƥǿǿŀīīƈẏ"},{"$i":"crash-reports-description-3-end","$v":"."},{"$i":"crash-banner-os2","$v":[{"t":"idOrVar","v":"brandShortName"}," ĵŭŭşŧ ƈřȧȧşħḗḗḓ."]},{"$i":"crash-banner-app","$v":[{"t":"idOrVar","v":"name"}," ĵŭŭşŧ ƈřȧȧşħḗḗḓ."]},{"$i":"crash-banner-report","$v":"Řḗḗƥǿǿřŧ"},{"$i":"bluetooth-sending-progress","$v":"Şḗḗƞḓīīƞɠ Ɓŀŭŭḗḗŧǿǿǿǿŧħ ŧřȧȧƞşƒḗḗř…"},{"$i":"bluetooth-receiving-progress","$v":"Řḗḗƈḗḗīīṽīīƞɠ Ɓŀŭŭḗḗŧǿǿǿǿŧħ ŧřȧȧƞşƒḗḗř…"},{"$i":"acceptFileTransfer","$v":"Ȧȧƈƈḗḗƥŧ Ɓŀŭŭḗḗŧǿǿǿǿŧħ ƒīīŀḗḗ ŧřȧȧƞşƒḗḗř?"},{"$i":"wantToReceiveFile","innerHTML":{"$v":["<bdi>",{"t":"idOrVar","v":"deviceName"},"</bdi> ẇǿǿŭŭŀḓ ŀīīķḗḗ ŧǿǿ ŧřȧȧƞşƒḗḗř <bdi>",{"t":"idOrVar","v":"fileName"}," (",{"t":"idOrVar","v":"fileSize"},").</bdi>"]}},{"$i":"transfer-confirmation-title","$v":[{"t":"idOrVar","v":"deviceName"}]},{"$i":"transfer-confirmation-description","$v":"Řḗḗṽīīḗḗẇ ŧřȧȧƞşƒḗḗř řḗḗɋŭŭḗḗşŧ."},{"$i":"deny","$v":"Ḓḗḗƞẏ"},{"$i":"transfer","$v":"Ŧřȧȧƞşƒḗḗř"},{"$i":"cancelFileTransfer","$v":"Ƈȧȧƞƈḗḗŀ Ɓŀŭŭḗḗŧǿǿǿǿŧħ ƒīīŀḗḗ ŧřȧȧƞşƒḗḗř?"},{"$i":"continueFileTransfer","$v":"Ƈǿǿƞŧīīƞŭŭḗḗ"},{"$i":"transfer-has-started-title","$v":"Ŧħḗḗ ŧřȧȧƞşƒḗḗř ħȧȧş şŧȧȧřŧḗḗḓ"},{"$i":"transfer-has-started-description","$v":"Ƈħḗḗƈķ ŧħḗḗ ƥřǿǿɠřḗḗşş īīƞ Ƞǿǿŧīīƒīīƈȧȧŧīīǿǿƞ ƈḗḗƞŧḗḗř"},{"$i":"transferFinished-sentSuccessful-title","$v":"Ƒīīŀḗḗ şḗḗƞŧ"},{"$i":"transferFinished-receivedSuccessful-title","$v":"Ƒīīŀḗḗ řḗḗƈḗḗīīṽḗḗḓ"},{"$i":"transferFinished-sentFailed-title","$v":"Ƒīīŀḗḗ ƈǿǿŭŭŀḓ ƞǿǿŧ ƀḗḗ şḗḗƞŧ"},{"$i":"transferFinished-receivedFailed-title","$v":"Ƒīīŀḗḗ ƈǿǿŭŭŀḓ ƞǿǿŧ ƀḗḗ řḗḗƈḗḗīīṽḗḗḓ"},{"$i":"transferFinished-try-again-description","$v":"Ƈȧȧƞƞǿǿŧ şḗḗƞḓ ƒīīŀḗḗ řīīɠħŧ ƞǿǿẇ. Ƥŀḗḗȧȧşḗḗ ŧřẏ ȧȧɠȧȧīīƞ ŀȧȧŧḗḗř."},{"$i":"transferReport-title","$v":"Ŧřȧȧƞşƒḗḗř řḗḗƥǿǿřŧ:"},{"$i":"transferReport-description","$v":[{"t":"idOrVar","v":"numSuccessful"}," ƒīīŀḗḗş şŭŭƈƈḗḗşşƒŭŭŀ, ",{"t":"idOrVar","v":"numUnsuccessful"}," ƒīīŀḗḗş ŭŭƞşŭŭƈƈḗḗşşƒŭŭŀ"]},{"$i":"unknown-file","$v":"Ŭŭƞķƞǿǿẇƞ ƒīīŀḗḗ"},{"$i":"unknown-device","$v":"Ŭŭƞķƞǿǿẇƞ ḓḗḗṽīīƈḗḗ"},{"$i":"cannotOpenFile","$v":"Ƈȧȧƞ ƞǿǿŧ ǿǿƥḗḗƞ řḗḗƈḗḗīīṽḗḗḓ ƒīīŀḗḗ"},{"$i":"unknownMediaTypeToOpenFile","$v":["Ƈȧȧƞ ƞǿǿŧ ǿǿƥḗḗƞ ŭŭƞķƞǿǿẇƞ ḿḗḗḓīīȧȧ ŧẏƥḗḗ: ",{"t":"idOrVar","v":"fileName"}]},{"$i":"cannotReceiveFile","$v":"Ƈȧȧƞ ƞǿǿŧ řḗḗƈḗḗīīṽḗḗ ƒīīŀḗḗ"},{"$i":"cannotGetStorageState","$v":"Ƈȧȧƞ ƞǿǿŧ ɠḗḗŧ ḓḗḗṽīīƈḗḗ şŧǿǿřȧȧɠḗḗ şŧȧȧŧḗḗ."},{"$i":"sdcard-not-exist2","$v":"Ƞǿǿ ḿḗḗḿǿǿřẏ ƈȧȧřḓ ƒǿǿŭŭƞḓ. Ƥŀḗḗȧȧşḗḗ īīƞşḗḗřŧ ȧȧ ḿḗḗḿǿǿřẏ ƈȧȧřḓ."},{"$i":"sdcard-in-use","$v":"Ɓŀŭŭḗḗŧǿǿǿǿŧħ ƈȧȧƞ ƞǿǿŧ ƀḗḗ ŭŭşḗḗḓ ẇħīīŀḗḗ ƥħǿǿƞḗḗ īīş ƥŀŭŭɠɠḗḗḓ īīƞ. Ƥŀḗḗȧȧşḗḗ ŭŭƞƥŀŭŭɠ ŧħḗḗ ƥħǿǿƞḗḗ ŧǿǿ řḗḗƈḗḗīīṽḗḗ ƒīīŀḗḗ(ş)."},{"$i":"sdcard-no-space2","$v":"Ƈȧȧƞ ƞǿǿŧ ƈǿǿḿƥŀḗḗŧḗḗ ŧřȧȧƞşƒḗḗř: ḿḗḗḿǿǿřẏ ƈȧȧřḓ īīş ƒŭŭŀŀ."},{"$i":"unknown-error","$v":"Ŭŭƞķƞǿǿẇƞ ḗḗřřǿǿř"},{"$i":"confirm","$v":"Ƈǿǿƞƒīīřḿ"},{"$i":"sdcard-detected-title","$v":"ŞḒ ƈȧȧřḓ ḓḗḗŧḗḗƈŧḗḗḓ"},{"$i":"sdcard-total-size-body","$v":["Ŧǿǿŧȧȧŀ şīīẑḗḗ: ",{"t":"idOrVar","v":"size"}," ",{"t":"idOrVar","v":"unit"}]},{"$i":"sdcard-unknown-size-then-tap-to-format-body","$v":"Ŭŭƞķƞǿǿẇƞ şīīẑḗḗ, ŧȧȧƥ ŧǿǿ ƒǿǿřḿȧȧŧ"},{"$i":"sdcard-removed-title","$v":"ŞḒ ƈȧȧřḓ řḗḗḿǿǿṽḗḗḓ"},{"$i":"sdcard-removed-ejected-successfully","$v":"Ḗḗĵḗḗƈŧḗḗḓ şŭŭƈƈḗḗşşƒŭŭŀŀẏ"},{"$i":"sdcard-removed-not-ejected-properly","$v":"Ƞǿǿŧ ḗḗĵḗḗƈŧḗḗḓ ƥřǿǿƥḗḗřŀẏ"},{"$i":"microphone-is-on","$v":"Ḿīīƈ īīş ǿǿƞ"},{"$i":"camera-is-on","$v":"Ƈȧȧḿḗḗřȧȧ īīş ǿǿƞ"},{"$i":"media-is-on","$v":"Ƈȧȧḿḗḗřȧȧ & Ḿīīƈ ȧȧřḗḗ ǾǿȠ"},{"$i":"noSimCard","$v":"Ƞǿǿ ŞĪīḾ ƈȧȧřḓ"},{"$i":"simPin","$v":"ŞĪīḾ ƤĪīȠ"},{"$i":"pukCode","$v":"ƤŬŭĶ ƈǿǿḓḗḗ"},{"$i":"nckCode","$v":"ȠƇĶ ƈǿǿḓḗḗ"},{"$i":"cckCode","$v":"ƇƇĶ ƈǿǿḓḗḗ"},{"$i":"spckCode","$v":"ŞƤƇĶ ƈǿǿḓḗḗ"},{"$i":"nck1code","$v":"ȠƇĶ1 ƈǿǿḓḗḗ"},{"$i":"nck2code","$v":"ȠƇĶ2 ƈǿǿḓḗḗ"},{"$i":"hnckcode","$v":"ĦȠƇĶ ƈǿǿḓḗḗ"},{"$i":"rcckcode","$v":"ŘƇƇĶ ƈǿǿḓḗḗ"},{"$i":"rspckcode","$v":"ŘŞƤƇĶ ƈǿǿḓḗḗ"},{"$i":"whatIsSimPin","$v":"Ẇħȧȧŧ īīş ȧȧ ŞĪīḾ ƤĪīȠ?"},{"$i":"simPinIntro1","$v":"Ȧȧ ŞĪīḾ ƤĪīȠ ƥřḗḗṽḗḗƞŧş ȧȧƈƈḗḗşş ŧǿǿ ŧħḗḗ ŞĪīḾ ƈȧȧřḓ ƈḗḗŀŀŭŭŀȧȧř ḓȧȧŧȧȧ ƞḗḗŧẇǿǿřķş. Ẇħḗḗƞ īīŧ’ş ḗḗƞȧȧƀŀḗḗḓ, ȧȧƞẏ ḓḗḗṽīīƈḗḗ ƈǿǿƞŧȧȧīīƞīīƞɠ ŧħḗḗ ŞĪīḾ ƈȧȧřḓ ẇīīŀŀ řḗḗɋŭŭḗḗşŧ ŧħḗḗ ƤĪīȠ ŭŭƥǿǿƞ řḗḗşŧȧȧřŧ."},{"$i":"simPinIntro2","$v":"Ȧȧ ŞĪīḾ ƤĪīȠ īīş ƞǿǿŧ ŧħḗḗ şȧȧḿḗḗ ȧȧş ŧħḗḗ ƥȧȧşşƈǿǿḓḗḗ ŭŭşḗḗḓ ŧǿǿ ŭŭƞŀǿǿƈķ ŧħḗḗ ḓḗḗṽīīƈḗḗ."},{"$i":"changeSimPin","$v":"Ƈħȧȧƞɠḗḗ ƤĪīȠ"},{"$i":"pinTitle","$v":"Ḗḗƞŧḗḗř ŞĪīḾ ƤĪīȠ"},{"$i":"multiSIMpinTitle","$v":["Ḗḗƞŧḗḗř ŞĪīḾ ",{"t":"idOrVar","v":"n"}," ƤĪīȠ"]},{"$i":"pukTitle","$v":"Ḗḗƞŧḗḗř ƤŬŭĶ ƈǿǿḓḗḗ"},{"$i":"nckTitle","$v":"Ḗḗƞŧḗḗř ȠƇĶ ƈǿǿḓḗḗ"},{"$i":"cckTitle","$v":"Ḗḗƞŧḗḗř ƇƇĶ ƈǿǿḓḗḗ"},{"$i":"spckTitle","$v":"Ḗḗƞŧḗḗř ŞƤƇĶ ƈǿǿḓḗḗ"},{"$i":"nck1Title","$v":"Ḗḗƞŧḗḗř ȠƇĶ1 ƈǿǿḓḗḗ"},{"$i":"nck2Title","$v":"Ḗḗƞŧḗḗř ȠƇĶ2 ƈǿǿḓḗḗ"},{"$i":"hnckTitle","$v":"Ḗḗƞŧḗḗř ĦȠƇĶ ƈǿǿḓḗḗ"},{"$i":"rcckTitle","$v":"Ḗḗƞŧḗḗř ŘƇƇĶ ƈǿǿḓḗḗ"},{"$i":"rspckTitle","$v":"Ḗḗƞŧḗḗř ŘŞƤƇĶ ƈǿǿḓḗḗ"},{"$i":"newpinTitle","$v":"Ƞḗḗẇ ƤĪīȠ"},{"$i":"inputCodeRetriesLeft","$v":{"one":"Ŀȧȧşŧ ŧřẏ.","two":[{"t":"idOrVar","v":"n"}," ŧřīīḗḗş ŀḗḗƒŧ."],"few":[{"t":"idOrVar","v":"n"}," ŧřīīḗḗş ŀḗḗƒŧ."],"many":[{"t":"idOrVar","v":"n"}," ŧřīīḗḗş ŀḗḗƒŧ."],"other":[{"t":"idOrVar","v":"n"}," ŧřīīḗḗş ŀḗḗƒŧ."]},"$x":[{"t":"idOrVar","v":"plural"},"n"]},{"$i":"pinErrorMsg","$v":"Ŧħḗḗ ƤĪīȠ ẇȧȧş īīƞƈǿǿřřḗḗƈŧ."},{"$i":"pinAttemptMsg2","$v":{"one":"Ẏǿǿŭŭ ħȧȧṽḗḗ ǿǿƞḗḗ ŧřẏ ŀḗḗƒŧ ŧǿǿ ḗḗƞŧḗḗř ŧħḗḗ ƈǿǿřřḗḗƈŧ ƈǿǿḓḗḗ ƀḗḗƒǿǿřḗḗ ŀǿǿƈķīīƞɠ ŧħḗḗ ŞĪīḾ ƈȧȧřḓ.","two":["Ẏǿǿŭŭ ħȧȧṽḗḗ ",{"t":"idOrVar","v":"n"}," ŧřīīḗḗş ŀḗḗƒŧ ŧǿǿ ḗḗƞŧḗḗř ŧħḗḗ ƈǿǿřřḗḗƈŧ ƈǿǿḓḗḗ ƀḗḗƒǿǿřḗḗ ŀǿǿƈķīīƞɠ ŧħḗḗ ŞĪīḾ ƈȧȧřḓ."],"few":["Ẏǿǿŭŭ ħȧȧṽḗḗ ",{"t":"idOrVar","v":"n"}," ŧřīīḗḗş ŀḗḗƒŧ ŧǿǿ ḗḗƞŧḗḗř ŧħḗḗ ƈǿǿřřḗḗƈŧ ƈǿǿḓḗḗ ƀḗḗƒǿǿřḗḗ ŀǿǿƈķīīƞɠ ŧħḗḗ ŞĪīḾ ƈȧȧřḓ."],"many":["Ẏǿǿŭŭ ħȧȧṽḗḗ ",{"t":"idOrVar","v":"n"}," ŧřīīḗḗş ŀḗḗƒŧ ŧǿǿ ḗḗƞŧḗḗř ŧħḗḗ ƈǿǿřřḗḗƈŧ ƈǿǿḓḗḗ ƀḗḗƒǿǿřḗḗ ŀǿǿƈķīīƞɠ ŧħḗḗ ŞĪīḾ ƈȧȧřḓ."],"other":["Ẏǿǿŭŭ ħȧȧṽḗḗ ",{"t":"idOrVar","v":"n"}," ŧřīīḗḗş ŀḗḗƒŧ ŧǿǿ ḗḗƞŧḗḗř ŧħḗḗ ƈǿǿřřḗḗƈŧ ƈǿǿḓḗḗ ƀḗḗƒǿǿřḗḗ ŀǿǿƈķīīƞɠ ŧħḗḗ ŞĪīḾ ƈȧȧřḓ."]},"$x":[{"t":"idOrVar","v":"plural"},"n"]},{"$i":"pinLastChanceMsg","$v":"Ŧħīīş īīş ẏǿǿŭŭř ŀȧȧşŧ ƈħȧȧƞƈḗḗ ŧǿǿ ḗḗƞŧḗḗř ŧħḗḗ ƈǿǿřřḗḗƈŧ ƤĪīȠ. Ǿǿŧħḗḗřẇīīşḗḗ, ẏǿǿŭŭ ḿŭŭşŧ ḗḗƞŧḗḗř ŧħḗḗ ƤŬŭĶ ƈǿǿḓḗḗ ŧǿǿ ŭŭşḗḗ ŧħīīş ŞĪīḾ ƈȧȧřḓ."},{"$i":"simCardLockedMsg","$v":"Ŧħḗḗ ŞĪīḾ ƈȧȧřḓ īīş ŀǿǿƈķḗḗḓ."},{"$i":"enterPukMsg","$v":"Ẏǿǿŭŭ ḿŭŭşŧ ḗḗƞŧḗḗř ŧħḗḗ Ƥḗḗřşǿǿƞȧȧŀ Ŭŭƞŀǿǿƈķīīƞɠ Ķḗḗẏ (ƤŬŭĶ) ƈǿǿḓḗḗ ƒǿǿř ŧħḗḗ ŞĪīḾ ƈȧȧřḓ. Řḗḗƒḗḗř ŧǿǿ ẏǿǿŭŭř ŞĪīḾ ƈȧȧřḓ ḓǿǿƈŭŭḿḗḗƞŧȧȧŧīīǿǿƞ ǿǿř ƈǿǿƞŧȧȧƈŧ ẏǿǿŭŭř ƈȧȧřřīīḗḗř ƒǿǿř ḿǿǿřḗḗ īīƞƒǿǿřḿȧȧŧīīǿǿƞ."},{"$i":"pukErrorMsg","$v":"Ŧħḗḗ ƤŬŭĶ ƈǿǿḓḗḗ īīş īīƞƈǿǿřřḗḗƈŧ."},{"$i":"pukAttemptMsg2","$v":{"one":"Ẏǿǿŭŭ ħȧȧṽḗḗ ǿǿƞḗḗ ŧřẏ ŀḗḗƒŧ ŧǿǿ ḗḗƞŧḗḗř ŧħḗḗ ƈǿǿřřḗḗƈŧ ƈǿǿḓḗḗ ƀḗḗƒǿǿřḗḗ ŧħīīş ŞĪīḾ ƈȧȧřḓ ẇīīŀŀ ƀḗḗ ƥḗḗřḿȧȧƞḗḗƞŧŀẏ ŭŭƞŭŭşȧȧƀŀḗḗ. Řḗḗƒḗḗř ŧǿǿ ẏǿǿŭŭř ŞĪīḾ ƈȧȧřḓ ḓǿǿƈŭŭḿḗḗƞŧȧȧŧīīǿǿƞ ǿǿř ƈǿǿƞŧȧȧƈŧ ẏǿǿŭŭř ƈȧȧřřīīḗḗř ƒǿǿř ḿǿǿřḗḗ īīƞƒǿǿřḿȧȧŧīīǿǿƞ.","two":["Ẏǿǿŭŭ ħȧȧṽḗḗ ",{"t":"idOrVar","v":"n"}," ŧřīīḗḗş ŀḗḗƒŧ ŧǿǿ ḗḗƞŧḗḗř ŧħḗḗ ƈǿǿřřḗḗƈŧ ƈǿǿḓḗḗ ƀḗḗƒǿǿřḗḗ ŧħīīş ŞĪīḾ ƈȧȧřḓ ẇīīŀŀ ƀḗḗ ƥḗḗřḿȧȧƞḗḗƞŧŀẏ ŭŭƞŭŭşȧȧƀŀḗḗ. Řḗḗƒḗḗř ŧǿǿ ẏǿǿŭŭř ŞĪīḾ ƈȧȧřḓ ḓǿǿƈŭŭḿḗḗƞŧȧȧŧīīǿǿƞ ǿǿř ƈǿǿƞŧȧȧƈŧ ẏǿǿŭŭř ƈȧȧřřīīḗḗř ƒǿǿř ḿǿǿřḗḗ īīƞƒǿǿřḿȧȧŧīīǿǿƞ."],"few":["Ẏǿǿŭŭ ħȧȧṽḗḗ ",{"t":"idOrVar","v":"n"}," ŧřīīḗḗş ŀḗḗƒŧ ŧǿǿ ḗḗƞŧḗḗř ŧħḗḗ ƈǿǿřřḗḗƈŧ ƈǿǿḓḗḗ ƀḗḗƒǿǿřḗḗ ŧħīīş ŞĪīḾ ƈȧȧřḓ ẇīīŀŀ ƀḗḗ ƥḗḗřḿȧȧƞḗḗƞŧŀẏ ŭŭƞŭŭşȧȧƀŀḗḗ. Řḗḗƒḗḗř ŧǿǿ ẏǿǿŭŭř ŞĪīḾ ƈȧȧřḓ ḓǿǿƈŭŭḿḗḗƞŧȧȧŧīīǿǿƞ ǿǿř ƈǿǿƞŧȧȧƈŧ ẏǿǿŭŭř ƈȧȧřřīīḗḗř ƒǿǿř ḿǿǿřḗḗ īīƞƒǿǿřḿȧȧŧīīǿǿƞ."],"many":["Ẏǿǿŭŭ ħȧȧṽḗḗ ",{"t":"idOrVar","v":"n"}," ŧřīīḗḗş ŀḗḗƒŧ ŧǿǿ ḗḗƞŧḗḗř ŧħḗḗ ƈǿǿřřḗḗƈŧ ƈǿǿḓḗḗ ƀḗḗƒǿǿřḗḗ ŧħīīş ŞĪīḾ ƈȧȧřḓ ẇīīŀŀ ƀḗḗ ƥḗḗřḿȧȧƞḗḗƞŧŀẏ ŭŭƞŭŭşȧȧƀŀḗḗ. Řḗḗƒḗḗř ŧǿǿ ẏǿǿŭŭř ŞĪīḾ ƈȧȧřḓ ḓǿǿƈŭŭḿḗḗƞŧȧȧŧīīǿǿƞ ǿǿř ƈǿǿƞŧȧȧƈŧ ẏǿǿŭŭř ƈȧȧřřīīḗḗř ƒǿǿř ḿǿǿřḗḗ īīƞƒǿǿřḿȧȧŧīīǿǿƞ."],"other":["Ẏǿǿŭŭ ħȧȧṽḗḗ ",{"t":"idOrVar","v":"n"}," ŧřīīḗḗş ŀḗḗƒŧ ŧǿǿ ḗḗƞŧḗḗř ŧħḗḗ ƈǿǿřřḗḗƈŧ ƈǿǿḓḗḗ ƀḗḗƒǿǿřḗḗ ŧħīīş ŞĪīḾ ƈȧȧřḓ ẇīīŀŀ ƀḗḗ ƥḗḗřḿȧȧƞḗḗƞŧŀẏ ŭŭƞŭŭşȧȧƀŀḗḗ. Řḗḗƒḗḗř ŧǿǿ ẏǿǿŭŭř ŞĪīḾ ƈȧȧřḓ ḓǿǿƈŭŭḿḗḗƞŧȧȧŧīīǿǿƞ ǿǿř ƈǿǿƞŧȧȧƈŧ ẏǿǿŭŭř ƈȧȧřřīīḗḗř ƒǿǿř ḿǿǿřḗḗ īīƞƒǿǿřḿȧȧŧīīǿǿƞ."]},"$x":[{"t":"idOrVar","v":"plural"},"n"]},{"$i":"pukLastChanceMsg","$v":"Ŀȧȧşŧ ƈħȧȧƞƈḗḗ ŧǿǿ ḗḗƞŧḗḗř ŧħḗḗ ƈǿǿřřḗḗƈŧ ƤŬŭĶ ƈǿǿḓḗḗ. Ẏǿǿŭŭř ŞĪīḾ ƈȧȧřḓ ẇīīŀŀ ƀḗḗ ƥḗḗřḿȧȧƞḗḗƞŧŀẏ ŭŭƞŭŭşȧȧƀŀḗḗ īīƒ ẏǿǿŭŭ ḗḗƞŧḗḗř īīƞ ŧħḗḗ ẇřǿǿƞɠ ƤŬŭĶ ƈǿǿḓḗḗ. Řḗḗƒḗḗř ŧǿǿ ẏǿǿŭŭř ŞĪīḾ ƈȧȧřḓ ḓǿǿƈŭŭḿḗḗƞŧȧȧŧīīǿǿƞ ǿǿř ƈǿǿƞŧȧȧƈŧ ẏǿǿŭŭř ƈȧȧřřīīḗḗř ƒǿǿř ḿǿǿřḗḗ īīƞƒǿǿřḿȧȧŧīīǿǿƞ."},{"$i":"newSimPinMsg","$v":"Ƈřḗḗȧȧŧḗḗ ƤĪīȠ (ḿŭŭşŧ ƈǿǿƞŧȧȧīīƞ 4 ŧǿǿ 8 ḓīīɠīīŧş)"},{"$i":"confirmNewSimPinMsg","$v":"Ƈǿǿƞƒīīřḿ ƞḗḗẇ ƤĪīȠ"},{"$i":"newPinErrorMsg","$v":"ƤĪīȠş ḓǿǿƞ’ŧ ḿȧȧŧƈħ."},{"$i":"nckErrorMsg","$v":"Ŧħḗḗ ȠƇĶ ƈǿǿḓḗḗ īīş īīƞƈǿǿřřḗḗƈŧ."},{"$i":"nckAttemptMsg2","$v":{"one":"Ƞḗḗŧẇǿǿřķ ḓḗḗƥḗḗřşǿǿƞȧȧŀīīẑȧȧŧīīǿǿƞ řḗḗɋŭŭḗḗşŧ ƒȧȧīīŀŭŭřḗḗ. Ẏǿǿŭŭ ħȧȧṽḗḗ ǿǿƞḗḗ ŧřẏ ŀḗḗƒŧ ŧǿǿ ḗḗƞŧḗḗř ŧħḗḗ ƈǿǿřřḗḗƈŧ ƈǿǿḓḗḗ. Řḗḗƒḗḗř ŧǿǿ ẏǿǿŭŭř ḓḗḗṽīīƈḗḗ ḓǿǿƈŭŭḿḗḗƞŧȧȧŧīīǿǿƞ ǿǿř ƈǿǿƞŧȧȧƈŧ ẏǿǿŭŭř ƈȧȧřřīīḗḗř ƒǿǿř ḿǿǿřḗḗ īīƞƒǿǿřḿȧȧŧīīǿǿƞ.","two":["Ƞḗḗŧẇǿǿřķ ḓḗḗƥḗḗřşǿǿƞȧȧŀīīẑȧȧŧīīǿǿƞ řḗḗɋŭŭḗḗşŧ ƒȧȧīīŀŭŭřḗḗ. Ẏǿǿŭŭ ħȧȧṽḗḗ ",{"t":"idOrVar","v":"n"}," ŧřīīḗḗş ŀḗḗƒŧ ŧǿǿ ḗḗƞŧḗḗř ŧħḗḗ ƈǿǿřřḗḗƈŧ ƈǿǿḓḗḗ. Řḗḗƒḗḗř ŧǿǿ ẏǿǿŭŭř ḓḗḗṽīīƈḗḗ ḓǿǿƈŭŭḿḗḗƞŧȧȧŧīīǿǿƞ ǿǿř ƈǿǿƞŧȧȧƈŧ ẏǿǿŭŭř ƈȧȧřřīīḗḗř ƒǿǿř ḿǿǿřḗḗ īīƞƒǿǿřḿȧȧŧīīǿǿƞ."],"few":["Ƞḗḗŧẇǿǿřķ ḓḗḗƥḗḗřşǿǿƞȧȧŀīīẑȧȧŧīīǿǿƞ řḗḗɋŭŭḗḗşŧ ƒȧȧīīŀŭŭřḗḗ. Ẏǿǿŭŭ ħȧȧṽḗḗ ",{"t":"idOrVar","v":"n"}," ŧřīīḗḗş ŀḗḗƒŧ ŧǿǿ ḗḗƞŧḗḗř ŧħḗḗ ƈǿǿřřḗḗƈŧ ƈǿǿḓḗḗ. Řḗḗƒḗḗř ŧǿǿ ẏǿǿŭŭř ḓḗḗṽīīƈḗḗ ḓǿǿƈŭŭḿḗḗƞŧȧȧŧīīǿǿƞ ǿǿř ƈǿǿƞŧȧȧƈŧ ẏǿǿŭŭř ƈȧȧřřīīḗḗř ƒǿǿř ḿǿǿřḗḗ īīƞƒǿǿřḿȧȧŧīīǿǿƞ."],"many":["Ƞḗḗŧẇǿǿřķ ḓḗḗƥḗḗřşǿǿƞȧȧŀīīẑȧȧŧīīǿǿƞ řḗḗɋŭŭḗḗşŧ ƒȧȧīīŀŭŭřḗḗ. Ẏǿǿŭŭ ħȧȧṽḗḗ ",{"t":"idOrVar","v":"n"}," ŧřīīḗḗş ŀḗḗƒŧ ŧǿǿ ḗḗƞŧḗḗř ŧħḗḗ ƈǿǿřřḗḗƈŧ ƈǿǿḓḗḗ. Řḗḗƒḗḗř ŧǿǿ ẏǿǿŭŭř ḓḗḗṽīīƈḗḗ ḓǿǿƈŭŭḿḗḗƞŧȧȧŧīīǿǿƞ ǿǿř ƈǿǿƞŧȧȧƈŧ ẏǿǿŭŭř ƈȧȧřřīīḗḗř ƒǿǿř ḿǿǿřḗḗ īīƞƒǿǿřḿȧȧŧīīǿǿƞ."],"other":["Ƞḗḗŧẇǿǿřķ ḓḗḗƥḗḗřşǿǿƞȧȧŀīīẑȧȧŧīīǿǿƞ řḗḗɋŭŭḗḗşŧ ƒȧȧīīŀŭŭřḗḗ. Ẏǿǿŭŭ ħȧȧṽḗḗ ",{"t":"idOrVar","v":"n"}," ŧřīīḗḗş ŀḗḗƒŧ ŧǿǿ ḗḗƞŧḗḗř ŧħḗḗ ƈǿǿřřḗḗƈŧ ƈǿǿḓḗḗ. Řḗḗƒḗḗř ŧǿǿ ẏǿǿŭŭř ḓḗḗṽīīƈḗḗ ḓǿǿƈŭŭḿḗḗƞŧȧȧŧīīǿǿƞ ǿǿř ƈǿǿƞŧȧȧƈŧ ẏǿǿŭŭř ƈȧȧřřīīḗḗř ƒǿǿř ḿǿǿřḗḗ īīƞƒǿǿřḿȧȧŧīīǿǿƞ."]},"$x":[{"t":"idOrVar","v":"plural"},"n"]},{"$i":"nckLastChanceMsg","$v":"Ƞḗḗŧẇǿǿřķ ḓḗḗƥḗḗřşǿǿƞȧȧŀīīẑȧȧŧīīǿǿƞ řḗḗɋŭŭḗḗşŧ ƒȧȧīīŀŭŭřḗḗ. Ŀȧȧşŧ ƈħȧȧƞƈḗḗ ŧǿǿ ḗḗƞŧḗḗř ŧħḗḗ ƈǿǿřřḗḗƈŧ ȠƇĶ ƈǿǿḓḗḗ. Řḗḗƒḗḗř ŧǿǿ ẏǿǿŭŭř ḓḗḗṽīīƈḗḗ ḓǿǿƈŭŭḿḗḗƞŧȧȧŧīīǿǿƞ ǿǿř ƈǿǿƞŧȧȧƈŧ ẏǿǿŭŭř ƈȧȧřřīīḗḗř ƒǿǿř ḿǿǿřḗḗ īīƞƒǿǿřḿȧȧŧīīǿǿƞ."},{"$i":"activity-pick","$v":"Şḗḗŀḗḗƈŧ ƒřǿǿḿ:"},{"$i":"activity-view","$v":"Ṽīīḗḗẇ ẇīīŧħ:"},{"$i":"activity-test","$v":"Ŧḗḗşŧ ẇīīŧħ:"},{"$i":"activity-share","$v":"Şħȧȧřḗḗ ẇīīŧħ:"},{"$i":"activity-new","$v":"Ƈřḗḗȧȧŧḗḗ ẇīīŧħ:"},{"$i":"activity-open","$v":"Ǿǿƥḗḗƞ ẇīīŧħ:"},{"$i":"activity-save-bookmark","$v":"Ɓǿǿǿǿķḿȧȧřķ ŧǿǿ:"},{"$i":"activity-record","$v":"Řḗḗƈǿǿřḓ ƒřǿǿḿ:"},{"$i":"activity-browse","$v":"Ɓřǿǿẇşḗḗ ẇīīŧħ:"},{"$i":"activity-configure","$v":"Ƈǿǿƞƒīīɠŭŭřḗḗ ẇīīŧħ:"},{"$i":"activity-dial","$v":"Ḓīīȧȧŀ ƒřǿǿḿ:"},{"$i":"set-default-action","$v":"Ŭŭşḗḗ ƒřǿǿḿ ƞǿǿẇ ǿǿƞ"},{"$i":"persona-signin","$v":"Şīīɠƞ Īīƞ"},{"$i":"payment-flow","$v":"Ƥŭŭřƈħȧȧşḗḗ"},{"$i":"remoteDebuggerPromptUSB","innerHTML":"Ȧȧŀŀǿǿẇ ŬŭŞƁ ḓḗḗƀŭŭɠɠīīƞɠ ƈǿǿƞƞḗḗƈŧīīǿǿƞ?"},{"$i":"remoteDebuggerPromptTCP2","innerHTML":{"$v":["Ȧȧŀŀǿǿẇ řḗḗḿǿǿŧḗḗ ḓḗḗƀŭŭɠɠīīƞɠ ƈǿǿƞƞḗḗƈŧīīǿǿƞ ƒřǿǿḿ <code>",{"t":"idOrVar","v":"host"},":",{"t":"idOrVar","v":"port"},"</code>?<br/><br/>Ŧħīīş ƈǿǿƞƞḗḗƈŧīīǿǿƞ řḗḗɋŭŭīīřḗḗş ȧȧ ɊŘ ƈǿǿḓḗḗ ŧǿǿ ƀḗḗ şƈȧȧƞƞḗḗḓ īīƞ ǿǿřḓḗḗř ŧǿǿ ȧȧŭŭŧħḗḗƞŧīīƈȧȧŧḗḗ ŧħḗḗ řḗḗḿǿǿŧḗḗ ḓḗḗṽīīƈḗḗ'ş ƈḗḗřŧīīƒīīƈȧȧŧḗḗ.  Ẏǿǿŭŭ ƈȧȧƞ ȧȧṽǿǿīīḓ ƒŭŭŧŭŭřḗḗ şƈȧȧƞş ƀẏ řḗḗḿḗḗḿƀḗḗřīīƞɠ ŧħḗḗ ḓḗḗṽīīƈḗḗ."]}},{"$i":"remoteDebuggerPrompt-deny","$v":"Ḓḗḗƞẏ"},{"$i":"remoteDebuggerPrompt-allow","$v":"Ȧȧŀŀǿǿẇ"},{"$i":"remoteDebuggerPrompt-scan","$v":"Şƈȧȧƞ"},{"$i":"remoteDebuggerPrompt-scanAndRemember","$v":"Şƈȧȧƞ ȧȧƞḓ Řḗḗḿḗḗḿƀḗḗř"},{"$i":"devtools-auth-scan2","$v":"Şƈȧȧƞƞīīƞɠ ƒǿǿř ŧħḗḗ ɊŘ ƈǿǿḓḗḗ ḓīīşƥŀȧȧẏḗḗḓ ǿǿƞ ẏǿǿŭŭř ǿǿŧħḗḗř ḓḗḗṽīīƈḗḗ…"},{"$i":"fullscreen-request","$v":[{"t":"idOrVar","v":"origin"}," īīş ƞǿǿẇ ƒŭŭŀŀşƈřḗḗḗḗƞ."]},{"$i":"captive-wifi-available","$v":["Ŧħḗḗ ƞḗḗŧẇǿǿřķ ",{"t":"idOrVar","v":"networkName"}," ẇȧȧş ƒǿǿŭŭƞḓ. Ĵǿǿīīƞ ƞḗḗŧẇǿǿřķ?"]},{"$i":"ceWarningtitle","$v":"Ṽǿǿŀŭŭḿḗḗ ẇȧȧřƞīīƞɠ"},{"$i":"ceWarningcontent","$v":"Ŧǿǿ ƥřḗḗṽḗḗƞŧ ƥǿǿşşīīƀŀḗḗ ħḗḗȧȧřīīƞɠ ḓȧȧḿȧȧɠḗḗ, ḓǿǿ ƞǿǿŧ ŀīīşŧḗḗƞ ȧȧŧ ħīīɠħ ṽǿǿŀŭŭḿḗḗ ŀḗḗṽḗḗŀş ƒǿǿř ŀǿǿƞɠ ƥḗḗřīīǿǿḓş."},{"$i":"notification-powersaving-mode-on-title","$v":"Ƥǿǿẇḗḗř Şȧȧṽīīƞɠ Ḿǿǿḓḗḗ"},{"$i":"notification-powersaving-mode-on-description","$v":"Ƥǿǿẇḗḗř şȧȧṽīīƞɠ ḿǿǿḓḗḗ īīş ǿǿƞ."},{"$i":"low-device-storage","$v":"Ḓḗḗṽīīƈḗḗ şƥȧȧƈḗḗ ŀǿǿẇ."},{"$i":"free-space","$v":{"zero":"Ƞǿǿ řḗḗḿȧȧīīƞīīƞɠ ƒřḗḗḗḗ şƥȧȧƈḗḗ.","one":["Ŀḗḗşş ŧħȧȧƞ ",{"t":"idOrVar","v":"value"}," ",{"t":"idOrVar","v":"unit"}," řḗḗḿȧȧīīƞīīƞɠ."],"two":["Ŀḗḗşş ŧħȧȧƞ ",{"t":"idOrVar","v":"value"}," ",{"t":"idOrVar","v":"unit"}," řḗḗḿȧȧīīƞīīƞɠ."],"few":["Ŀḗḗşş ŧħȧȧƞ ",{"t":"idOrVar","v":"value"}," ",{"t":"idOrVar","v":"unit"}," řḗḗḿȧȧīīƞīīƞɠ."],"many":["Ŀḗḗşş ŧħȧȧƞ ",{"t":"idOrVar","v":"value"}," ",{"t":"idOrVar","v":"unit"}," řḗḗḿȧȧīīƞīīƞɠ."],"other":["Ŀḗḗşş ŧħȧȧƞ ",{"t":"idOrVar","v":"value"}," ",{"t":"idOrVar","v":"unit"}," řḗḗḿȧȧīīƞīīƞɠ."]},"$x":[{"t":"idOrVar","v":"plural"},"value"]},{"$i":"unknown-free-space","$v":"Ŭŭƞķƞǿǿẇƞ řḗḗḿȧȧīīƞīīƞɠ şƥȧȧƈḗḗ."},{"$i":"system-alert","$v":"Şẏşŧḗḗḿ Ȧȧŀḗḗřŧ"},{"$i":"cb-channel","$v":["Ƈħȧȧƞƞḗḗŀ ",{"t":"idOrVar","v":"channel"}]},{"$i":"cb-etws-warningType-earthquake","$v":"Ḗḗȧȧřŧħɋŭŭȧȧķḗḗ ẇȧȧřƞīīƞɠ!"},{"$i":"cb-etws-warningType-tsunami","$v":"Ŧşŭŭƞȧȧḿīī ẇȧȧřƞīīƞɠ!"},{"$i":"cb-etws-warningType-earthquake-tsunami","$v":"Ḗḗȧȧřŧħɋŭŭȧȧķḗḗ-ŧşŭŭƞȧȧḿīī ẇȧȧřƞīīƞɠ!"},{"$i":"cb-etws-warningType-test","$v":"Ȧȧŀḗḗřŧ şẏşŧḗḗḿ īīş ƀḗḗīīƞɠ ŧḗḗşŧḗḗḓ."},{"$i":"cb-etws-warningType-other","$v":"Ḗḗḿḗḗřɠḗḗƞƈẏ ẇȧȧřƞīīƞɠ!"},{"$i":"icc-message-maintitle","$v":"Ǿǿƥḗḗřȧȧŧǿǿř ḿḗḗşşȧȧɠḗḗ"},{"$i":"icc-message-subtitle","$v":["ŞĪīḾ ",{"t":"idOrVar","v":"id"}]},{"$i":"icc-confirmCall-defaultmessage","$v":["Ƈȧȧŀŀ ",{"t":"idOrVar","v":"number"},"?"]},{"$i":"icc-alertMessage-send-ss","$v":"Şḗḗƞḓ ŞŞ"},{"$i":"icc-alertMessage-send-ussd","$v":"Şḗḗƞḓ ŬŭŞŞḒ"},{"$i":"icc-alertMessage-send-sms","$v":"Şḗḗƞḓ ŞḾŞ"},{"$i":"icc-confirmMessage-defaultmessage","$v":"Şḗḗƞḓ ḿḗḗşşȧȧɠḗḗ?"},{"$i":"icc-notification-title","$v":["ŞĪīḾ ",{"t":"idOrVar","v":"id"}," ŞŦĶ"]},{"$i":"icc-inputbox-maintitle","$v":"ŞŦĶ Ɋŭŭḗḗřẏ"},{"$i":"icc-inputbox-subtitle","$v":["ŞĪīḾ ",{"t":"idOrVar","v":"id"}]},{"$i":"emergency-callback-mode","$v":"Ḗḗḿḗḗřɠḗḗƞƈẏ ƈȧȧŀŀ ƀȧȧƈķ ḿǿǿḓḗḗ"},{"$i":"emergency-callback-message","$v":"Ẏǿǿŭŭ ƈȧȧƞ ƞǿǿŧ ḿȧȧķḗḗ ƈȧȧŀŀş, şḗḗƞḓ ḿḗḗşşȧȧɠḗḗş ǿǿř ɠǿǿ ǿǿƞŀīīƞḗḗ ƀḗḗƈȧȧŭŭşḗḗ ḗḗḿḗḗřɠḗḗƞƈẏ ƈȧȧŀŀƀȧȧƈķ ḿǿǿḓḗḗ īīş ḗḗƞȧȧƀŀḗḗḓ. Ẇǿǿŭŭŀḓ ẏǿǿŭŭ ŀīīķḗḗ ŧǿǿ ŧŭŭřƞ īīŧ ǿǿƒƒ?"},{"$i":"cdma-record-info","$v":"ƇḒḾȦȧ řḗḗƈǿǿřḓ īīƞƒǿǿřḿȧȧŧīīǿǿƞ"},{"$i":"ime-switching-title","$v":[{"t":"idOrVar","v":"appName"},": ",{"t":"idOrVar","v":"name"}]},{"$i":"ime-switching-tip","$v":"Ŧȧȧƥ ŧǿǿ şẇīīŧƈħ īīƞƥŭŭŧ ḿḗḗŧħǿǿḓ"},{"$i":"download_started","$v":"Ḓǿǿẇƞŀǿǿȧȧḓ şŧȧȧřŧḗḗḓ"},{"$i":"download_stopped","$v":"Ḓǿǿẇƞŀǿǿȧȧḓ şŧǿǿƥƥḗḗḓ"},{"$i":"download_downloading","$v":"Ḓǿǿẇƞŀǿǿȧȧḓīīƞɠ…"},{"$i":"download_succeeded","$v":"Ḓǿǿẇƞŀǿǿȧȧḓ ƈǿǿḿƥŀḗḗŧḗḗ"},{"$i":"download_failed","$v":"Ḓǿǿẇƞŀǿǿȧȧḓ ƒȧȧīīŀḗḗḓ"},{"$i":"download_text_by_default","$v":[{"t":"idOrVar","v":"name"}]},{"$i":"download_downloading_text_2","$v":[{"t":"idOrVar","v":"percentage"},"% - ",{"t":"idOrVar","v":"name"}]},{"$i":"search-the-web","$v":"Şḗḗȧȧřƈħ ŧħḗḗ ẇḗḗƀ"},{"$i":"search-or-enter-address","$v":"Şḗḗȧȧřƈħ ǿǿř ḗḗƞŧḗḗř ȧȧḓḓřḗḗşş","placeholder":"Şḗḗȧȧřƈħ ǿǿř ḗḗƞŧḗḗř ȧȧḓḓřḗḗşş"},{"$i":"back-button","ariaLabel":"Ɓȧȧƈķ"},{"$i":"forward-button","ariaLabel":"Ƒǿǿřẇȧȧřḓ"},{"$i":"reload-button","ariaLabel":"Řḗḗŀǿǿȧȧḓ"},{"$i":"stop-button","ariaLabel":"Şŧǿǿƥ"},{"$i":"windows-button","ariaLabel":"Şħǿǿẇ ẇīīƞḓǿǿẇş"},{"$i":"noHotspotWhenAPMisOnWifiHotspot","$v":"Ŧŭŭřƞ ǿǿƒƒ ȧȧīīřƥŀȧȧƞḗḗ ḿǿǿḓḗḗ ŧǿǿ ŭŭşḗḗ Ẇīī-Ƒīī ħǿǿŧşƥǿǿŧ."},{"$i":"apmActivated","$v":"Ȧȧīīřƥŀȧȧƞḗḗ ḿǿǿḓḗḗ ȧȧƈŧīīṽȧȧŧḗḗḓ"},{"$i":"open-in-new-window","$v":"Ǿǿƥḗḗƞ īīƞ ƞḗḗẇ ẇīīƞḓǿǿẇ"},{"$i":"open-in-new-private-window","$v":"Ǿǿƥḗḗƞ īīƞ ƞḗḗẇ ƥřīīṽȧȧŧḗḗ ẇīīƞḓǿǿẇ"},{"$i":"add-link-to-home-screen","$v":"Ȧȧḓḓ ŀīīƞķ ŧǿǿ ħǿǿḿḗḗ şƈřḗḗḗḗƞ"},{"$i":"share-link","$v":"Şħȧȧřḗḗ ŀīīƞķ"},{"$i":"save-image","$v":"Şȧȧṽḗḗ Īīḿȧȧɠḗḗ"},{"$i":"save-video","$v":"Şȧȧṽḗḗ Ṽīīḓḗḗǿǿ"},{"$i":"save-audio","$v":"Şȧȧṽḗḗ Ȧȧŭŭḓīīǿǿ"},{"$i":"save-link","$v":"Şȧȧṽḗḗ ŀīīƞķḗḗḓ ƒīīŀḗḗ"},{"$i":"share-image","$v":"Şħȧȧřḗḗ Īīḿȧȧɠḗḗ"},{"$i":"share-video","$v":"Şħȧȧřḗḗ Ṽīīḓḗḗǿǿ"},{"$i":"share-audio","$v":"Şħȧȧřḗḗ Ȧȧŭŭḓīīǿǿ"},{"$i":"private-window","$v":"Ƥřīīṽȧȧŧḗḗ Ẇīīƞḓǿǿẇ"},{"$i":"private-window-info1","$v":["Ẏǿǿŭŭ ħȧȧṽḗḗ ǿǿƥḗḗƞḗḗḓ ȧȧ ƞḗḗẇ ƥřīīṽȧȧŧḗḗ ẇīīƞḓǿǿẇ. Īīƞ ƥřīīṽȧȧŧḗḗ ẇīīƞḓǿǿẇş, ",{"t":"idOrVar","v":"brandShortName"}," ẇǿǿƞ’ŧ ķḗḗḗḗƥ ȧȧƞẏ ƀřǿǿẇşḗḗř ħīīşŧǿǿřẏ, ƈǿǿǿǿķīīḗḗş, ǿǿř ŧḗḗḿƥǿǿřȧȧřẏ Īīƞŧḗḗřƞḗḗŧ ƒīīŀḗḗş. Ħǿǿẇḗḗṽḗḗř, ƒīīŀḗḗş ẏǿǿŭŭ ḓǿǿẇƞŀǿǿȧȧḓ ȧȧƞḓ ƀǿǿǿǿķḿȧȧřķş ẏǿǿŭŭ ḿȧȧķḗḗ ẇīīŀŀ ƀḗḗ ķḗḗƥŧ."]},{"$i":"private-window-info2","$v":"Ẇħīīŀḗḗ ŧħīīş ḓḗḗṽīīƈḗḗ ẇǿǿƞ’ŧ ħȧȧṽḗḗ ȧȧ řḗḗƈǿǿřḓ ǿǿƒ ẏǿǿŭŭř ƀřǿǿẇşīīƞɠ ħīīşŧǿǿřẏ, ẏǿǿŭŭř Īīƞŧḗḗřƞḗḗŧ şḗḗřṽīīƈḗḗ ƥřǿǿṽīīḓḗḗř ƈȧȧƞ şŧīīŀŀ ŧřȧȧƈķ ŧħḗḗ ƥȧȧɠḗḗş ẏǿǿŭŭ ṽīīşīīŧ."},{"$i":"okCharsLeft","$v":["ǾǿĶ (",{"t":"idOrVar","v":"n"},")"]},{"$i":"pinning","pin":"Ƥīīƞ","pin-page":"Ƥīīƞ Ƥȧȧɠḗḗ"},{"$i":"from","$v":"ƒřǿǿḿ"},{"$i":"multiscreen-pick","$v":"Ƈħǿǿǿǿşḗḗ ȧȧƞ ḗḗẋŧḗḗřƞȧȧŀ ḓīīşƥŀȧȧẏ"},{"$i":"achievements-add-on-all-star-name","$v":"Ȧȧḓḓ-ǿǿƞ Ȧȧŀŀ-Şŧȧȧř"},{"$i":"achievements-add-on-all-star-description","$v":"Ŭŭşḗḗ Ƈŭŭşŧǿǿḿīīẑḗḗř ŧǿǿ ƈřḗḗȧȧŧḗḗ ẏǿǿŭŭř ǿǿẇƞ ȧȧḓḓ-ǿǿƞ"}]