[{"$i":"brandShortName","$v":"‮Ԑ‬2‮פ‬ ‮OS‬"},{"$i":"browserBrandShortName","$v":"‮Ｍǝq‬ ‮Ԑɹoʍsǝɹ‬"},{"$i":"browserBrandFullName","$v":"‮Wozıʅʅɐ‬ ‮Ｍǝq‬ ‮Ԑɹoʍsǝɹ‬"},{"$i":"ringtoneBrandName","$v":"‮pǝɟɐnʅʇ‬"},{"$i":"ringtoneSectionBrandName","$v":"‮Sʎsʇǝɯ‬"},{"$i":"ok","$v":"‮OӼ‬"},{"$i":"back","$v":"‮Ԑɐɔʞ‬"},{"$i":"help","$v":"‮Hǝʅd‬"},{"$i":"cancel","$v":"‮Ↄɐuɔǝʅ‬"},{"$i":"close","$v":"‮Ↄʅosǝ‬"},{"$i":"skip","$v":"‮Sʞıd‬"},{"$i":"clear","ariaLabel":"‮Ↄʅǝɐɹ‬"},{"$i":"enable","$v":"‮Ǝuɐqʅǝ‬"},{"$i":"turnOn","$v":"‮⊥nɹu‬ ‮Ou‬"},{"$i":"undo","ariaLabel":"‮∩upo‬"},{"$i":"enterPIN","$v":"‮Ǝuʇǝɹ‬ ‮ԀIN‬"},{"$i":"mediaPlaybackTrack","ariaLabel":"‮⊥ɹɐɔʞ‬ ‮ʇıʇʅǝ‬ ‮ɐup‬ ‮ɐɹʇısʇ‬"},{"$i":"mediaPlaybackControls","ariaLabel":"‮Ԁʅɐʎqɐɔʞ‬ ‮ɔouʇɹoʅs‬"},{"$i":"mediaPlaybackPrevious","ariaLabel":"‮Ԁɹǝʌıons‬"},{"$i":"mediaPlaybackPlay","ariaLabel":"‮Ԁʅɐʎ‬"},{"$i":"mediaPlaybackPause","ariaLabel":"‮Ԁɐnsǝ‬"},{"$i":"mediaPlaybackNext","ariaLabel":"‮Nǝxʇ‬"},{"$i":"UnknownTrack","$v":"‮∩uʞuoʍu‬ ‮ʇɹɐɔʞ‬"},{"$i":"quick-settings-wifiButton-on","ariaLabel":"‮Ｍı‬-‮ɟı‬ ‮ou‬"},{"$i":"quick-settings-wifiButton-on-initializing","ariaLabel":"‮Ｍı‬-‮ɟı‬ ‮ou‬, ‮ıuıʇıɐʅızıuƃ‬"},{"$i":"quick-settings-wifiButton-off","ariaLabel":"‮Ｍı‬-‮ɟı‬ ‮oɟɟ‬"},{"$i":"quick-settings-dataButton-on","ariaLabel":{"$v":["‮pɐʇɐ‬ ",{"t":"idOrVar","v":"type"}," ‮ou‬"]}},{"$i":"quick-settings-dataButton-off","ariaLabel":{"$v":["‮pɐʇɐ‬ ",{"t":"idOrVar","v":"type"}," ‮oɟɟ‬"]}},{"$i":"quick-settings-bluetoothButton-on","ariaLabel":"‮Ԑʅnǝʇooʇɥ‬ ‮ou‬"},{"$i":"quick-settings-bluetoothButton-on-initializing","ariaLabel":"‮Ԑʅnǝʇooʇɥ‬ ‮ou‬, ‮ıuıʇıɐʅızıuƃ‬"},{"$i":"quick-settings-bluetoothButton-off","ariaLabel":"‮Ԑʅnǝʇooʇɥ‬ ‮oɟɟ‬"},{"$i":"quick-settings-airplaneMode-on","ariaLabel":"‮∀ıɹdʅɐuǝ‬ ‮ɯopǝ‬ ‮ou‬"},{"$i":"quick-settings-airplaneMode-off","ariaLabel":"‮∀ıɹdʅɐuǝ‬ ‮ɯopǝ‬ ‮oɟɟ‬"},{"$i":"settingsButton","ariaLabel":"‮Sǝʇʇıuƃs‬"},{"$i":"utilityTray","ariaLabel":"‮∩ʇıʅıʇʎ‬ ‮ʇɹɐʎ‬"},{"$i":"simLabel","$v":["‮SIW‬ ",{"t":"idOrVar","v":"id"}]},{"$i":"statusbarOperator","$v":[{"t":"idOrVar","v":"date"},", ",{"t":"idOrVar","v":"operator"}]},{"$i":"statusbarDateFormat","$v":"%b %e"},{"$i":"statusbar","ariaLabel":"‮Sʇɐʇns‬ ‮Ԑɐɹ‬"},{"$i":"statusbarBattery","ariaLabel":{"$v":["‮Ԑɐʇʇǝɹʎ‬ ",{"t":"idOrVar","v":"level"}," ‮dǝɹɔǝuʇ‬"]}},{"$i":"statusbarBatteryCharging","ariaLabel":{"$v":["‮Ԑɐʇʇǝɹʎ‬ ",{"t":"idOrVar","v":"level"}," ‮dǝɹɔǝuʇ‬, ‮ɔɥɐɹƃıuƃ‬"]}},{"$i":"statusbarAirplaneMode","ariaLabel":"‮∀ıɹdʅɐuǝ‬ ‮ɯopǝ‬ ‮ou‬"},{"$i":"statusbarWiFiConnecting","ariaLabel":"‮Ｍı‬-‮ɟı‬: ‮ɔouuǝɔʇıuƃ‬"},{"$i":"statusbarWiFiConnected","ariaLabel":{"$v":["‮Ｍı‬-‮ɟı‬: ",{"t":"idOrVar","v":"level"}," ‮oɟ‬ 4 ‮qɐɹs‬"]}},{"$i":"statusbarSignal","ariaLabel":{"$v":[{"t":"idOrVar","v":"operator"}," ‮uǝʇʍoɹʞ‬, ",{"t":"idOrVar","v":"level"}," ‮oɟ‬ 5 ‮qɐɹs‬"]}},{"$i":"statusbarSignalRoaming","ariaLabel":{"$v":[{"t":"idOrVar","v":"operator"}," ‮uǝʇʍoɹʞ‬ (‮ɹoɐɯıuƃ‬), ",{"t":"idOrVar","v":"level"}," ‮oɟ‬ 5 ‮qɐɹs‬"]}},{"$i":"statusbarSignalNoneSearching","ariaLabel":"‮Sǝɐɹɔɥıuƃ‬… ‮Ǝɯǝɹƃǝuɔʎ‬ ‮ɔɐʅʅs‬ ‮ouʅʎ‬"},{"$i":"statusbarEmergencyCallsOnly","ariaLabel":"‮Ǝɯǝɹƃǝuɔʎ‬ ‮ɔɐʅʅ‬ ‮ouʅʎ‬"},{"$i":"statusbarSignalNoSimCard","ariaLabel":"‮No‬ ‮SIW‬ ‮ɔɐɹp‬"},{"$i":"statusbarHeadphone","ariaLabel":"‮Hǝɐpdɥouǝs‬ ‮ou‬"},{"$i":"statusbarBluetoothHeadphone","ariaLabel":"‮Ԑʅnǝʇooʇɥ‬ ‮ɥǝɐpdɥouǝs‬ ‮ou‬"},{"$i":"statusbarBluetoothTransfer","ariaLabel":"‮Ԑʅnǝʇooʇɥ‬ ‮ʇɹɐusɟǝɹ‬ ‮ɐɔʇıʌǝ‬"},{"$i":"statusbarIconOn-tethering","ariaLabel":"‮⊥ǝʇɥǝɹıuƃ‬ ‮ou‬"},{"$i":"statusbarIconOnActive-tethering","ariaLabel":"‮⊥ǝʇɥǝɹıuƃ‬ ‮ou‬, ‮ɐɔʇıʌǝ‬"},{"$i":"statusbarAlarm","ariaLabel":"‮∀ʅɐɹɯ‬ ‮ou‬"},{"$i":"statusbarIconOn-bluetooth","ariaLabel":"‮Ԑʅnǝʇooʇɥ‬ ‮ou‬"},{"$i":"statusbarIconOnActive-bluetooth","ariaLabel":"‮Ԑʅnǝʇooʇɥ‬ ‮ou‬, ‮ɐɔʇıʌǝ‬"},{"$i":"statusbarIconOn-mute","ariaLabel":"‮Wnʇǝ‬ ‮ou‬"},{"$i":"statusbarIconOn-vibration","ariaLabel":"‮Ʌıqɹɐʇıou‬ ‮ou‬"},{"$i":"statusbarRecording","ariaLabel":"‮ᴚǝɔoɹpıuƃ‬ ‮ou‬"},{"$i":"statusbarGeolocation","ariaLabel":"‮פǝoʅoɔɐʇıou‬ ‮ou‬"},{"$i":"statusbarUsb","ariaLabel":"‮∩SԐ‬ ‮ou‬"},{"$i":"statusbarCallForwarding","$v":"‮Ↄɐʅʅ‬ ‮ɟoɹʍɐɹpıuƃ‬ ‮ou‬"},{"$i":"statusbarPlaying","ariaLabel":"‮Wǝpıɐ‬ ‮dʅɐʎıuƃ‬"},{"$i":"statusbarNfc","ariaLabel":"‮NɟↃ‬ ‮ou‬"},{"$i":"statusbarDownload","ariaLabel":"‮poʍuʅoɐpıuƃ‬…"},{"$i":"statusbarNetworkActivity","ariaLabel":"‮Nǝʇʍoɹʞıuƃ‬ ‮ou‬"},{"$i":"statusbarEmergencyCallback","ariaLabel":"‮Ǝɯǝɹƃǝuɔʎ‬ ‮ɔɐʅʅqɐɔʞ‬"},{"$i":"statusbarNotifications","$v":{"one":[{"t":"idOrVar","v":"n"}," ‮Noʇıɟıɔɐʇıou‬"],"two":[{"t":"idOrVar","v":"n"}," ‮Noʇıɟıɔɐʇıous‬"],"few":[{"t":"idOrVar","v":"n"}," ‮Noʇıɟıɔɐʇıous‬"],"many":[{"t":"idOrVar","v":"n"}," ‮Noʇıɟıɔɐʇıous‬"],"other":[{"t":"idOrVar","v":"n"}," ‮Noʇıɟıɔɐʇıous‬"]},"$x":[{"t":"idOrVar","v":"plural"},"n"]},{"$i":"statusbarNotifications-unread","ariaLabel":{"$v":{"one":[{"t":"idOrVar","v":"n"}," ‮nuɹǝɐp‬ ‮uoʇıɟıɔɐʇıou‬"],"two":[{"t":"idOrVar","v":"n"}," ‮nuɹǝɐp‬ ‮uoʇıɟıɔɐʇıous‬"],"few":[{"t":"idOrVar","v":"n"}," ‮nuɹǝɐp‬ ‮uoʇıɟıɔɐʇıous‬"],"many":[{"t":"idOrVar","v":"n"}," ‮nuɹǝɐp‬ ‮uoʇıɟıɔɐʇıous‬"],"other":[{"t":"idOrVar","v":"n"}," ‮nuɹǝɐp‬ ‮uoʇıɟıɔɐʇıous‬"]},"$x":[{"t":"idOrVar","v":"plural"},"n"]}},{"$i":"statusbarDebugging","ariaLabel":"‮pǝqnƃƃıuƃ‬"},{"$i":"notifications","$v":"‮Noʇıɟıɔɐʇıous‬"},{"$i":"clear-all","$v":"‮Ↄʅǝɐɹ‬ ‮ɐʅʅ‬"},{"$i":"attentionScreen-tapToShow","$v":"‮⊥ɐd‬ ‮ʇo‬ ‮sɥoʍ‬"},{"$i":"newVoicemails","$v":{"zero":"‮No‬ ‮uǝʍ‬ ‮ʌoıɔǝɯɐıʅ‬","one":"‮Ouǝ‬ ‮uǝʍ‬ ‮ʌoıɔǝɯɐıʅ‬","two":[{"t":"idOrVar","v":"n"}," ‮uǝʍ‬ ‮ʌoıɔǝɯɐıʅs‬"],"few":[{"t":"idOrVar","v":"n"}," ‮uǝʍ‬ ‮ʌoıɔǝɯɐıʅs‬"],"many":[{"t":"idOrVar","v":"n"}," ‮uǝʍ‬ ‮ʌoıɔǝɯɐıʅs‬"],"other":[{"t":"idOrVar","v":"n"}," ‮uǝʍ‬ ‮ʌoıɔǝɯɐıʅs‬"]},"$x":[{"t":"idOrVar","v":"plural"},"n"]},{"$i":"newVoicemailsUnknown","$v":"‮Nǝʍ‬ ‮ʌoıɔǝɯɐıʅ‬"},{"$i":"dialNumber","$v":["‮pıɐʅ‬ ",{"t":"idOrVar","v":"number"}]},{"$i":"voicemailNotificationMultiSim","$v":["(‮SIW‬ ",{"t":"idOrVar","v":"n"},") ",{"t":"idOrVar","v":"title"}]},{"$i":"euRoamingNotificationTitle","$v":"‮Ǝ∩‬ ‮ıuʇǝɹuǝʇ‬ ‮pǝʇǝɔʇǝp‬"},{"$i":"euRoamingNotificationMsg","$v":"‮⊥ɐd‬ ‮ʇo‬ ‮ɔɥɐuƃǝ‬."},{"$i":"confirmNFCConnectBTenabledNameUnknown","$v":"‮∀ɹǝ‬ ‮ʎon‬ ‮snɹǝ‬ ‮ʎon‬ ‮ʍɐuʇ‬ ‮ʇo‬ ‮ɔouuǝɔʇ‬ ‮ʇo‬ ‮ʇɥǝ‬ ‮pǝʌıɔǝ‬?"},{"$i":"confirmNFCConnectBTdisabledNameUnknown","$v":"‮⊥nɹu‬ ‮ou‬ ‮Ԑʅnǝʇooʇɥ‬ ‮ɐup‬ ‮ɔouuǝɔʇ‬ ‮ʇo‬ ‮ʇɥǝ‬ ‮pǝʌıɔǝ‬?"},{"$i":"confirmNFCConnectBTenabledNameKnown","$v":["‮∀ɹǝ‬ ‮ʎon‬ ‮snɹǝ‬ ‮ʎon‬ ‮ʍɐuʇ‬ ‮ʇo‬ ‮ɔouuǝɔʇ‬ ‮ʇo‬ ",{"t":"idOrVar","v":"deviceName"},"?"]},{"$i":"confirmNFCConnectBTdisabledNameKnown","$v":["‮⊥nɹu‬ ‮ou‬ ‮Ԑʅnǝʇooʇɥ‬ ‮ɐup‬ ‮ɔouuǝɔʇ‬ ‮ʇo‬ ",{"t":"idOrVar","v":"deviceName"},"?"]},{"$i":"confirmNFCConnectBTdisabled","$v":"‮⊥nɹu‬ ‮ou‬"},{"$i":"dismissNFCConnectBTdisabled","$v":"‮Ↄɐuɔǝʅ‬"},{"$i":"confirmation","$v":"‮Ↄouɟıɹɯɐʇıou‬"},{"$i":"deviceMenu","$v":"‮Ԁɥouǝ‬"},{"$i":"airplane","$v":"‮⊥nɹu‬ ‮ou‬ ‮ɐıɹdʅɐuǝ‬ ‮ɯopǝ‬"},{"$i":"airplaneOff","$v":"‮⊥nɹu‬ ‮oɟɟ‬ ‮ɐıɹdʅɐuǝ‬ ‮ɯopǝ‬"},{"$i":"silent","$v":"‮Sıʅǝuɔǝ‬ ‮ıuɔoɯıuƃ‬ ‮ɔɐʅʅs‬"},{"$i":"normal","$v":"‮ᴚıuƃ‬ ‮ıuɔoɯıuƃ‬ ‮ɔɐʅʅs‬"},{"$i":"restart","$v":"‮ᴚǝsʇɐɹʇ‬"},{"$i":"power","$v":"‮Ԁoʍǝɹ‬ ‮oɟɟ‬"},{"$i":"no-recent-app-windows","$v":"‮ʎonɹ‬ ‮ɹǝɔǝuʇ‬ ‮ɐdd‬ ‮ʍıupoʍs‬ ‮sɥoʍ‬ ‮nd‬ ‮ɥǝɹǝ‬"},{"$i":"no-recent-browser-windows","$v":"‮ʎonɹ‬ ‮ɹǝɔǝuʇ‬ ‮qɹoʍsǝɹ‬ ‮ʍıupoʍs‬ ‮sɥoʍ‬ ‮nd‬ ‮ɥǝɹǝ‬"},{"$i":"closeCard","ariaLabel":"‮Ↄʅosǝ‬"},{"$i":"openCard","ariaLabel":"‮Odǝu‬"},{"$i":"yes","$v":"‮ʎǝs‬"},{"$i":"no","$v":"‮No‬"},{"$i":"dontallow","$v":"‮pou‬’‮ʇ‬ ‮ɐʅʅoʍ‬"},{"$i":"allow","$v":"‮∀ʅʅoʍ‬"},{"$i":"dontshare-geolocation","$v":"‮pou‬’‮ʇ‬ ‮Sɥɐɹǝ‬"},{"$i":"share-geolocation","$v":"‮Sɥɐɹǝ‬"},{"$i":"dontshare-audio-capture","$v":"‮pou‬’‮ʇ‬ ‮Sɥɐɹǝ‬"},{"$i":"share-audio-capture","$v":"‮Sɥɐɹǝ‬"},{"$i":"dontshare-video-capture","$v":"‮pou‬’‮ʇ‬ ‮Sɥɐɹǝ‬"},{"$i":"share-video-capture","$v":"‮Sɥɐɹǝ‬"},{"$i":"dontshare-media-capture","$v":"‮pou‬’‮ʇ‬ ‮Sɥɐɹǝ‬"},{"$i":"share-media-capture","$v":"‮Sɥɐɹǝ‬"},{"$i":"device-front","$v":"‮ɟɹouʇ‬ ‮Ↄɐɯǝɹɐ‬"},{"$i":"device-back","$v":"‮Ԑɐɔʞ‬ ‮Ↄɐɯǝɹɐ‬"},{"$i":"remember-my-choice","$v":"‮ᴚǝɯǝɯqǝɹ‬ ‮ɯʎ‬ ‮ɔɥoıɔǝ‬"},{"$i":"more-info","$v":"‮Woɹǝ‬ ‮ıuɟo‬…"},{"$i":"hide-info","$v":"‮Hıpǝ‬ ‮ıuɟo‬"},{"$i":"install-app","$v":["‮Iusʇɐʅʅ‬ ",{"t":"idOrVar","v":"name"},"?"]},{"$i":"size","$v":"‮Sızǝ‬"},{"$i":"author","$v":"‮∀nʇɥoɹ‬"},{"$i":"size-unknown","$v":"‮∩uʞuoʍu‬"},{"$i":"author-unknown","$v":"‮∩uʞuoʍu‬"},{"$i":"install","$v":"‮Iusʇɐʅʅ‬"},{"$i":"bytes","$v":"‮qʎʇǝs‬"},{"$i":"kB","$v":"‮ӼԐ‬"},{"$i":"MB","$v":"‮WԐ‬"},{"$i":"GB","$v":"‮פԐ‬"},{"$i":"TB","$v":"‮⊥Ԑ‬"},{"$i":"PB","$v":"‮ԀԐ‬"},{"$i":"app-install-generic-error","$v":[{"t":"idOrVar","v":"appName"}," ‮poʍuʅoɐp‬ ‮sʇoddǝp‬"]},{"$i":"app-install-download-failed","$v":[{"t":"idOrVar","v":"appName"}," ‮poʍuʅoɐp‬ ‮ɟɐıʅǝp‬"]},{"$i":"app-install-install-failed","$v":[{"t":"idOrVar","v":"appName"}," ‮ıusʇɐʅʅ‬ ‮ɟɐıʅǝp‬"]},{"$i":"cancelling-will-not-refund","$v":"‮Ↄɐuɔǝʅʅıuƃ‬ ‮ʍıʅʅ‬ ‮uoʇ‬ ‮ɹǝɟnup‬ ‮ɐ‬ ‮dnɹɔɥɐsǝ‬. ‮ᴚǝɟnups‬ ‮ɟoɹ‬ ‮dɐıp‬ ‮ɔouʇǝuʇ‬ ‮ɐɹǝ‬ ‮dɹoʌıpǝp‬ ‮qʎ‬ ‮ʇɥǝ‬ ‮oɹıƃıuɐʅ‬ ‮sǝʅʅǝɹ‬."},{"$i":"apps-can-be-installed-later","$v":"‮∀dds‬ ‮ɔɐu‬ ‮qǝ‬ ‮ıusʇɐʅʅǝp‬ ‮ʅɐʇǝɹ‬ ‮ɟɹoɯ‬ ‮ʇɥǝ‬ ‮oɹıƃıuɐʅ‬ ‮ıusʇɐʅʅɐʇıou‬ ‮sonɹɔǝ‬."},{"$i":"are-you-sure-you-want-to-cancel","$v":"‮∀ɹǝ‬ ‮ʎon‬ ‮snɹǝ‬ ‮ʎon‬ ‮ʍɐuʇ‬ ‮ʇo‬ ‮ɔɐuɔǝʅ‬ ‮ʇɥıs‬ ‮ıusʇɐʅʅ‬?"},{"$i":"cancel-install","$v":"‮Ↄɐuɔǝʅ‬ ‮Iusʇɐʅʅ‬"},{"$i":"cancel-install-button","$v":"‮Ↄɐuɔǝʅ‬ ‮Iusʇɐʅʅ‬"},{"$i":"resume","$v":"‮ᴚǝsnɯǝ‬"},{"$i":"continue","$v":"‮Ↄouʇıunǝ‬"},{"$i":"stopDownloading","$v":["‮Sʇod‬ ‮poʍuʅoɐpıuƃ‬ ",{"t":"idOrVar","v":"app"},"?"]},{"$i":"app-download-can-be-restarted","$v":"‮⊥ɥǝ‬ ‮poʍuʅoɐp‬ ‮ɔɐu‬ ‮qǝ‬ ‮ɹǝsʇɐɹʇǝp‬ ‮ʅɐʇǝɹ‬."},{"$i":"app-download-stop-button","$v":"‮Sʇod‬ ‮poʍuʅoɐp‬"},{"$i":"not-enough-space","$v":"‮Noʇ‬ ‮ǝuonƃɥ‬ ‮sdɐɔǝ‬"},{"$i":"not-enough-space-message","$v":"‮⊥ɥǝɹǝ‬ ‮ıs‬ ‮uoʇ‬ ‮ǝuonƃɥ‬ ‮sdɐɔǝ‬ ‮ʇo‬ ‮ıusʇɐʅʅ‬ ‮ʇɥıs‬ ‮ɐdd‬. ‮ɟɹǝǝ‬ ‮nd‬ ‮sdɐɔǝ‬ ‮qʎ‬ ‮pǝʅǝʇıuƃ‬ ‮oʅp‬ ‮ɐdds‬ ‮oɹ‬ ‮ɯǝpıɐ‬, ‮ɐup‬ ‮ʇɹʎ‬ ‮ıusʇɐʅʅıuƃ‬ ‮ɐƃɐıu‬ ‮ɟɹoɯ‬ ‮ʇɥǝ‬ ‮oɹıƃıuɐʅ‬ ‮sonɹɔǝ‬."},{"$i":"app-install-success","$v":[{"t":"idOrVar","v":"appName"}," ‮ıusʇɐʅʅǝp‬"]},{"$i":"langpack-install-success2","$v":[{"t":"idOrVar","v":"appName"}," ‮ıusʇɐʅʅǝp‬. ‮פo‬ ‮ʇo‬ ‮Sǝʇʇıuƃs‬ > ‮˥ɐuƃnɐƃǝ‬ ‮ʇo‬ ‮ǝuɐqʅǝ‬ ‮ıʇ‬."]},{"$i":"setup","$v":"‮Sǝʇnd‬"},{"$i":"ime-addkeyboards","$v":"‮∀pp‬ ‮ʞǝʎqoɐɹps‬"},{"$i":"later","$v":"‮˥ɐʇǝɹ‬"},{"$i":"download","$v":"‮poʍuʅoɐp‬"},{"$i":"wantToDownload","$v":"‮poʍuʅoɐp‬ ‮ndpɐʇǝ‬ ‮uoʍ‬?"},{"$i":"wantToInstallNow","$v":"‮po‬ ‮ʎon‬ ‮ʍɐuʇ‬ ‮ʇo‬ ‮ıusʇɐʅʅ‬ ‮ʇɥǝ‬ ‮ndpɐʇǝ‬ ‮uoʍ‬? ‮ʎon‬ ‮ʍıʅʅ‬ ‮uoʇ‬ ‮qǝ‬ ‮ɐqʅǝ‬ ‮ʇo‬ ‮nsǝ‬ ‮ʎonɹ‬ ‮dɥouǝ‬ ‮ɟoɹ‬ ‮ɐ‬ ‮ɟǝʍ‬ ‮ɯıunʇǝs‬."},{"$i":"installNow","$v":"‮Iusʇɐʅʅ‬ ‮Noʍ‬"},{"$i":"notNow","$v":"‮Noʇ‬ ‮Noʍ‬"},{"$i":"downloadingUpdateMessage","innerHTML":{"$v":["‮poʍuʅoɐpıuƃ‬ ‮ndpɐʇǝs‬… <span>",{"t":"idOrVar","v":"progress"}," ‮poʍuʅoɐpǝp‬.</span>"]}},{"$i":"downloadingAppMessage","$v":["‮poʍuʅoɐpıuƃ‬ ",{"t":"idOrVar","v":"appName"}]},{"$i":"downloadingAppProgressNoMax","$v":[{"t":"idOrVar","v":"progress"}," ‮poʍuʅoɐpǝp‬"]},{"$i":"downloadingAppProgressIndeterminate","$v":"‮poʍuʅoɐpıuƃ‬"},{"$i":"downloadingAppProgress","$v":[{"t":"idOrVar","v":"progress"}," / ",{"t":"idOrVar","v":"max"}," ‮poʍuʅoɐpǝp‬"]},{"$i":"cancelAllDownloads","$v":"‮Ↄɐuɔǝʅ‬ ‮ɐʅʅ‬ ‮poʍuʅoɐps‬"},{"$i":"wantToCancelAll","$v":"‮∀ɹǝ‬ ‮ʎon‬ ‮snɹǝ‬ ‮ʎon‬ ‮ʍɐuʇ‬ ‮ʇo‬ ‮ɔɐuɔǝʅ‬ ‮ɐʅʅ‬ ‮poʍuʅoɐps‬?"},{"$i":"downloadError","$v":"‮⊥ɥǝɹǝ‬ ‮ʍɐs‬ ‮ɐu‬ ‮ǝɹɹoɹ‬ ‮ʍɥıʅǝ‬ ‮poʍuʅoɐpıuƃ‬ ‮ʇɥǝ‬ ‮ndpɐʇǝs‬."},{"$i":"updateAvailableInfo","innerHTML":{"$v":{"one":[{"t":"idOrVar","v":"n"}," ‮ndpɐʇǝ‬ ‮ɐʌɐıʅɐqʅǝ‬. <span>‮⊥ɐd‬ ‮ɟoɹ‬ ‮ɯoɹǝ‬ ‮ıuɟo‬.</span>"],"two":[{"t":"idOrVar","v":"n"}," ‮ndpɐʇǝs‬ ‮ɐʌɐıʅɐqʅǝ‬. <span>‮⊥ɐd‬ ‮ɟoɹ‬ ‮ɯoɹǝ‬ ‮ıuɟo‬.</span>"],"few":[{"t":"idOrVar","v":"n"}," ‮ndpɐʇǝs‬ ‮ɐʌɐıʅɐqʅǝ‬. <span>‮⊥ɐd‬ ‮ɟoɹ‬ ‮ɯoɹǝ‬ ‮ıuɟo‬.</span>"],"many":[{"t":"idOrVar","v":"n"}," ‮ndpɐʇǝs‬ ‮ɐʌɐıʅɐqʅǝ‬. <span>‮⊥ɐd‬ ‮ɟoɹ‬ ‮ɯoɹǝ‬ ‮ıuɟo‬.</span>"],"other":[{"t":"idOrVar","v":"n"}," ‮ndpɐʇǝs‬ ‮ɐʌɐıʅɐqʅǝ‬. <span>‮⊥ɐd‬ ‮ɟoɹ‬ ‮ɯoɹǝ‬ ‮ıuɟo‬.</span>"]},"$x":[{"t":"idOrVar","v":"plural"},"n"]}},{"$i":"numberOfUpdates","$v":{"one":[{"t":"idOrVar","v":"n"}," ‮ndpɐʇǝ‬ ‮ɐʌɐıʅɐqʅǝ‬"],"two":[{"t":"idOrVar","v":"n"}," ‮ndpɐʇǝs‬ ‮ɐʌɐıʅɐqʅǝ‬"],"few":[{"t":"idOrVar","v":"n"}," ‮ndpɐʇǝs‬ ‮ɐʌɐıʅɐqʅǝ‬"],"many":[{"t":"idOrVar","v":"n"}," ‮ndpɐʇǝs‬ ‮ɐʌɐıʅɐqʅǝ‬"],"other":[{"t":"idOrVar","v":"n"}," ‮ndpɐʇǝs‬ ‮ɐʌɐıʅɐqʅǝ‬"]},"$x":[{"t":"idOrVar","v":"plural"},"n"]},{"$i":"systemUpdate","$v":"‮Sʎsʇǝɯ‬ ‮ndpɐʇǝ‬"},{"$i":"systemUpdateReady","$v":"‮Sʎsʇǝɯ‬ ‮∩dpɐʇǝ‬ ‮ᴚǝɐpʎ‬"},{"$i":"systemUpdateLowBatteryThreshold","$v":["‮ʎon‬ ‮uǝǝp‬ ‮ɐʇ‬ ‮ʅǝɐsʇ‬ ",{"t":"idOrVar","v":"threshold"},"% ‮qɐʇʇǝɹʎ‬ ‮ʅǝʌǝʅ‬ ‮ʇo‬ ‮ıusʇɐʅʅ‬ ‮ʇɥǝ‬ ‮ndpɐʇǝ‬."]},{"$i":"required","$v":"‮ᴚǝbnıɹǝp‬"},{"$i":"uncompressingMessage","innerHTML":"‮∩uɔoɯdɹǝssıuƃ‬… <span>‮⊥ɥıs‬ ‮ɔɐu‬ ‮ʇɐʞǝ‬ ‮ɐ‬ ‮ɟǝʍ‬ ‮ɯıunʇǝs‬.</span>"},{"$i":"downloadWifiPrioritizedUsing2G","$v":"‮∩dpɐʇǝs‬ ‮ɐɹǝ‬ ‮poʍuʅoɐpǝp‬ ‮ʌıɐ‬ ‮pɐʇɐ‬ ‮ɔouuǝɔʇıou‬ ‮ʍɥǝu‬ ‮Ｍı‬-‮ɟı‬ ‮ıs‬ ‮uoʇ‬ ‮ɐʌɐıʅɐqʅǝ‬. ‮Ｍɥǝu‬ ‮nsıuƃ‬ ‮pɐʇɐ‬ ‮ɔouuǝɔʇıou‬, ‮dɥouǝ‬ ‮ɔɐʅʅs‬ ‮ɯɐʎ‬ ‮qǝ‬ ‮qʅoɔʞǝp‬ ‮ɐup‬ ‮ɐppıʇıouɐʅ‬ ‮ɔɥɐɹƃǝs‬ ‮ɯɐʎ‬ ‮ɐʅso‬ ‮ɐddʅʎ‬."},{"$i":"downloadWifiPrioritized3","$v":"‮∩dpɐʇǝs‬ ‮ɐɹǝ‬ ‮poʍuʅoɐpǝp‬ ‮ʌıɐ‬ ‮pɐʇɐ‬ ‮ɔouuǝɔʇıou‬ ‮ʍɥǝu‬ ‮Ｍı‬-‮ɟı‬ ‮ıs‬ ‮uoʇ‬ ‮ɐʌɐıʅɐqʅǝ‬. ‮Ｍɥǝu‬ ‮nsıuƃ‬ ‮pɐʇɐ‬ ‮ɔouuǝɔʇıou‬, ‮ɐppıʇıouɐʅ‬ ‮ɔɥɐɹƃǝs‬ ‮ɯɐʎ‬ ‮ɐddʅʎ‬."},{"$i":"downloadNoWifiWarning","$v":"‮Ｍı‬-‮ɟı‬ ‮nuɐʌɐıʅɐqʅǝ‬. ‮∩dpɐʇıuƃ‬ ‮oʌǝɹ‬ ‮ɔnɹɹǝuʇ‬ ‮ɔouuǝɔʇıou‬ ‮ɯɐʎ‬ ‮ıuɔnɹ‬ ‮ɐppıʇıouɐʅ‬ ‮ɔɥɐɹƃǝs‬."},{"$i":"downloadOfflineWarning2","$v":"‮Ↄouuǝɔʇ‬ ‮ʇo‬ ‮ɐ‬ ‮uǝʇʍoɹʞ‬ ‮ʇo‬ ‮poʍuʅoɐp‬ ‮ndpɐʇǝs‬."},{"$i":"downloadUpdatesViaDataConnection","$v":"‮poʍuʅoɐp‬ ‮ndpɐʇǝs‬ ‮ʌıɐ‬ ‮pɐʇɐ‬ ‮ɔouuǝɔʇıou‬?"},{"$i":"downloadUpdatesVia2GForbidden3","$v":"‮poʍuʅoɐpıuƃ‬ ‮ndpɐʇǝs‬ ‮ıs‬ ‮uoʇ‬ ‮dossıqʅǝ‬ ‮ou‬ ‮sʅoʍ‬ ‮ɔouuǝɔʇıous‬ (2‮פ‬). ‮Ԁʅǝɐsǝ‬ ‮ɔouuǝɔʇ‬ ‮ʌıɐ‬ ‮Ｍı‬-‮ɟı‬ ‮oɹ‬ 3‮פ‬ (‮ıɟ‬ ‮ɐʌɐıʅɐqʅǝ‬) ‮ɐup‬ ‮ʇɹʎ‬ ‮ɐƃɐıu‬."},{"$i":"downloadUpdatesViaDataConnectionMessage3","$v":"‮Ｍɥǝu‬ ‮nsıuƃ‬ ‮ɐ‬ ‮pɐʇɐ‬ ‮ɔouuǝɔʇıou‬, ‮ɐppıʇıouɐʅ‬ ‮ɔosʇs‬ ‮ɯɐʎ‬ ‮ɐddʅʎ‬. ‮po‬ ‮ʎon‬ ‮ʍɐuʇ‬ ‮ʇo‬ ‮ɔouʇıunǝ‬?"},{"$i":"downloadUpdatesViaDataRoamingConnection","$v":"‮poʍuʅoɐp‬ ‮ndpɐʇǝs‬ ‮ʌıɐ‬ ‮pɐʇɐ‬ ‮ɹoɐɯıuƃ‬?"},{"$i":"downloadUpdatesViaDataRoamingConnectionMessage","$v":"‮ʎon‬ ‮ɐɹǝ‬ ‮ɔnɹɹǝuʇʅʎ‬ ‮ɹoɐɯıuƃ‬ ‮ɐup‬ ‮ɐppıʇıouɐʅ‬ ‮ɔɥɐɹƃǝs‬ ‮ɯɐʎ‬ ‮ɐddʅʎ‬. ‮po‬ ‮ʎon‬ ‮ʍɐuʇ‬ ‮ʇo‬ ‮ɔouʇıunǝ‬?"},{"$i":"screenshotSaved","$v":"‮Sɔɹǝǝusɥoʇ‬ ‮sɐʌǝp‬ ‮ʇo‬ ‮פɐʅʅǝɹʎ‬"},{"$i":"screenshotFailed","$v":"‮⊥ɥǝ‬ ‮sɔɹǝǝusɥoʇ‬ ‮ɔonʅp‬ ‮uoʇ‬ ‮qǝ‬ ‮sɐʌǝp‬"},{"$i":"screenshotNoSDCard","$v":"‮No‬ ‮ɯǝɯoɹʎ‬ ‮ɔɐɹp‬ ‮ɟonup‬"},{"$i":"screenshotSDCardInUse","$v":"‮Wǝɯoɹʎ‬ ‮ɔɐɹp‬ ‮ıs‬ ‮ıu‬ ‮nsǝ‬"},{"$i":"screenshotSDCardLow","$v":"‮Noʇ‬ ‮ǝuonƃɥ‬ ‮sdɐɔǝ‬ ‮ou‬ ‮ɯǝɯoɹʎ‬ ‮ɔɐɹp‬"},{"$i":"logsSavedHeader","$v":"‮pǝʌıɔǝ‬ ‮ʅoƃs‬ ‮sɐʌǝp‬"},{"$i":"logsSavedBody","$v":"‮⊥ɐd‬ ‮ʇo‬ ‮sɥɐɹǝ‬ ‮ʅoƃs‬"},{"$i":"logsSaveError","$v":"‮Ǝɹɹoɹ‬ ‮ʍɥıʅǝ‬ ‮sɐʌıuƃ‬ ‮ʅoƃs‬"},{"$i":"logsShareError","$v":"‮Ǝɹɹoɹ‬ ‮ʍɥıʅǝ‬ ‮sɥɐɹıuƃ‬ ‮ʅoƃs‬"},{"$i":"logsSaving","$v":"‮Ↄɐdʇnɹıuƃ‬ ‮ʅoƃs‬…"},{"$i":"logsOperationFailed","$v":["‮Odǝɹɐʇıou‬ ",{"t":"idOrVar","v":"operation"}," ‮ɟɐıʅǝp‬."]},{"$i":"logsGenericError","$v":"‮∩uǝxdǝɔʇǝp‬ ‮ǝɹɹoɹ‬ ‮oɔɔnɹɹǝp‬."},{"$i":"logsSDCardMaybeShared","$v":"‮Wɐʞǝ‬ ‮snɹǝ‬ ‮ʎonɹ‬ ‮Sp‬ ‮ɔɐɹp‬ ‮ıs‬ ‮uoʇ‬ ‮sɥɐɹǝp‬ ‮ʍıʇɥ‬ ‮ʎonɹ‬ ‮ɔoɯdnʇǝɹ‬."},{"$i":"logsNotFoundError","$v":"‮∀ʇ‬ ‮ʅǝɐsʇ‬ ‮ouǝ‬ ‮ʅoƃ‬ ‮ɟıʅǝ‬ ‮ɔonʅp‬ ‮uoʇ‬ ‮qǝ‬ ‮ɹǝɐp‬ ‮ɟɹoɯ‬ ‮ʇɥǝ‬ ‮ɟıʅǝsʎsʇǝɯ‬."},{"$i":"emergency-call-button","$v":"‮Ǝɯǝɹƃǝuɔʎ‬ ‮Ↄɐʅʅ‬"},{"$i":"emergency-call","$v":"‮Ǝɯǝɹƃǝuɔʎ‬ ‮Ↄɐʅʅ‬"},{"$i":"unlock-a11y-button","ariaLabel":"‮∩uʅoɔʞ‬"},{"$i":"camera-a11y-button","ariaLabel":"‮Ↄɐɯǝɹɐ‬"},{"$i":"longDateFormat","$v":"%A, %B %e"},{"$i":"panel-passcode","ariaLabel":"‮Ԁɐssɔopǝ‬ ‮dɐuǝʅ‬"},{"$i":"open-notification","$v":"‮odǝu‬"},{"$i":"softwareHomeButton","ariaLabel":"‮Hoɯǝ‬"},{"$i":"login","$v":"‮Sıƃu‬ ‮ıu‬"},{"$i":"sign-in-to-website","$v":"‮Sıƃu‬ ‮ıu‬ ‮ʇo‬ ‮ʍǝqsıʇǝ‬"},{"$i":"username","$v":"‮∩sǝɹuɐɯǝ‬"},{"$i":"password","$v":"‮Ԁɐssʍoɹp‬"},{"$i":"http-authentication-message2","$v":["‮⊥ɥǝ‬ ‮ʍǝqsıʇǝ‬ ",{"t":"idOrVar","v":"host"}," ‮ɹǝbnıɹǝs‬ ‮ʎon‬ ‮ʇo‬ ‮sıƃu‬ ‮ıu‬."]},{"$i":"error-message","$v":[{"t":"idOrVar","v":"name"}," ‮ıs‬ ‮uoʇ‬ ‮ʅoɐpıuƃ‬ ‮dɹodǝɹʅʎ‬"]},{"$i":"error-title","$v":[{"t":"idOrVar","v":"name"}," ‮ıs‬ ‮ɥɐʌıuƃ‬ ‮dɹoqʅǝɯs‬"]},{"$i":"unable-to-connect","$v":"‮∩uɐqʅǝ‬ ‮ʇo‬ ‮ɔouuǝɔʇ‬"},{"$i":"tap-to-check-settings","$v":"‮⊥ɐd‬ ‮ʇo‬ ‮ɔɥǝɔʞ‬ ‮sǝʇʇıuƃs‬"},{"$i":"delete-title","$v":["‮pǝʅǝʇǝ‬ ",{"t":"idOrVar","v":"name"}]},{"$i":"delete-body","$v":[{"t":"idOrVar","v":"name"}," ‮ɐup‬ ‮ɐʅʅ‬ ‮oɟ‬ ‮ıʇs‬ ‮pɐʇɐ‬ ‮ʍıʅʅ‬ ‮qǝ‬ ‮pǝʅǝʇǝp‬."]},{"$i":"delete","$v":"‮pǝʅǝʇǝ‬"},{"$i":"unrecoverable-error-title","$v":"‮ᴚǝɯoʌǝ‬ ‮∀ddʅıɔɐʇıou‬"},{"$i":"unrecoverable-error-body","$v":"‮Ↄɐuuoʇ‬ ‮ıusʇɐʅʅ‬ ‮ɐddʅıɔɐʇıou‬ ‮pnǝ‬ ‮ʇo‬ ‮ɐu‬ ‮nuɹǝɔoʌǝɹɐqʅǝ‬ ‮ǝɹɹoɹ‬. ‮Ԁʅǝɐsǝ‬ ‮ʇɹʎ‬ ‮poʍuʅoɐpıuƃ‬ ‮ɐƃɐıu‬. ‮⊥ɥǝ‬ ‮ɐddʅıɔɐʇıou‬ ‮ʍıʅʅ‬ ‮qǝ‬ ‮ɹǝɯoʌǝp‬."},{"$i":"unrecoverable-error-action","$v":"‮OӼ‬"},{"$i":"data-roaming-enabled-title","$v":"‮⊥nɹu‬ ‮ou‬ ‮pɐʇɐ‬ ‮ɹoɐɯıuƃ‬?"},{"$i":"data-roaming-enabled-warning2","$v":"‮Iu‬ ‮oɹpǝɹ‬ ‮ʇo‬ ‮ɐɔɔǝss‬ ‮ʇɥǝ‬ ‮Iuʇǝɹuǝʇ‬, ‮ʎon‬ ‮uǝǝp‬ ‮ʇo‬ ‮ʇnɹu‬ ‮ou‬ ‮pɐʇɐ‬ ‮ɹoɐɯıuƃ‬. ‮pǝdǝupıuƃ‬ ‮ou‬ ‮ʎonɹ‬ ‮sǝɹʌıɔǝ‬ ‮ɐƃɹǝǝɯǝuʇ‬, ‮ǝxʇɹɐ‬ ‮ɔɥɐɹƃǝs‬ ‮ɯɐʎ‬ ‮ɐddʅʎ‬. ‮po‬ ‮ʎon‬ ‮ʍɐuʇ‬ ‮ʇo‬ ‮ʇnɹu‬ ‮pɐʇɐ‬ ‮ou‬?"},{"$i":"select-time","$v":"‮Sǝʅǝɔʇ‬ ‮ʇıɯǝ‬"},{"$i":"choose-option","$v":"‮Sǝʅǝɔʇ‬"},{"$i":"choose-options","$v":"‮Sǝʅǝɔʇ‬"},{"$i":"select-day","$v":"‮Sǝʅǝɔʇ‬ ‮pɐʎ‬"},{"$i":"battery-almost-empty3","$v":"‮ʎonɹ‬ ‮qɐʇʇǝɹʎ‬ ‮ıs‬ ‮ʅoʍ‬."},{"$i":"plug-in-your-charger","$v":"‮Ԁʅǝɐsǝ‬ ‮dʅnƃ‬ ‮ıu‬ ‮ʎonɹ‬ ‮ɔɥɐɹƃǝɹ‬."},{"$i":"new-window","$v":"‮Nǝʍ‬ ‮ʍıupoʍ‬"},{"$i":"new-private-window","$v":"‮Nǝʍ‬ ‮dɹıʌɐʇǝ‬ ‮ʍıupoʍ‬"},{"$i":"show-windows","$v":"‮Sɥoʍ‬ ‮ʍıupoʍs‬"},{"$i":"add-to-home-screen","$v":"‮∀pp‬ ‮ʇo‬ ‮ɥoɯǝ‬ ‮sɔɹǝǝu‬"},{"$i":"share","$v":"‮Sɥɐɹǝ‬"},{"$i":"crash-dialog2-os","$v":[{"t":"idOrVar","v":"brandShortName"}," ‮ɾnsʇ‬ ‮ɹǝɔoʌǝɹǝp‬ ‮ɟɹoɯ‬ ‮ɐ‬ ‮ɔɹɐsɥ‬"]},{"$i":"crash-dialog-app","$v":[{"t":"idOrVar","v":"name"}," ‮ɾnsʇ‬ ‮ɔɹɐsɥǝp‬"]},{"$i":"crash-dialog-app-noname","$v":"‮Soɯǝʇɥıuƃ‬"},{"$i":"crash-dialog-message","$v":"‮Ｍonʅp‬ ‮ʎon‬ ‮ʅıʞǝ‬ ‮ʇo‬ ‮sǝup‬ ‮Wozıʅʅɐ‬ ‮ɐ‬ ‮ɹǝdoɹʇ‬ ‮ɐqonʇ‬ ‮ʇɥǝ‬ ‮ɔɹɐsɥ‬ ‮ʇo‬ ‮ɥǝʅd‬ ‮ns‬ ‮ɟıx‬ ‮ʇɥǝ‬ ‮dɹoqʅǝɯ‬? (‮ᴚǝdoɹʇs‬ ‮ɐɹǝ‬ ‮sǝuʇ‬ ‮oʌǝɹ‬ ‮Ｍı‬-‮ɟı‬ ‮ouʅʎ‬.)"},{"$i":"crash-info-link","$v":"‮Ｍɥɐʇ‬’‮s‬ ‮ıu‬ ‮ɐ‬ ‮ɔɹɐsɥ‬ ‮ɹǝdoɹʇ‬?"},{"$i":"crash-always-report","$v":"‮∀ʅʍɐʎs‬ ‮sǝup‬ ‮Wozıʅʅɐ‬ ‮ɐ‬ ‮ɹǝdoɹʇ‬ ‮ʍɥǝu‬ ‮ɐ‬ ‮ɔɹɐsɥ‬ ‮oɔɔnɹs‬."},{"$i":"crash-dont-send","$v":"‮pou‬’‮ʇ‬ ‮Sǝup‬"},{"$i":"crash-end","$v":"‮Sǝup‬ ‮ᴚǝdoɹʇ‬"},{"$i":"crashReports","$v":"‮Ↄɹɐsɥ‬ ‮ᴚǝdoɹʇs‬"},{"$i":"done","$v":"‮pouǝ‬"},{"$i":"crash-reports-description-1","$v":"‮∀‬ ‮ɔɹɐsɥ‬ ‮ɹǝdoɹʇ‬ ‮ɔouʇɐıus‬ ‮soɯǝ‬ ‮pǝʇɐıʅs‬ ‮ɐqonʇ‬ ‮ʇɥǝ‬ ‮ɔɹɐsɥ‬ ‮ɐup‬ ‮ʎonɹ‬ ‮pǝʌıɔǝ‬, ‮ɐs‬ ‮ʍǝʅʅ‬ ‮ɐs‬ ‮ɐ‬ ‮suɐdsɥoʇ‬ ‮oɟ‬ ‮ʇɥǝ‬ ‮sʇɐʇǝ‬ ‮oɟ‬ ‮ʎonɹ‬ ‮pǝʌıɔǝ‬ ‮ʍɥǝu‬ ‮ıʇ‬ ‮ɔɹɐsɥǝp‬."},{"$i":"crash-reports-description-2","$v":"‮⊥ɥıs‬ ‮ɯɐʎ‬ ‮ıuɔʅnpǝ‬ ‮ʇɥıuƃs‬ ‮ʅıʞǝ‬ ‮odǝu‬ ‮dɐƃǝs‬ ‮ɐup‬ ‮ɐdds‬, ‮ʇǝxʇ‬ ‮ʇʎdǝp‬ ‮ıuʇo‬ ‮ɟoɹɯs‬ ‮ɐup‬ ‮ʇɥǝ‬ ‮ɔouʇǝuʇ‬ ‮oɟ‬ ‮odǝu‬ ‮ɯǝssɐƃǝs‬, ‮ɹǝɔǝuʇ‬ ‮qɹoʍsıuƃ‬ ‮ɥısʇoɹʎ‬, ‮oɹ‬ ‮ƃǝoʅoɔɐʇıou‬ ‮nsǝp‬ ‮qʎ‬ ‮ɐu‬ ‮odǝu‬ ‮ɐdd‬."},{"$i":"crash-reports-description-3-start","$v":"‮Ｍǝ‬ ‮nsǝ‬ ‮ɔɹɐsɥ‬ ‮ɹǝdoɹʇs‬ ‮ʇo‬ ‮ʇɹʎ‬ ‮ʇo‬ ‮ɟıx‬ ‮dɹoqʅǝɯs‬ ‮ɐup‬ ‮ıɯdɹoʌǝ‬ ‮onɹ‬ ‮dɹopnɔʇs‬. ‮Ｍǝ‬ ‮ɥɐupʅǝ‬ ‮ʎonɹ‬ ‮ıuɟoɹɯɐʇıou‬ ‮ɐs‬ ‮ʍǝ‬ ‮pǝsɔɹıqǝ‬ ‮ıu‬ ‮onɹ‬ "},{"$i":"crash-reports-description-3-privacy","$v":"‮dɹıʌɐɔʎ‬ ‮doʅıɔʎ‬"},{"$i":"crash-reports-description-3-end","$v":"."},{"$i":"crash-banner-os2","$v":[{"t":"idOrVar","v":"brandShortName"}," ‮ɾnsʇ‬ ‮ɔɹɐsɥǝp‬."]},{"$i":"crash-banner-app","$v":[{"t":"idOrVar","v":"name"}," ‮ɾnsʇ‬ ‮ɔɹɐsɥǝp‬."]},{"$i":"crash-banner-report","$v":"‮ᴚǝdoɹʇ‬"},{"$i":"bluetooth-sending-progress","$v":"‮Sǝupıuƃ‬ ‮Ԑʅnǝʇooʇɥ‬ ‮ʇɹɐusɟǝɹ‬…"},{"$i":"bluetooth-receiving-progress","$v":"‮ᴚǝɔǝıʌıuƃ‬ ‮Ԑʅnǝʇooʇɥ‬ ‮ʇɹɐusɟǝɹ‬…"},{"$i":"acceptFileTransfer","$v":"‮∀ɔɔǝdʇ‬ ‮Ԑʅnǝʇooʇɥ‬ ‮ɟıʅǝ‬ ‮ʇɹɐusɟǝɹ‬?"},{"$i":"wantToReceiveFile","innerHTML":{"$v":["<bdi>",{"t":"idOrVar","v":"deviceName"},"</bdi> ‮ʍonʅp‬ ‮ʅıʞǝ‬ ‮ʇo‬ ‮ʇɹɐusɟǝɹ‬ <bdi>",{"t":"idOrVar","v":"fileName"}," (",{"t":"idOrVar","v":"fileSize"},").</bdi>"]}},{"$i":"transfer-confirmation-title","$v":[{"t":"idOrVar","v":"deviceName"}]},{"$i":"transfer-confirmation-description","$v":"‮ᴚǝʌıǝʍ‬ ‮ʇɹɐusɟǝɹ‬ ‮ɹǝbnǝsʇ‬."},{"$i":"deny","$v":"‮pǝuʎ‬"},{"$i":"transfer","$v":"‮⊥ɹɐusɟǝɹ‬"},{"$i":"cancelFileTransfer","$v":"‮Ↄɐuɔǝʅ‬ ‮Ԑʅnǝʇooʇɥ‬ ‮ɟıʅǝ‬ ‮ʇɹɐusɟǝɹ‬?"},{"$i":"continueFileTransfer","$v":"‮Ↄouʇıunǝ‬"},{"$i":"transfer-has-started-title","$v":"‮⊥ɥǝ‬ ‮ʇɹɐusɟǝɹ‬ ‮ɥɐs‬ ‮sʇɐɹʇǝp‬"},{"$i":"transfer-has-started-description","$v":"‮Ↄɥǝɔʞ‬ ‮ʇɥǝ‬ ‮dɹoƃɹǝss‬ ‮ıu‬ ‮Noʇıɟıɔɐʇıou‬ ‮ɔǝuʇǝɹ‬"},{"$i":"transferFinished-sentSuccessful-title","$v":"‮ɟıʅǝ‬ ‮sǝuʇ‬"},{"$i":"transferFinished-receivedSuccessful-title","$v":"‮ɟıʅǝ‬ ‮ɹǝɔǝıʌǝp‬"},{"$i":"transferFinished-sentFailed-title","$v":"‮ɟıʅǝ‬ ‮ɔonʅp‬ ‮uoʇ‬ ‮qǝ‬ ‮sǝuʇ‬"},{"$i":"transferFinished-receivedFailed-title","$v":"‮ɟıʅǝ‬ ‮ɔonʅp‬ ‮uoʇ‬ ‮qǝ‬ ‮ɹǝɔǝıʌǝp‬"},{"$i":"transferFinished-try-again-description","$v":"‮Ↄɐuuoʇ‬ ‮sǝup‬ ‮ɟıʅǝ‬ ‮ɹıƃɥʇ‬ ‮uoʍ‬. ‮Ԁʅǝɐsǝ‬ ‮ʇɹʎ‬ ‮ɐƃɐıu‬ ‮ʅɐʇǝɹ‬."},{"$i":"transferReport-title","$v":"‮⊥ɹɐusɟǝɹ‬ ‮ɹǝdoɹʇ‬:"},{"$i":"transferReport-description","$v":[{"t":"idOrVar","v":"numSuccessful"}," ‮ɟıʅǝs‬ ‮snɔɔǝssɟnʅ‬, ",{"t":"idOrVar","v":"numUnsuccessful"}," ‮ɟıʅǝs‬ ‮nusnɔɔǝssɟnʅ‬"]},{"$i":"unknown-file","$v":"‮∩uʞuoʍu‬ ‮ɟıʅǝ‬"},{"$i":"unknown-device","$v":"‮∩uʞuoʍu‬ ‮pǝʌıɔǝ‬"},{"$i":"cannotOpenFile","$v":"‮Ↄɐu‬ ‮uoʇ‬ ‮odǝu‬ ‮ɹǝɔǝıʌǝp‬ ‮ɟıʅǝ‬"},{"$i":"unknownMediaTypeToOpenFile","$v":["‮Ↄɐu‬ ‮uoʇ‬ ‮odǝu‬ ‮nuʞuoʍu‬ ‮ɯǝpıɐ‬ ‮ʇʎdǝ‬: ",{"t":"idOrVar","v":"fileName"}]},{"$i":"cannotReceiveFile","$v":"‮Ↄɐu‬ ‮uoʇ‬ ‮ɹǝɔǝıʌǝ‬ ‮ɟıʅǝ‬"},{"$i":"cannotGetStorageState","$v":"‮Ↄɐu‬ ‮uoʇ‬ ‮ƃǝʇ‬ ‮pǝʌıɔǝ‬ ‮sʇoɹɐƃǝ‬ ‮sʇɐʇǝ‬."},{"$i":"sdcard-not-exist2","$v":"‮No‬ ‮ɯǝɯoɹʎ‬ ‮ɔɐɹp‬ ‮ɟonup‬. ‮Ԁʅǝɐsǝ‬ ‮ıusǝɹʇ‬ ‮ɐ‬ ‮ɯǝɯoɹʎ‬ ‮ɔɐɹp‬."},{"$i":"sdcard-in-use","$v":"‮Ԑʅnǝʇooʇɥ‬ ‮ɔɐu‬ ‮uoʇ‬ ‮qǝ‬ ‮nsǝp‬ ‮ʍɥıʅǝ‬ ‮dɥouǝ‬ ‮ıs‬ ‮dʅnƃƃǝp‬ ‮ıu‬. ‮Ԁʅǝɐsǝ‬ ‮nudʅnƃ‬ ‮ʇɥǝ‬ ‮dɥouǝ‬ ‮ʇo‬ ‮ɹǝɔǝıʌǝ‬ ‮ɟıʅǝ‬(‮s‬)."},{"$i":"sdcard-no-space2","$v":"‮Ↄɐu‬ ‮uoʇ‬ ‮ɔoɯdʅǝʇǝ‬ ‮ʇɹɐusɟǝɹ‬: ‮ɯǝɯoɹʎ‬ ‮ɔɐɹp‬ ‮ıs‬ ‮ɟnʅʅ‬."},{"$i":"unknown-error","$v":"‮∩uʞuoʍu‬ ‮ǝɹɹoɹ‬"},{"$i":"confirm","$v":"‮Ↄouɟıɹɯ‬"},{"$i":"sdcard-detected-title","$v":"‮Sp‬ ‮ɔɐɹp‬ ‮pǝʇǝɔʇǝp‬"},{"$i":"sdcard-total-size-body","$v":["‮⊥oʇɐʅ‬ ‮sızǝ‬: ",{"t":"idOrVar","v":"size"}," ",{"t":"idOrVar","v":"unit"}]},{"$i":"sdcard-unknown-size-then-tap-to-format-body","$v":"‮∩uʞuoʍu‬ ‮sızǝ‬, ‮ʇɐd‬ ‮ʇo‬ ‮ɟoɹɯɐʇ‬"},{"$i":"sdcard-removed-title","$v":"‮Sp‬ ‮ɔɐɹp‬ ‮ɹǝɯoʌǝp‬"},{"$i":"sdcard-removed-ejected-successfully","$v":"‮Ǝɾǝɔʇǝp‬ ‮snɔɔǝssɟnʅʅʎ‬"},{"$i":"sdcard-removed-not-ejected-properly","$v":"‮Noʇ‬ ‮ǝɾǝɔʇǝp‬ ‮dɹodǝɹʅʎ‬"},{"$i":"microphone-is-on","$v":"‮Wıɔ‬ ‮ıs‬ ‮ou‬"},{"$i":"camera-is-on","$v":"‮Ↄɐɯǝɹɐ‬ ‮ıs‬ ‮ou‬"},{"$i":"media-is-on","$v":"‮Ↄɐɯǝɹɐ‬ & ‮Wıɔ‬ ‮ɐɹǝ‬ ‮ON‬"},{"$i":"noSimCard","$v":"‮No‬ ‮SIW‬ ‮ɔɐɹp‬"},{"$i":"simPin","$v":"‮SIW‬ ‮ԀIN‬"},{"$i":"pukCode","$v":"‮Ԁ∩Ӽ‬ ‮ɔopǝ‬"},{"$i":"nckCode","$v":"‮NↃӼ‬ ‮ɔopǝ‬"},{"$i":"cckCode","$v":"‮ↃↃӼ‬ ‮ɔopǝ‬"},{"$i":"spckCode","$v":"‮SԀↃӼ‬ ‮ɔopǝ‬"},{"$i":"nck1code","$v":"‮NↃӼ‬1 ‮ɔopǝ‬"},{"$i":"nck2code","$v":"‮NↃӼ‬2 ‮ɔopǝ‬"},{"$i":"hnckcode","$v":"‮HNↃӼ‬ ‮ɔopǝ‬"},{"$i":"rcckcode","$v":"‮ᴚↃↃӼ‬ ‮ɔopǝ‬"},{"$i":"rspckcode","$v":"‮ᴚSԀↃӼ‬ ‮ɔopǝ‬"},{"$i":"whatIsSimPin","$v":"‮Ｍɥɐʇ‬ ‮ıs‬ ‮ɐ‬ ‮SIW‬ ‮ԀIN‬?"},{"$i":"simPinIntro1","$v":"‮∀‬ ‮SIW‬ ‮ԀIN‬ ‮dɹǝʌǝuʇs‬ ‮ɐɔɔǝss‬ ‮ʇo‬ ‮ʇɥǝ‬ ‮SIW‬ ‮ɔɐɹp‬ ‮ɔǝʅʅnʅɐɹ‬ ‮pɐʇɐ‬ ‮uǝʇʍoɹʞs‬. ‮Ｍɥǝu‬ ‮ıʇ‬’‮s‬ ‮ǝuɐqʅǝp‬, ‮ɐuʎ‬ ‮pǝʌıɔǝ‬ ‮ɔouʇɐıuıuƃ‬ ‮ʇɥǝ‬ ‮SIW‬ ‮ɔɐɹp‬ ‮ʍıʅʅ‬ ‮ɹǝbnǝsʇ‬ ‮ʇɥǝ‬ ‮ԀIN‬ ‮ndou‬ ‮ɹǝsʇɐɹʇ‬."},{"$i":"simPinIntro2","$v":"‮∀‬ ‮SIW‬ ‮ԀIN‬ ‮ıs‬ ‮uoʇ‬ ‮ʇɥǝ‬ ‮sɐɯǝ‬ ‮ɐs‬ ‮ʇɥǝ‬ ‮dɐssɔopǝ‬ ‮nsǝp‬ ‮ʇo‬ ‮nuʅoɔʞ‬ ‮ʇɥǝ‬ ‮pǝʌıɔǝ‬."},{"$i":"changeSimPin","$v":"‮Ↄɥɐuƃǝ‬ ‮ԀIN‬"},{"$i":"pinTitle","$v":"‮Ǝuʇǝɹ‬ ‮SIW‬ ‮ԀIN‬"},{"$i":"multiSIMpinTitle","$v":["‮Ǝuʇǝɹ‬ ‮SIW‬ ",{"t":"idOrVar","v":"n"}," ‮ԀIN‬"]},{"$i":"pukTitle","$v":"‮Ǝuʇǝɹ‬ ‮Ԁ∩Ӽ‬ ‮ɔopǝ‬"},{"$i":"nckTitle","$v":"‮Ǝuʇǝɹ‬ ‮NↃӼ‬ ‮ɔopǝ‬"},{"$i":"cckTitle","$v":"‮Ǝuʇǝɹ‬ ‮ↃↃӼ‬ ‮ɔopǝ‬"},{"$i":"spckTitle","$v":"‮Ǝuʇǝɹ‬ ‮SԀↃӼ‬ ‮ɔopǝ‬"},{"$i":"nck1Title","$v":"‮Ǝuʇǝɹ‬ ‮NↃӼ‬1 ‮ɔopǝ‬"},{"$i":"nck2Title","$v":"‮Ǝuʇǝɹ‬ ‮NↃӼ‬2 ‮ɔopǝ‬"},{"$i":"hnckTitle","$v":"‮Ǝuʇǝɹ‬ ‮HNↃӼ‬ ‮ɔopǝ‬"},{"$i":"rcckTitle","$v":"‮Ǝuʇǝɹ‬ ‮ᴚↃↃӼ‬ ‮ɔopǝ‬"},{"$i":"rspckTitle","$v":"‮Ǝuʇǝɹ‬ ‮ᴚSԀↃӼ‬ ‮ɔopǝ‬"},{"$i":"newpinTitle","$v":"‮Nǝʍ‬ ‮ԀIN‬"},{"$i":"inputCodeRetriesLeft","$v":{"one":"‮˥ɐsʇ‬ ‮ʇɹʎ‬.","two":[{"t":"idOrVar","v":"n"}," ‮ʇɹıǝs‬ ‮ʅǝɟʇ‬."],"few":[{"t":"idOrVar","v":"n"}," ‮ʇɹıǝs‬ ‮ʅǝɟʇ‬."],"many":[{"t":"idOrVar","v":"n"}," ‮ʇɹıǝs‬ ‮ʅǝɟʇ‬."],"other":[{"t":"idOrVar","v":"n"}," ‮ʇɹıǝs‬ ‮ʅǝɟʇ‬."]},"$x":[{"t":"idOrVar","v":"plural"},"n"]},{"$i":"pinErrorMsg","$v":"‮⊥ɥǝ‬ ‮ԀIN‬ ‮ʍɐs‬ ‮ıuɔoɹɹǝɔʇ‬."},{"$i":"pinAttemptMsg2","$v":{"one":"‮ʎon‬ ‮ɥɐʌǝ‬ ‮ouǝ‬ ‮ʇɹʎ‬ ‮ʅǝɟʇ‬ ‮ʇo‬ ‮ǝuʇǝɹ‬ ‮ʇɥǝ‬ ‮ɔoɹɹǝɔʇ‬ ‮ɔopǝ‬ ‮qǝɟoɹǝ‬ ‮ʅoɔʞıuƃ‬ ‮ʇɥǝ‬ ‮SIW‬ ‮ɔɐɹp‬.","two":["‮ʎon‬ ‮ɥɐʌǝ‬ ",{"t":"idOrVar","v":"n"}," ‮ʇɹıǝs‬ ‮ʅǝɟʇ‬ ‮ʇo‬ ‮ǝuʇǝɹ‬ ‮ʇɥǝ‬ ‮ɔoɹɹǝɔʇ‬ ‮ɔopǝ‬ ‮qǝɟoɹǝ‬ ‮ʅoɔʞıuƃ‬ ‮ʇɥǝ‬ ‮SIW‬ ‮ɔɐɹp‬."],"few":["‮ʎon‬ ‮ɥɐʌǝ‬ ",{"t":"idOrVar","v":"n"}," ‮ʇɹıǝs‬ ‮ʅǝɟʇ‬ ‮ʇo‬ ‮ǝuʇǝɹ‬ ‮ʇɥǝ‬ ‮ɔoɹɹǝɔʇ‬ ‮ɔopǝ‬ ‮qǝɟoɹǝ‬ ‮ʅoɔʞıuƃ‬ ‮ʇɥǝ‬ ‮SIW‬ ‮ɔɐɹp‬."],"many":["‮ʎon‬ ‮ɥɐʌǝ‬ ",{"t":"idOrVar","v":"n"}," ‮ʇɹıǝs‬ ‮ʅǝɟʇ‬ ‮ʇo‬ ‮ǝuʇǝɹ‬ ‮ʇɥǝ‬ ‮ɔoɹɹǝɔʇ‬ ‮ɔopǝ‬ ‮qǝɟoɹǝ‬ ‮ʅoɔʞıuƃ‬ ‮ʇɥǝ‬ ‮SIW‬ ‮ɔɐɹp‬."],"other":["‮ʎon‬ ‮ɥɐʌǝ‬ ",{"t":"idOrVar","v":"n"}," ‮ʇɹıǝs‬ ‮ʅǝɟʇ‬ ‮ʇo‬ ‮ǝuʇǝɹ‬ ‮ʇɥǝ‬ ‮ɔoɹɹǝɔʇ‬ ‮ɔopǝ‬ ‮qǝɟoɹǝ‬ ‮ʅoɔʞıuƃ‬ ‮ʇɥǝ‬ ‮SIW‬ ‮ɔɐɹp‬."]},"$x":[{"t":"idOrVar","v":"plural"},"n"]},{"$i":"pinLastChanceMsg","$v":"‮⊥ɥıs‬ ‮ıs‬ ‮ʎonɹ‬ ‮ʅɐsʇ‬ ‮ɔɥɐuɔǝ‬ ‮ʇo‬ ‮ǝuʇǝɹ‬ ‮ʇɥǝ‬ ‮ɔoɹɹǝɔʇ‬ ‮ԀIN‬. ‮Oʇɥǝɹʍısǝ‬, ‮ʎon‬ ‮ɯnsʇ‬ ‮ǝuʇǝɹ‬ ‮ʇɥǝ‬ ‮Ԁ∩Ӽ‬ ‮ɔopǝ‬ ‮ʇo‬ ‮nsǝ‬ ‮ʇɥıs‬ ‮SIW‬ ‮ɔɐɹp‬."},{"$i":"simCardLockedMsg","$v":"‮⊥ɥǝ‬ ‮SIW‬ ‮ɔɐɹp‬ ‮ıs‬ ‮ʅoɔʞǝp‬."},{"$i":"enterPukMsg","$v":"‮ʎon‬ ‮ɯnsʇ‬ ‮ǝuʇǝɹ‬ ‮ʇɥǝ‬ ‮Ԁǝɹsouɐʅ‬ ‮∩uʅoɔʞıuƃ‬ ‮Ӽǝʎ‬ (‮Ԁ∩Ӽ‬) ‮ɔopǝ‬ ‮ɟoɹ‬ ‮ʇɥǝ‬ ‮SIW‬ ‮ɔɐɹp‬. ‮ᴚǝɟǝɹ‬ ‮ʇo‬ ‮ʎonɹ‬ ‮SIW‬ ‮ɔɐɹp‬ ‮poɔnɯǝuʇɐʇıou‬ ‮oɹ‬ ‮ɔouʇɐɔʇ‬ ‮ʎonɹ‬ ‮ɔɐɹɹıǝɹ‬ ‮ɟoɹ‬ ‮ɯoɹǝ‬ ‮ıuɟoɹɯɐʇıou‬."},{"$i":"pukErrorMsg","$v":"‮⊥ɥǝ‬ ‮Ԁ∩Ӽ‬ ‮ɔopǝ‬ ‮ıs‬ ‮ıuɔoɹɹǝɔʇ‬."},{"$i":"pukAttemptMsg2","$v":{"one":"‮ʎon‬ ‮ɥɐʌǝ‬ ‮ouǝ‬ ‮ʇɹʎ‬ ‮ʅǝɟʇ‬ ‮ʇo‬ ‮ǝuʇǝɹ‬ ‮ʇɥǝ‬ ‮ɔoɹɹǝɔʇ‬ ‮ɔopǝ‬ ‮qǝɟoɹǝ‬ ‮ʇɥıs‬ ‮SIW‬ ‮ɔɐɹp‬ ‮ʍıʅʅ‬ ‮qǝ‬ ‮dǝɹɯɐuǝuʇʅʎ‬ ‮nunsɐqʅǝ‬. ‮ᴚǝɟǝɹ‬ ‮ʇo‬ ‮ʎonɹ‬ ‮SIW‬ ‮ɔɐɹp‬ ‮poɔnɯǝuʇɐʇıou‬ ‮oɹ‬ ‮ɔouʇɐɔʇ‬ ‮ʎonɹ‬ ‮ɔɐɹɹıǝɹ‬ ‮ɟoɹ‬ ‮ɯoɹǝ‬ ‮ıuɟoɹɯɐʇıou‬.","two":["‮ʎon‬ ‮ɥɐʌǝ‬ ",{"t":"idOrVar","v":"n"}," ‮ʇɹıǝs‬ ‮ʅǝɟʇ‬ ‮ʇo‬ ‮ǝuʇǝɹ‬ ‮ʇɥǝ‬ ‮ɔoɹɹǝɔʇ‬ ‮ɔopǝ‬ ‮qǝɟoɹǝ‬ ‮ʇɥıs‬ ‮SIW‬ ‮ɔɐɹp‬ ‮ʍıʅʅ‬ ‮qǝ‬ ‮dǝɹɯɐuǝuʇʅʎ‬ ‮nunsɐqʅǝ‬. ‮ᴚǝɟǝɹ‬ ‮ʇo‬ ‮ʎonɹ‬ ‮SIW‬ ‮ɔɐɹp‬ ‮poɔnɯǝuʇɐʇıou‬ ‮oɹ‬ ‮ɔouʇɐɔʇ‬ ‮ʎonɹ‬ ‮ɔɐɹɹıǝɹ‬ ‮ɟoɹ‬ ‮ɯoɹǝ‬ ‮ıuɟoɹɯɐʇıou‬."],"few":["‮ʎon‬ ‮ɥɐʌǝ‬ ",{"t":"idOrVar","v":"n"}," ‮ʇɹıǝs‬ ‮ʅǝɟʇ‬ ‮ʇo‬ ‮ǝuʇǝɹ‬ ‮ʇɥǝ‬ ‮ɔoɹɹǝɔʇ‬ ‮ɔopǝ‬ ‮qǝɟoɹǝ‬ ‮ʇɥıs‬ ‮SIW‬ ‮ɔɐɹp‬ ‮ʍıʅʅ‬ ‮qǝ‬ ‮dǝɹɯɐuǝuʇʅʎ‬ ‮nunsɐqʅǝ‬. ‮ᴚǝɟǝɹ‬ ‮ʇo‬ ‮ʎonɹ‬ ‮SIW‬ ‮ɔɐɹp‬ ‮poɔnɯǝuʇɐʇıou‬ ‮oɹ‬ ‮ɔouʇɐɔʇ‬ ‮ʎonɹ‬ ‮ɔɐɹɹıǝɹ‬ ‮ɟoɹ‬ ‮ɯoɹǝ‬ ‮ıuɟoɹɯɐʇıou‬."],"many":["‮ʎon‬ ‮ɥɐʌǝ‬ ",{"t":"idOrVar","v":"n"}," ‮ʇɹıǝs‬ ‮ʅǝɟʇ‬ ‮ʇo‬ ‮ǝuʇǝɹ‬ ‮ʇɥǝ‬ ‮ɔoɹɹǝɔʇ‬ ‮ɔopǝ‬ ‮qǝɟoɹǝ‬ ‮ʇɥıs‬ ‮SIW‬ ‮ɔɐɹp‬ ‮ʍıʅʅ‬ ‮qǝ‬ ‮dǝɹɯɐuǝuʇʅʎ‬ ‮nunsɐqʅǝ‬. ‮ᴚǝɟǝɹ‬ ‮ʇo‬ ‮ʎonɹ‬ ‮SIW‬ ‮ɔɐɹp‬ ‮poɔnɯǝuʇɐʇıou‬ ‮oɹ‬ ‮ɔouʇɐɔʇ‬ ‮ʎonɹ‬ ‮ɔɐɹɹıǝɹ‬ ‮ɟoɹ‬ ‮ɯoɹǝ‬ ‮ıuɟoɹɯɐʇıou‬."],"other":["‮ʎon‬ ‮ɥɐʌǝ‬ ",{"t":"idOrVar","v":"n"}," ‮ʇɹıǝs‬ ‮ʅǝɟʇ‬ ‮ʇo‬ ‮ǝuʇǝɹ‬ ‮ʇɥǝ‬ ‮ɔoɹɹǝɔʇ‬ ‮ɔopǝ‬ ‮qǝɟoɹǝ‬ ‮ʇɥıs‬ ‮SIW‬ ‮ɔɐɹp‬ ‮ʍıʅʅ‬ ‮qǝ‬ ‮dǝɹɯɐuǝuʇʅʎ‬ ‮nunsɐqʅǝ‬. ‮ᴚǝɟǝɹ‬ ‮ʇo‬ ‮ʎonɹ‬ ‮SIW‬ ‮ɔɐɹp‬ ‮poɔnɯǝuʇɐʇıou‬ ‮oɹ‬ ‮ɔouʇɐɔʇ‬ ‮ʎonɹ‬ ‮ɔɐɹɹıǝɹ‬ ‮ɟoɹ‬ ‮ɯoɹǝ‬ ‮ıuɟoɹɯɐʇıou‬."]},"$x":[{"t":"idOrVar","v":"plural"},"n"]},{"$i":"pukLastChanceMsg","$v":"‮˥ɐsʇ‬ ‮ɔɥɐuɔǝ‬ ‮ʇo‬ ‮ǝuʇǝɹ‬ ‮ʇɥǝ‬ ‮ɔoɹɹǝɔʇ‬ ‮Ԁ∩Ӽ‬ ‮ɔopǝ‬. ‮ʎonɹ‬ ‮SIW‬ ‮ɔɐɹp‬ ‮ʍıʅʅ‬ ‮qǝ‬ ‮dǝɹɯɐuǝuʇʅʎ‬ ‮nunsɐqʅǝ‬ ‮ıɟ‬ ‮ʎon‬ ‮ǝuʇǝɹ‬ ‮ıu‬ ‮ʇɥǝ‬ ‮ʍɹouƃ‬ ‮Ԁ∩Ӽ‬ ‮ɔopǝ‬. ‮ᴚǝɟǝɹ‬ ‮ʇo‬ ‮ʎonɹ‬ ‮SIW‬ ‮ɔɐɹp‬ ‮poɔnɯǝuʇɐʇıou‬ ‮oɹ‬ ‮ɔouʇɐɔʇ‬ ‮ʎonɹ‬ ‮ɔɐɹɹıǝɹ‬ ‮ɟoɹ‬ ‮ɯoɹǝ‬ ‮ıuɟoɹɯɐʇıou‬."},{"$i":"newSimPinMsg","$v":"‮Ↄɹǝɐʇǝ‬ ‮ԀIN‬ (‮ɯnsʇ‬ ‮ɔouʇɐıu‬ 4 ‮ʇo‬ 8 ‮pıƃıʇs‬)"},{"$i":"confirmNewSimPinMsg","$v":"‮Ↄouɟıɹɯ‬ ‮uǝʍ‬ ‮ԀIN‬"},{"$i":"newPinErrorMsg","$v":"‮ԀINs‬ ‮pou‬’‮ʇ‬ ‮ɯɐʇɔɥ‬."},{"$i":"nckErrorMsg","$v":"‮⊥ɥǝ‬ ‮NↃӼ‬ ‮ɔopǝ‬ ‮ıs‬ ‮ıuɔoɹɹǝɔʇ‬."},{"$i":"nckAttemptMsg2","$v":{"one":"‮Nǝʇʍoɹʞ‬ ‮pǝdǝɹsouɐʅızɐʇıou‬ ‮ɹǝbnǝsʇ‬ ‮ɟɐıʅnɹǝ‬. ‮ʎon‬ ‮ɥɐʌǝ‬ ‮ouǝ‬ ‮ʇɹʎ‬ ‮ʅǝɟʇ‬ ‮ʇo‬ ‮ǝuʇǝɹ‬ ‮ʇɥǝ‬ ‮ɔoɹɹǝɔʇ‬ ‮ɔopǝ‬. ‮ᴚǝɟǝɹ‬ ‮ʇo‬ ‮ʎonɹ‬ ‮pǝʌıɔǝ‬ ‮poɔnɯǝuʇɐʇıou‬ ‮oɹ‬ ‮ɔouʇɐɔʇ‬ ‮ʎonɹ‬ ‮ɔɐɹɹıǝɹ‬ ‮ɟoɹ‬ ‮ɯoɹǝ‬ ‮ıuɟoɹɯɐʇıou‬.","two":["‮Nǝʇʍoɹʞ‬ ‮pǝdǝɹsouɐʅızɐʇıou‬ ‮ɹǝbnǝsʇ‬ ‮ɟɐıʅnɹǝ‬. ‮ʎon‬ ‮ɥɐʌǝ‬ ",{"t":"idOrVar","v":"n"}," ‮ʇɹıǝs‬ ‮ʅǝɟʇ‬ ‮ʇo‬ ‮ǝuʇǝɹ‬ ‮ʇɥǝ‬ ‮ɔoɹɹǝɔʇ‬ ‮ɔopǝ‬. ‮ᴚǝɟǝɹ‬ ‮ʇo‬ ‮ʎonɹ‬ ‮pǝʌıɔǝ‬ ‮poɔnɯǝuʇɐʇıou‬ ‮oɹ‬ ‮ɔouʇɐɔʇ‬ ‮ʎonɹ‬ ‮ɔɐɹɹıǝɹ‬ ‮ɟoɹ‬ ‮ɯoɹǝ‬ ‮ıuɟoɹɯɐʇıou‬."],"few":["‮Nǝʇʍoɹʞ‬ ‮pǝdǝɹsouɐʅızɐʇıou‬ ‮ɹǝbnǝsʇ‬ ‮ɟɐıʅnɹǝ‬. ‮ʎon‬ ‮ɥɐʌǝ‬ ",{"t":"idOrVar","v":"n"}," ‮ʇɹıǝs‬ ‮ʅǝɟʇ‬ ‮ʇo‬ ‮ǝuʇǝɹ‬ ‮ʇɥǝ‬ ‮ɔoɹɹǝɔʇ‬ ‮ɔopǝ‬. ‮ᴚǝɟǝɹ‬ ‮ʇo‬ ‮ʎonɹ‬ ‮pǝʌıɔǝ‬ ‮poɔnɯǝuʇɐʇıou‬ ‮oɹ‬ ‮ɔouʇɐɔʇ‬ ‮ʎonɹ‬ ‮ɔɐɹɹıǝɹ‬ ‮ɟoɹ‬ ‮ɯoɹǝ‬ ‮ıuɟoɹɯɐʇıou‬."],"many":["‮Nǝʇʍoɹʞ‬ ‮pǝdǝɹsouɐʅızɐʇıou‬ ‮ɹǝbnǝsʇ‬ ‮ɟɐıʅnɹǝ‬. ‮ʎon‬ ‮ɥɐʌǝ‬ ",{"t":"idOrVar","v":"n"}," ‮ʇɹıǝs‬ ‮ʅǝɟʇ‬ ‮ʇo‬ ‮ǝuʇǝɹ‬ ‮ʇɥǝ‬ ‮ɔoɹɹǝɔʇ‬ ‮ɔopǝ‬. ‮ᴚǝɟǝɹ‬ ‮ʇo‬ ‮ʎonɹ‬ ‮pǝʌıɔǝ‬ ‮poɔnɯǝuʇɐʇıou‬ ‮oɹ‬ ‮ɔouʇɐɔʇ‬ ‮ʎonɹ‬ ‮ɔɐɹɹıǝɹ‬ ‮ɟoɹ‬ ‮ɯoɹǝ‬ ‮ıuɟoɹɯɐʇıou‬."],"other":["‮Nǝʇʍoɹʞ‬ ‮pǝdǝɹsouɐʅızɐʇıou‬ ‮ɹǝbnǝsʇ‬ ‮ɟɐıʅnɹǝ‬. ‮ʎon‬ ‮ɥɐʌǝ‬ ",{"t":"idOrVar","v":"n"}," ‮ʇɹıǝs‬ ‮ʅǝɟʇ‬ ‮ʇo‬ ‮ǝuʇǝɹ‬ ‮ʇɥǝ‬ ‮ɔoɹɹǝɔʇ‬ ‮ɔopǝ‬. ‮ᴚǝɟǝɹ‬ ‮ʇo‬ ‮ʎonɹ‬ ‮pǝʌıɔǝ‬ ‮poɔnɯǝuʇɐʇıou‬ ‮oɹ‬ ‮ɔouʇɐɔʇ‬ ‮ʎonɹ‬ ‮ɔɐɹɹıǝɹ‬ ‮ɟoɹ‬ ‮ɯoɹǝ‬ ‮ıuɟoɹɯɐʇıou‬."]},"$x":[{"t":"idOrVar","v":"plural"},"n"]},{"$i":"nckLastChanceMsg","$v":"‮Nǝʇʍoɹʞ‬ ‮pǝdǝɹsouɐʅızɐʇıou‬ ‮ɹǝbnǝsʇ‬ ‮ɟɐıʅnɹǝ‬. ‮˥ɐsʇ‬ ‮ɔɥɐuɔǝ‬ ‮ʇo‬ ‮ǝuʇǝɹ‬ ‮ʇɥǝ‬ ‮ɔoɹɹǝɔʇ‬ ‮NↃӼ‬ ‮ɔopǝ‬. ‮ᴚǝɟǝɹ‬ ‮ʇo‬ ‮ʎonɹ‬ ‮pǝʌıɔǝ‬ ‮poɔnɯǝuʇɐʇıou‬ ‮oɹ‬ ‮ɔouʇɐɔʇ‬ ‮ʎonɹ‬ ‮ɔɐɹɹıǝɹ‬ ‮ɟoɹ‬ ‮ɯoɹǝ‬ ‮ıuɟoɹɯɐʇıou‬."},{"$i":"activity-pick","$v":"‮Sǝʅǝɔʇ‬ ‮ɟɹoɯ‬:"},{"$i":"activity-view","$v":"‮Ʌıǝʍ‬ ‮ʍıʇɥ‬:"},{"$i":"activity-test","$v":"‮⊥ǝsʇ‬ ‮ʍıʇɥ‬:"},{"$i":"activity-share","$v":"‮Sɥɐɹǝ‬ ‮ʍıʇɥ‬:"},{"$i":"activity-new","$v":"‮Ↄɹǝɐʇǝ‬ ‮ʍıʇɥ‬:"},{"$i":"activity-open","$v":"‮Odǝu‬ ‮ʍıʇɥ‬:"},{"$i":"activity-save-bookmark","$v":"‮Ԑooʞɯɐɹʞ‬ ‮ʇo‬:"},{"$i":"activity-record","$v":"‮ᴚǝɔoɹp‬ ‮ɟɹoɯ‬:"},{"$i":"activity-browse","$v":"‮Ԑɹoʍsǝ‬ ‮ʍıʇɥ‬:"},{"$i":"activity-configure","$v":"‮Ↄouɟıƃnɹǝ‬ ‮ʍıʇɥ‬:"},{"$i":"activity-dial","$v":"‮pıɐʅ‬ ‮ɟɹoɯ‬:"},{"$i":"set-default-action","$v":"‮∩sǝ‬ ‮ɟɹoɯ‬ ‮uoʍ‬ ‮ou‬"},{"$i":"persona-signin","$v":"‮Sıƃu‬ ‮Iu‬"},{"$i":"payment-flow","$v":"‮Ԁnɹɔɥɐsǝ‬"},{"$i":"remoteDebuggerPromptUSB","innerHTML":"‮∀ʅʅoʍ‬ ‮∩SԐ‬ ‮pǝqnƃƃıuƃ‬ ‮ɔouuǝɔʇıou‬?"},{"$i":"remoteDebuggerPromptTCP2","innerHTML":{"$v":["‮∀ʅʅoʍ‬ ‮ɹǝɯoʇǝ‬ ‮pǝqnƃƃıuƃ‬ ‮ɔouuǝɔʇıou‬ ‮ɟɹoɯ‬ <code>",{"t":"idOrVar","v":"host"},":",{"t":"idOrVar","v":"port"},"</code>?<br/><br/>‮⊥ɥıs‬ ‮ɔouuǝɔʇıou‬ ‮ɹǝbnıɹǝs‬ ‮ɐ‬ ‮Òᴚ‬ ‮ɔopǝ‬ ‮ʇo‬ ‮qǝ‬ ‮sɔɐuuǝp‬ ‮ıu‬ ‮oɹpǝɹ‬ ‮ʇo‬ ‮ɐnʇɥǝuʇıɔɐʇǝ‬ ‮ʇɥǝ‬ ‮ɹǝɯoʇǝ‬ ‮pǝʌıɔǝ‬'‮s‬ ‮ɔǝɹʇıɟıɔɐʇǝ‬.  ‮ʎon‬ ‮ɔɐu‬ ‮ɐʌoıp‬ ‮ɟnʇnɹǝ‬ ‮sɔɐus‬ ‮qʎ‬ ‮ɹǝɯǝɯqǝɹıuƃ‬ ‮ʇɥǝ‬ ‮pǝʌıɔǝ‬."]}},{"$i":"remoteDebuggerPrompt-deny","$v":"‮pǝuʎ‬"},{"$i":"remoteDebuggerPrompt-allow","$v":"‮∀ʅʅoʍ‬"},{"$i":"remoteDebuggerPrompt-scan","$v":"‮Sɔɐu‬"},{"$i":"remoteDebuggerPrompt-scanAndRemember","$v":"‮Sɔɐu‬ ‮ɐup‬ ‮ᴚǝɯǝɯqǝɹ‬"},{"$i":"devtools-auth-scan2","$v":"‮Sɔɐuuıuƃ‬ ‮ɟoɹ‬ ‮ʇɥǝ‬ ‮Òᴚ‬ ‮ɔopǝ‬ ‮pısdʅɐʎǝp‬ ‮ou‬ ‮ʎonɹ‬ ‮oʇɥǝɹ‬ ‮pǝʌıɔǝ‬…"},{"$i":"fullscreen-request","$v":[{"t":"idOrVar","v":"origin"}," ‮ıs‬ ‮uoʍ‬ ‮ɟnʅʅsɔɹǝǝu‬."]},{"$i":"captive-wifi-available","$v":["‮⊥ɥǝ‬ ‮uǝʇʍoɹʞ‬ ",{"t":"idOrVar","v":"networkName"}," ‮ʍɐs‬ ‮ɟonup‬. ‮ſoıu‬ ‮uǝʇʍoɹʞ‬?"]},{"$i":"ceWarningtitle","$v":"‮Ʌoʅnɯǝ‬ ‮ʍɐɹuıuƃ‬"},{"$i":"ceWarningcontent","$v":"‮⊥o‬ ‮dɹǝʌǝuʇ‬ ‮dossıqʅǝ‬ ‮ɥǝɐɹıuƃ‬ ‮pɐɯɐƃǝ‬, ‮po‬ ‮uoʇ‬ ‮ʅısʇǝu‬ ‮ɐʇ‬ ‮ɥıƃɥ‬ ‮ʌoʅnɯǝ‬ ‮ʅǝʌǝʅs‬ ‮ɟoɹ‬ ‮ʅouƃ‬ ‮dǝɹıops‬."},{"$i":"notification-powersaving-mode-on-title","$v":"‮Ԁoʍǝɹ‬ ‮Sɐʌıuƃ‬ ‮Wopǝ‬"},{"$i":"notification-powersaving-mode-on-description","$v":"‮Ԁoʍǝɹ‬ ‮sɐʌıuƃ‬ ‮ɯopǝ‬ ‮ıs‬ ‮ou‬."},{"$i":"low-device-storage","$v":"‮pǝʌıɔǝ‬ ‮sdɐɔǝ‬ ‮ʅoʍ‬."},{"$i":"free-space","$v":{"zero":"‮No‬ ‮ɹǝɯɐıuıuƃ‬ ‮ɟɹǝǝ‬ ‮sdɐɔǝ‬.","one":["‮˥ǝss‬ ‮ʇɥɐu‬ ",{"t":"idOrVar","v":"value"}," ",{"t":"idOrVar","v":"unit"}," ‮ɹǝɯɐıuıuƃ‬."],"two":["‮˥ǝss‬ ‮ʇɥɐu‬ ",{"t":"idOrVar","v":"value"}," ",{"t":"idOrVar","v":"unit"}," ‮ɹǝɯɐıuıuƃ‬."],"few":["‮˥ǝss‬ ‮ʇɥɐu‬ ",{"t":"idOrVar","v":"value"}," ",{"t":"idOrVar","v":"unit"}," ‮ɹǝɯɐıuıuƃ‬."],"many":["‮˥ǝss‬ ‮ʇɥɐu‬ ",{"t":"idOrVar","v":"value"}," ",{"t":"idOrVar","v":"unit"}," ‮ɹǝɯɐıuıuƃ‬."],"other":["‮˥ǝss‬ ‮ʇɥɐu‬ ",{"t":"idOrVar","v":"value"}," ",{"t":"idOrVar","v":"unit"}," ‮ɹǝɯɐıuıuƃ‬."]},"$x":[{"t":"idOrVar","v":"plural"},"value"]},{"$i":"unknown-free-space","$v":"‮∩uʞuoʍu‬ ‮ɹǝɯɐıuıuƃ‬ ‮sdɐɔǝ‬."},{"$i":"system-alert","$v":"‮Sʎsʇǝɯ‬ ‮∀ʅǝɹʇ‬"},{"$i":"cb-channel","$v":["‮Ↄɥɐuuǝʅ‬ ",{"t":"idOrVar","v":"channel"}]},{"$i":"cb-etws-warningType-earthquake","$v":"‮Ǝɐɹʇɥbnɐʞǝ‬ ‮ʍɐɹuıuƃ‬!"},{"$i":"cb-etws-warningType-tsunami","$v":"‮⊥snuɐɯı‬ ‮ʍɐɹuıuƃ‬!"},{"$i":"cb-etws-warningType-earthquake-tsunami","$v":"‮Ǝɐɹʇɥbnɐʞǝ‬-‮ʇsnuɐɯı‬ ‮ʍɐɹuıuƃ‬!"},{"$i":"cb-etws-warningType-test","$v":"‮∀ʅǝɹʇ‬ ‮sʎsʇǝɯ‬ ‮ıs‬ ‮qǝıuƃ‬ ‮ʇǝsʇǝp‬."},{"$i":"cb-etws-warningType-other","$v":"‮Ǝɯǝɹƃǝuɔʎ‬ ‮ʍɐɹuıuƃ‬!"},{"$i":"icc-message-maintitle","$v":"‮Odǝɹɐʇoɹ‬ ‮ɯǝssɐƃǝ‬"},{"$i":"icc-message-subtitle","$v":["‮SIW‬ ",{"t":"idOrVar","v":"id"}]},{"$i":"icc-confirmCall-defaultmessage","$v":["‮Ↄɐʅʅ‬ ",{"t":"idOrVar","v":"number"},"?"]},{"$i":"icc-alertMessage-send-ss","$v":"‮Sǝup‬ ‮SS‬"},{"$i":"icc-alertMessage-send-ussd","$v":"‮Sǝup‬ ‮∩SSp‬"},{"$i":"icc-alertMessage-send-sms","$v":"‮Sǝup‬ ‮SWS‬"},{"$i":"icc-confirmMessage-defaultmessage","$v":"‮Sǝup‬ ‮ɯǝssɐƃǝ‬?"},{"$i":"icc-notification-title","$v":["‮SIW‬ ",{"t":"idOrVar","v":"id"}," ‮S⊥Ӽ‬"]},{"$i":"icc-inputbox-maintitle","$v":"‮S⊥Ӽ‬ ‮Ònǝɹʎ‬"},{"$i":"icc-inputbox-subtitle","$v":["‮SIW‬ ",{"t":"idOrVar","v":"id"}]},{"$i":"emergency-callback-mode","$v":"‮Ǝɯǝɹƃǝuɔʎ‬ ‮ɔɐʅʅ‬ ‮qɐɔʞ‬ ‮ɯopǝ‬"},{"$i":"emergency-callback-message","$v":"‮ʎon‬ ‮ɔɐu‬ ‮uoʇ‬ ‮ɯɐʞǝ‬ ‮ɔɐʅʅs‬, ‮sǝup‬ ‮ɯǝssɐƃǝs‬ ‮oɹ‬ ‮ƃo‬ ‮ouʅıuǝ‬ ‮qǝɔɐnsǝ‬ ‮ǝɯǝɹƃǝuɔʎ‬ ‮ɔɐʅʅqɐɔʞ‬ ‮ɯopǝ‬ ‮ıs‬ ‮ǝuɐqʅǝp‬. ‮Ｍonʅp‬ ‮ʎon‬ ‮ʅıʞǝ‬ ‮ʇo‬ ‮ʇnɹu‬ ‮ıʇ‬ ‮oɟɟ‬?"},{"$i":"cdma-record-info","$v":"‮ↃpW∀‬ ‮ɹǝɔoɹp‬ ‮ıuɟoɹɯɐʇıou‬"},{"$i":"ime-switching-title","$v":[{"t":"idOrVar","v":"appName"},": ",{"t":"idOrVar","v":"name"}]},{"$i":"ime-switching-tip","$v":"‮⊥ɐd‬ ‮ʇo‬ ‮sʍıʇɔɥ‬ ‮ıudnʇ‬ ‮ɯǝʇɥop‬"},{"$i":"download_started","$v":"‮poʍuʅoɐp‬ ‮sʇɐɹʇǝp‬"},{"$i":"download_stopped","$v":"‮poʍuʅoɐp‬ ‮sʇoddǝp‬"},{"$i":"download_downloading","$v":"‮poʍuʅoɐpıuƃ‬…"},{"$i":"download_succeeded","$v":"‮poʍuʅoɐp‬ ‮ɔoɯdʅǝʇǝ‬"},{"$i":"download_failed","$v":"‮poʍuʅoɐp‬ ‮ɟɐıʅǝp‬"},{"$i":"download_text_by_default","$v":[{"t":"idOrVar","v":"name"}]},{"$i":"download_downloading_text_2","$v":[{"t":"idOrVar","v":"percentage"},"% - ",{"t":"idOrVar","v":"name"}]},{"$i":"search-the-web","$v":"‮Sǝɐɹɔɥ‬ ‮ʇɥǝ‬ ‮ʍǝq‬"},{"$i":"search-or-enter-address","$v":"‮Sǝɐɹɔɥ‬ ‮oɹ‬ ‮ǝuʇǝɹ‬ ‮ɐppɹǝss‬","placeholder":"‮Sǝɐɹɔɥ‬ ‮oɹ‬ ‮ǝuʇǝɹ‬ ‮ɐppɹǝss‬"},{"$i":"back-button","ariaLabel":"‮Ԑɐɔʞ‬"},{"$i":"forward-button","ariaLabel":"‮ɟoɹʍɐɹp‬"},{"$i":"reload-button","ariaLabel":"‮ᴚǝʅoɐp‬"},{"$i":"stop-button","ariaLabel":"‮Sʇod‬"},{"$i":"windows-button","ariaLabel":"‮Sɥoʍ‬ ‮ʍıupoʍs‬"},{"$i":"noHotspotWhenAPMisOnWifiHotspot","$v":"‮⊥nɹu‬ ‮oɟɟ‬ ‮ɐıɹdʅɐuǝ‬ ‮ɯopǝ‬ ‮ʇo‬ ‮nsǝ‬ ‮Ｍı‬-‮ɟı‬ ‮ɥoʇsdoʇ‬."},{"$i":"apmActivated","$v":"‮∀ıɹdʅɐuǝ‬ ‮ɯopǝ‬ ‮ɐɔʇıʌɐʇǝp‬"},{"$i":"open-in-new-window","$v":"‮Odǝu‬ ‮ıu‬ ‮uǝʍ‬ ‮ʍıupoʍ‬"},{"$i":"open-in-new-private-window","$v":"‮Odǝu‬ ‮ıu‬ ‮uǝʍ‬ ‮dɹıʌɐʇǝ‬ ‮ʍıupoʍ‬"},{"$i":"add-link-to-home-screen","$v":"‮∀pp‬ ‮ʅıuʞ‬ ‮ʇo‬ ‮ɥoɯǝ‬ ‮sɔɹǝǝu‬"},{"$i":"share-link","$v":"‮Sɥɐɹǝ‬ ‮ʅıuʞ‬"},{"$i":"save-image","$v":"‮Sɐʌǝ‬ ‮Iɯɐƃǝ‬"},{"$i":"save-video","$v":"‮Sɐʌǝ‬ ‮Ʌıpǝo‬"},{"$i":"save-audio","$v":"‮Sɐʌǝ‬ ‮∀npıo‬"},{"$i":"save-link","$v":"‮Sɐʌǝ‬ ‮ʅıuʞǝp‬ ‮ɟıʅǝ‬"},{"$i":"share-image","$v":"‮Sɥɐɹǝ‬ ‮Iɯɐƃǝ‬"},{"$i":"share-video","$v":"‮Sɥɐɹǝ‬ ‮Ʌıpǝo‬"},{"$i":"share-audio","$v":"‮Sɥɐɹǝ‬ ‮∀npıo‬"},{"$i":"private-window","$v":"‮Ԁɹıʌɐʇǝ‬ ‮Ｍıupoʍ‬"},{"$i":"private-window-info1","$v":["‮ʎon‬ ‮ɥɐʌǝ‬ ‮odǝuǝp‬ ‮ɐ‬ ‮uǝʍ‬ ‮dɹıʌɐʇǝ‬ ‮ʍıupoʍ‬. ‮Iu‬ ‮dɹıʌɐʇǝ‬ ‮ʍıupoʍs‬, ",{"t":"idOrVar","v":"brandShortName"}," ‮ʍou‬’‮ʇ‬ ‮ʞǝǝd‬ ‮ɐuʎ‬ ‮qɹoʍsǝɹ‬ ‮ɥısʇoɹʎ‬, ‮ɔooʞıǝs‬, ‮oɹ‬ ‮ʇǝɯdoɹɐɹʎ‬ ‮Iuʇǝɹuǝʇ‬ ‮ɟıʅǝs‬. ‮Hoʍǝʌǝɹ‬, ‮ɟıʅǝs‬ ‮ʎon‬ ‮poʍuʅoɐp‬ ‮ɐup‬ ‮qooʞɯɐɹʞs‬ ‮ʎon‬ ‮ɯɐʞǝ‬ ‮ʍıʅʅ‬ ‮qǝ‬ ‮ʞǝdʇ‬."]},{"$i":"private-window-info2","$v":"‮Ｍɥıʅǝ‬ ‮ʇɥıs‬ ‮pǝʌıɔǝ‬ ‮ʍou‬’‮ʇ‬ ‮ɥɐʌǝ‬ ‮ɐ‬ ‮ɹǝɔoɹp‬ ‮oɟ‬ ‮ʎonɹ‬ ‮qɹoʍsıuƃ‬ ‮ɥısʇoɹʎ‬, ‮ʎonɹ‬ ‮Iuʇǝɹuǝʇ‬ ‮sǝɹʌıɔǝ‬ ‮dɹoʌıpǝɹ‬ ‮ɔɐu‬ ‮sʇıʅʅ‬ ‮ʇɹɐɔʞ‬ ‮ʇɥǝ‬ ‮dɐƃǝs‬ ‮ʎon‬ ‮ʌısıʇ‬."},{"$i":"okCharsLeft","$v":["‮OӼ‬ (",{"t":"idOrVar","v":"n"},")"]},{"$i":"pinning","pin":"‮Ԁıu‬","pin-page":"‮Ԁıu‬ ‮Ԁɐƃǝ‬"},{"$i":"from","$v":"‮ɟɹoɯ‬"},{"$i":"multiscreen-pick","$v":"‮Ↄɥoosǝ‬ ‮ɐu‬ ‮ǝxʇǝɹuɐʅ‬ ‮pısdʅɐʎ‬"},{"$i":"achievements-add-on-all-star-name","$v":"‮∀pp‬-‮ou‬ ‮∀ʅʅ‬-‮Sʇɐɹ‬"},{"$i":"achievements-add-on-all-star-description","$v":"‮∩sǝ‬ ‮Ↄnsʇoɯızǝɹ‬ ‮ʇo‬ ‮ɔɹǝɐʇǝ‬ ‮ʎonɹ‬ ‮oʍu‬ ‮ɐpp‬-‮ou‬"}]