[{"$i":"brandShortName","$v":"B2G OS"},{"$i":"browserBrandShortName","$v":"Web Browser"},{"$i":"browserBrandFullName","$v":"Mozilla Web Browser"},{"$i":"ringtoneBrandName","$v":"Default"},{"$i":"ringtoneSectionBrandName","$v":"System"},{"$i":"ok","$v":"OK"},{"$i":"back","$v":"Back"},{"$i":"help","$v":"Help"},{"$i":"cancel","$v":"Cancel"},{"$i":"close","$v":"Close"},{"$i":"skip","$v":"Skip"},{"$i":"clear","ariaLabel":"Clear"},{"$i":"enable","$v":"Enable"},{"$i":"turnOn","$v":"Turn On"},{"$i":"undo","ariaLabel":"Undo"},{"$i":"enterPIN","$v":"Enter PIN"},{"$i":"mediaPlaybackTrack","ariaLabel":"Track title and artist"},{"$i":"mediaPlaybackControls","ariaLabel":"Playback controls"},{"$i":"mediaPlaybackPrevious","ariaLabel":"Previous"},{"$i":"mediaPlaybackPlay","ariaLabel":"Play"},{"$i":"mediaPlaybackPause","ariaLabel":"Pause"},{"$i":"mediaPlaybackNext","ariaLabel":"Next"},{"$i":"UnknownTrack","$v":"Unknown track"},{"$i":"quick-settings-wifiButton-on","ariaLabel":"Wi-Fi on"},{"$i":"quick-settings-wifiButton-on-initializing","ariaLabel":"Wi-Fi on, initializing"},{"$i":"quick-settings-wifiButton-off","ariaLabel":"Wi-Fi off"},{"$i":"quick-settings-dataButton-on","ariaLabel":{"$v":["Data ",{"t":"idOrVar","v":"type"}," on"]}},{"$i":"quick-settings-dataButton-off","ariaLabel":{"$v":["Data ",{"t":"idOrVar","v":"type"}," off"]}},{"$i":"quick-settings-bluetoothButton-on","ariaLabel":"Bluetooth on"},{"$i":"quick-settings-bluetoothButton-on-initializing","ariaLabel":"Bluetooth on, initializing"},{"$i":"quick-settings-bluetoothButton-off","ariaLabel":"Bluetooth off"},{"$i":"quick-settings-airplaneMode-on","ariaLabel":"Airplane mode on"},{"$i":"quick-settings-airplaneMode-off","ariaLabel":"Airplane mode off"},{"$i":"settingsButton","ariaLabel":"Settings"},{"$i":"utilityTray","ariaLabel":"Utility tray"},{"$i":"simLabel","$v":["SIM ",{"t":"idOrVar","v":"id"}]},{"$i":"statusbarOperator","$v":[{"t":"idOrVar","v":"date"},", ",{"t":"idOrVar","v":"operator"}]},{"$i":"statusbarDateFormat","$v":"%b %e"},{"$i":"statusbar","ariaLabel":"Status Bar"},{"$i":"statusbarBattery","ariaLabel":{"$v":["Battery ",{"t":"idOrVar","v":"level"}," percent"]}},{"$i":"statusbarBatteryCharging","ariaLabel":{"$v":["Battery ",{"t":"idOrVar","v":"level"}," percent, charging"]}},{"$i":"statusbarAirplaneMode","ariaLabel":"Airplane mode on"},{"$i":"statusbarWiFiConnecting","ariaLabel":"Wi-Fi: connecting"},{"$i":"statusbarWiFiConnected","ariaLabel":{"$v":["Wi-Fi: ",{"t":"idOrVar","v":"level"}," of 4 bars"]}},{"$i":"statusbarSignal","ariaLabel":{"$v":[{"t":"idOrVar","v":"operator"}," network, ",{"t":"idOrVar","v":"level"}," of 5 bars"]}},{"$i":"statusbarSignalRoaming","ariaLabel":{"$v":[{"t":"idOrVar","v":"operator"}," network (roaming), ",{"t":"idOrVar","v":"level"}," of 5 bars"]}},{"$i":"statusbarSignalNoneSearching","ariaLabel":"Searching… Emergency calls only"},{"$i":"statusbarEmergencyCallsOnly","ariaLabel":"Emergency call only"},{"$i":"statusbarSignalNoSimCard","ariaLabel":"No SIM card"},{"$i":"statusbarHeadphone","ariaLabel":"Headphones on"},{"$i":"statusbarBluetoothHeadphone","ariaLabel":"Bluetooth headphones on"},{"$i":"statusbarBluetoothTransfer","ariaLabel":"Bluetooth transfer active"},{"$i":"statusbarIconOn-tethering","ariaLabel":"Tethering on"},{"$i":"statusbarIconOnActive-tethering","ariaLabel":"Tethering on, active"},{"$i":"statusbarAlarm","ariaLabel":"Alarm on"},{"$i":"statusbarIconOn-bluetooth","ariaLabel":"Bluetooth on"},{"$i":"statusbarIconOnActive-bluetooth","ariaLabel":"Bluetooth on, active"},{"$i":"statusbarIconOn-mute","ariaLabel":"Mute on"},{"$i":"statusbarIconOn-vibration","ariaLabel":"Vibration on"},{"$i":"statusbarRecording","ariaLabel":"Recording on"},{"$i":"statusbarGeolocation","ariaLabel":"Geolocation on"},{"$i":"statusbarUsb","ariaLabel":"USB on"},{"$i":"statusbarCallForwarding","$v":"Call forwarding on"},{"$i":"statusbarPlaying","ariaLabel":"Media playing"},{"$i":"statusbarNfc","ariaLabel":"NFC on"},{"$i":"statusbarDownload","ariaLabel":"Downloading…"},{"$i":"statusbarNetworkActivity","ariaLabel":"Networking on"},{"$i":"statusbarEmergencyCallback","ariaLabel":"Emergency callback"},{"$i":"statusbarNotifications","$v":{"one":[{"t":"idOrVar","v":"n"}," Notification"],"two":[{"t":"idOrVar","v":"n"}," Notifications"],"few":[{"t":"idOrVar","v":"n"}," Notifications"],"many":[{"t":"idOrVar","v":"n"}," Notifications"],"other":[{"t":"idOrVar","v":"n"}," Notifications"]},"$x":[{"t":"idOrVar","v":"plural"},"n"]},{"$i":"statusbarNotifications-unread","ariaLabel":{"$v":{"one":[{"t":"idOrVar","v":"n"}," unread notification"],"two":[{"t":"idOrVar","v":"n"}," unread notifications"],"few":[{"t":"idOrVar","v":"n"}," unread notifications"],"many":[{"t":"idOrVar","v":"n"}," unread notifications"],"other":[{"t":"idOrVar","v":"n"}," unread notifications"]},"$x":[{"t":"idOrVar","v":"plural"},"n"]}},{"$i":"statusbarDebugging","ariaLabel":"Debugging"},{"$i":"notifications","$v":"Notifications"},{"$i":"clear-all","$v":"Clear all"},{"$i":"attentionScreen-tapToShow","$v":"Tap to show"},{"$i":"newVoicemails","$v":{"zero":"No new voicemail","one":"One new voicemail","two":[{"t":"idOrVar","v":"n"}," new voicemails"],"few":[{"t":"idOrVar","v":"n"}," new voicemails"],"many":[{"t":"idOrVar","v":"n"}," new voicemails"],"other":[{"t":"idOrVar","v":"n"}," new voicemails"]},"$x":[{"t":"idOrVar","v":"plural"},"n"]},{"$i":"newVoicemailsUnknown","$v":"New voicemail"},{"$i":"dialNumber","$v":["Dial ",{"t":"idOrVar","v":"number"}]},{"$i":"voicemailNotificationMultiSim","$v":["(SIM ",{"t":"idOrVar","v":"n"},") ",{"t":"idOrVar","v":"title"}]},{"$i":"euRoamingNotificationTitle","$v":"EU internet detected"},{"$i":"euRoamingNotificationMsg","$v":"Tap to change."},{"$i":"confirmNFCConnectBTenabledNameUnknown","$v":"Are you sure you want to connect to the device?"},{"$i":"confirmNFCConnectBTdisabledNameUnknown","$v":"Turn on Bluetooth and connect to the device?"},{"$i":"confirmNFCConnectBTenabledNameKnown","$v":["Are you sure you want to connect to ",{"t":"idOrVar","v":"deviceName"},"?"]},{"$i":"confirmNFCConnectBTdisabledNameKnown","$v":["Turn on Bluetooth and connect to ",{"t":"idOrVar","v":"deviceName"},"?"]},{"$i":"confirmNFCConnectBTdisabled","$v":"Turn on"},{"$i":"dismissNFCConnectBTdisabled","$v":"Cancel"},{"$i":"confirmation","$v":"Confirmation"},{"$i":"deviceMenu","$v":"Phone"},{"$i":"airplane","$v":"Turn on airplane mode"},{"$i":"airplaneOff","$v":"Turn off airplane mode"},{"$i":"silent","$v":"Silence incoming calls"},{"$i":"normal","$v":"Ring incoming calls"},{"$i":"restart","$v":"Restart"},{"$i":"power","$v":"Power off"},{"$i":"no-recent-app-windows","$v":"Your recent app windows show up here"},{"$i":"no-recent-browser-windows","$v":"Your recent browser windows show up here"},{"$i":"closeCard","ariaLabel":"Close"},{"$i":"openCard","ariaLabel":"Open"},{"$i":"yes","$v":"Yes"},{"$i":"no","$v":"No"},{"$i":"dontallow","$v":"Don’t allow"},{"$i":"allow","$v":"Allow"},{"$i":"dontshare-geolocation","$v":"Don’t Share"},{"$i":"share-geolocation","$v":"Share"},{"$i":"dontshare-audio-capture","$v":"Don’t Share"},{"$i":"share-audio-capture","$v":"Share"},{"$i":"dontshare-video-capture","$v":"Don’t Share"},{"$i":"share-video-capture","$v":"Share"},{"$i":"dontshare-media-capture","$v":"Don’t Share"},{"$i":"share-media-capture","$v":"Share"},{"$i":"device-front","$v":"Front Camera"},{"$i":"device-back","$v":"Back Camera"},{"$i":"remember-my-choice","$v":"Remember my choice"},{"$i":"more-info","$v":"More info…"},{"$i":"hide-info","$v":"Hide info"},{"$i":"install-app","$v":["Install ",{"t":"idOrVar","v":"name"},"?"]},{"$i":"size","$v":"Size"},{"$i":"author","$v":"Author"},{"$i":"size-unknown","$v":"Unknown"},{"$i":"author-unknown","$v":"Unknown"},{"$i":"install","$v":"Install"},{"$i":"bytes","$v":"bytes"},{"$i":"kB","$v":"KB"},{"$i":"MB","$v":"MB"},{"$i":"GB","$v":"GB"},{"$i":"TB","$v":"TB"},{"$i":"PB","$v":"PB"},{"$i":"app-install-generic-error","$v":[{"t":"idOrVar","v":"appName"}," download stopped"]},{"$i":"app-install-download-failed","$v":[{"t":"idOrVar","v":"appName"}," download failed"]},{"$i":"app-install-install-failed","$v":[{"t":"idOrVar","v":"appName"}," install failed"]},{"$i":"cancelling-will-not-refund","$v":"Cancelling will not refund a purchase. Refunds for paid content are provided by the original seller."},{"$i":"apps-can-be-installed-later","$v":"Apps can be installed later from the original installation source."},{"$i":"are-you-sure-you-want-to-cancel","$v":"Are you sure you want to cancel this install?"},{"$i":"cancel-install","$v":"Cancel Install"},{"$i":"cancel-install-button","$v":"Cancel Install"},{"$i":"resume","$v":"Resume"},{"$i":"continue","$v":"Continue"},{"$i":"stopDownloading","$v":["Stop downloading ",{"t":"idOrVar","v":"app"},"?"]},{"$i":"app-download-can-be-restarted","$v":"The download can be restarted later."},{"$i":"app-download-stop-button","$v":"Stop Download"},{"$i":"not-enough-space","$v":"Not enough space"},{"$i":"not-enough-space-message","$v":"There is not enough space to install this app. Free up space by deleting old apps or media, and try installing again from the original source."},{"$i":"app-install-success","$v":[{"t":"idOrVar","v":"appName"}," installed"]},{"$i":"langpack-install-success2","$v":[{"t":"idOrVar","v":"appName"}," installed. Go to Settings > Language to enable it."]},{"$i":"setup","$v":"Setup"},{"$i":"ime-addkeyboards","$v":"Add keyboards"},{"$i":"later","$v":"Later"},{"$i":"download","$v":"Download"},{"$i":"wantToDownload","$v":"Download update now?"},{"$i":"wantToInstallNow","$v":"Do you want to install the update now? You will not be able to use your phone for a few minutes."},{"$i":"installNow","$v":"Install Now"},{"$i":"notNow","$v":"Not Now"},{"$i":"downloadingUpdateMessage","innerHTML":{"$v":["Downloading updates… <span>",{"t":"idOrVar","v":"progress"}," downloaded.</span>"]}},{"$i":"downloadingAppMessage","$v":["Downloading ",{"t":"idOrVar","v":"appName"}]},{"$i":"downloadingAppProgressNoMax","$v":[{"t":"idOrVar","v":"progress"}," downloaded"]},{"$i":"downloadingAppProgressIndeterminate","$v":"Downloading"},{"$i":"downloadingAppProgress","$v":[{"t":"idOrVar","v":"progress"}," / ",{"t":"idOrVar","v":"max"}," downloaded"]},{"$i":"cancelAllDownloads","$v":"Cancel all downloads"},{"$i":"wantToCancelAll","$v":"Are you sure you want to cancel all downloads?"},{"$i":"downloadError","$v":"There was an error while downloading the updates."},{"$i":"updateAvailableInfo","innerHTML":{"$v":{"one":[{"t":"idOrVar","v":"n"}," update available. <span>Tap for more info.</span>"],"two":[{"t":"idOrVar","v":"n"}," updates available. <span>Tap for more info.</span>"],"few":[{"t":"idOrVar","v":"n"}," updates available. <span>Tap for more info.</span>"],"many":[{"t":"idOrVar","v":"n"}," updates available. <span>Tap for more info.</span>"],"other":[{"t":"idOrVar","v":"n"}," updates available. <span>Tap for more info.</span>"]},"$x":[{"t":"idOrVar","v":"plural"},"n"]}},{"$i":"numberOfUpdates","$v":{"one":[{"t":"idOrVar","v":"n"}," update available"],"two":[{"t":"idOrVar","v":"n"}," updates available"],"few":[{"t":"idOrVar","v":"n"}," updates available"],"many":[{"t":"idOrVar","v":"n"}," updates available"],"other":[{"t":"idOrVar","v":"n"}," updates available"]},"$x":[{"t":"idOrVar","v":"plural"},"n"]},{"$i":"systemUpdate","$v":"System update"},{"$i":"systemUpdateReady","$v":"System Update Ready"},{"$i":"systemUpdateLowBatteryThreshold","$v":["You need at least ",{"t":"idOrVar","v":"threshold"},"% battery level to install the update."]},{"$i":"required","$v":"Required"},{"$i":"uncompressingMessage","innerHTML":"Uncompressing… <span>This can take a few minutes.</span>"},{"$i":"downloadWifiPrioritizedUsing2G","$v":"Updates are downloaded via data connection when Wi-Fi is not available. When using data connection, phone calls may be blocked and additional charges may also apply."},{"$i":"downloadWifiPrioritized3","$v":"Updates are downloaded via data connection when Wi-Fi is not available. When using data connection, additional charges may apply."},{"$i":"downloadNoWifiWarning","$v":"Wi-Fi unavailable. Updating over current connection may incur additional charges."},{"$i":"downloadOfflineWarning2","$v":"Connect to a network to download updates."},{"$i":"downloadUpdatesViaDataConnection","$v":"Download updates via data connection?"},{"$i":"downloadUpdatesVia2GForbidden3","$v":"Downloading updates is not possible on slow connections (2G). Please connect via Wi-Fi or 3G (if available) and try again."},{"$i":"downloadUpdatesViaDataConnectionMessage3","$v":"When using a data connection, additional costs may apply. Do you want to continue?"},{"$i":"downloadUpdatesViaDataRoamingConnection","$v":"Download updates via data roaming?"},{"$i":"downloadUpdatesViaDataRoamingConnectionMessage","$v":"You are currently roaming and additional charges may apply. Do you want to continue?"},{"$i":"screenshotSaved","$v":"Screenshot saved to Gallery"},{"$i":"screenshotFailed","$v":"The screenshot could not be saved"},{"$i":"screenshotNoSDCard","$v":"No memory card found"},{"$i":"screenshotSDCardInUse","$v":"Memory card is in use"},{"$i":"screenshotSDCardLow","$v":"Not enough space on memory card"},{"$i":"logsSavedHeader","$v":"Device logs saved"},{"$i":"logsSavedBody","$v":"Tap to share logs"},{"$i":"logsSaveError","$v":"Error while saving logs"},{"$i":"logsShareError","$v":"Error while sharing logs"},{"$i":"logsSaving","$v":"Capturing logs…"},{"$i":"logsOperationFailed","$v":["Operation ",{"t":"idOrVar","v":"operation"}," failed."]},{"$i":"logsGenericError","$v":"Unexpected error occurred."},{"$i":"logsSDCardMaybeShared","$v":"Make sure your SD card is not shared with your computer."},{"$i":"logsNotFoundError","$v":"At least one log file could not be read from the filesystem."},{"$i":"emergency-call-button","$v":"Emergency Call"},{"$i":"emergency-call","$v":"Emergency Call"},{"$i":"unlock-a11y-button","ariaLabel":"Unlock"},{"$i":"camera-a11y-button","ariaLabel":"Camera"},{"$i":"longDateFormat","$v":"%A, %B %e"},{"$i":"panel-passcode","ariaLabel":"Passcode panel"},{"$i":"open-notification","$v":"open"},{"$i":"softwareHomeButton","ariaLabel":"Home"},{"$i":"login","$v":"Sign in"},{"$i":"sign-in-to-website","$v":"Sign in to website"},{"$i":"username","$v":"Username"},{"$i":"password","$v":"Password"},{"$i":"http-authentication-message2","$v":["The website ",{"t":"idOrVar","v":"host"}," requires you to sign in."]},{"$i":"error-message","$v":[{"t":"idOrVar","v":"name"}," is not loading properly"]},{"$i":"error-title","$v":[{"t":"idOrVar","v":"name"}," is having problems"]},{"$i":"unable-to-connect","$v":"Unable to connect"},{"$i":"tap-to-check-settings","$v":"Tap to check settings"},{"$i":"delete-title","$v":["Delete ",{"t":"idOrVar","v":"name"}]},{"$i":"delete-body","$v":[{"t":"idOrVar","v":"name"}," and all of its data will be deleted."]},{"$i":"delete","$v":"Delete"},{"$i":"unrecoverable-error-title","$v":"Remove Application"},{"$i":"unrecoverable-error-body","$v":"Cannot install application due to an unrecoverable error. Please try downloading again. The application will be removed."},{"$i":"unrecoverable-error-action","$v":"OK"},{"$i":"data-roaming-enabled-title","$v":"Turn on data roaming?"},{"$i":"data-roaming-enabled-warning2","$v":"In order to access the Internet, you need to turn on data roaming. Depending on your service agreement, extra charges may apply. Do you want to turn data on?"},{"$i":"select-time","$v":"Select time"},{"$i":"choose-option","$v":"Select"},{"$i":"choose-options","$v":"Select"},{"$i":"select-day","$v":"Select day"},{"$i":"battery-almost-empty3","$v":"Your battery is low."},{"$i":"plug-in-your-charger","$v":"Please plug in your charger."},{"$i":"new-window","$v":"New window"},{"$i":"new-private-window","$v":"New private window"},{"$i":"show-windows","$v":"Show windows"},{"$i":"add-to-home-screen","$v":"Add to home screen"},{"$i":"share","$v":"Share"},{"$i":"crash-dialog2-os","$v":[{"t":"idOrVar","v":"brandShortName"}," just recovered from a crash"]},{"$i":"crash-dialog-app","$v":[{"t":"idOrVar","v":"name"}," just crashed"]},{"$i":"crash-dialog-app-noname","$v":"Something"},{"$i":"crash-dialog-message","$v":"Would you like to send Mozilla a report about the crash to help us fix the problem? (Reports are sent over Wi-Fi only.)"},{"$i":"crash-info-link","$v":"What’s in a crash report?"},{"$i":"crash-always-report","$v":"Always send Mozilla a report when a crash occurs."},{"$i":"crash-dont-send","$v":"Don’t Send"},{"$i":"crash-end","$v":"Send Report"},{"$i":"crashReports","$v":"Crash Reports"},{"$i":"done","$v":"Done"},{"$i":"crash-reports-description-1","$v":"A crash report contains some details about the crash and your device, as well as a snapshot of the state of your device when it crashed."},{"$i":"crash-reports-description-2","$v":"This may include things like open pages and apps, text typed into forms and the content of open messages, recent browsing history, or geolocation used by an open app."},{"$i":"crash-reports-description-3-start","$v":"We use crash reports to try to fix problems and improve our products. We handle your information as we describe in our "},{"$i":"crash-reports-description-3-privacy","$v":"privacy policy"},{"$i":"crash-reports-description-3-end","$v":"."},{"$i":"crash-banner-os2","$v":[{"t":"idOrVar","v":"brandShortName"}," just crashed."]},{"$i":"crash-banner-app","$v":[{"t":"idOrVar","v":"name"}," just crashed."]},{"$i":"crash-banner-report","$v":"Report"},{"$i":"bluetooth-sending-progress","$v":"Sending Bluetooth transfer…"},{"$i":"bluetooth-receiving-progress","$v":"Receiving Bluetooth transfer…"},{"$i":"acceptFileTransfer","$v":"Accept Bluetooth file transfer?"},{"$i":"wantToReceiveFile","innerHTML":{"$v":["<bdi>",{"t":"idOrVar","v":"deviceName"},"</bdi> would like to transfer <bdi>",{"t":"idOrVar","v":"fileName"}," (",{"t":"idOrVar","v":"fileSize"},").</bdi>"]}},{"$i":"transfer-confirmation-title","$v":[{"t":"idOrVar","v":"deviceName"}]},{"$i":"transfer-confirmation-description","$v":"Review transfer request."},{"$i":"deny","$v":"Deny"},{"$i":"transfer","$v":"Transfer"},{"$i":"cancelFileTransfer","$v":"Cancel Bluetooth file transfer?"},{"$i":"continueFileTransfer","$v":"Continue"},{"$i":"transfer-has-started-title","$v":"The transfer has started"},{"$i":"transfer-has-started-description","$v":"Check the progress in Notification center"},{"$i":"transferFinished-sentSuccessful-title","$v":"File sent"},{"$i":"transferFinished-receivedSuccessful-title","$v":"File received"},{"$i":"transferFinished-sentFailed-title","$v":"File could not be sent"},{"$i":"transferFinished-receivedFailed-title","$v":"File could not be received"},{"$i":"transferFinished-try-again-description","$v":"Cannot send file right now. Please try again later."},{"$i":"transferReport-title","$v":"Transfer report:"},{"$i":"transferReport-description","$v":[{"t":"idOrVar","v":"numSuccessful"}," files successful, ",{"t":"idOrVar","v":"numUnsuccessful"}," files unsuccessful"]},{"$i":"unknown-file","$v":"Unknown file"},{"$i":"unknown-device","$v":"Unknown device"},{"$i":"cannotOpenFile","$v":"Can not open received file"},{"$i":"unknownMediaTypeToOpenFile","$v":["Can not open unknown media type: ",{"t":"idOrVar","v":"fileName"}]},{"$i":"cannotReceiveFile","$v":"Can not receive file"},{"$i":"cannotGetStorageState","$v":"Can not get device storage state."},{"$i":"sdcard-not-exist2","$v":"No memory card found. Please insert a memory card."},{"$i":"sdcard-in-use","$v":"Bluetooth can not be used while phone is plugged in. Please unplug the phone to receive file(s)."},{"$i":"sdcard-no-space2","$v":"Can not complete transfer: memory card is full."},{"$i":"unknown-error","$v":"Unknown error"},{"$i":"confirm","$v":"Confirm"},{"$i":"sdcard-detected-title","$v":"SD card detected"},{"$i":"sdcard-total-size-body","$v":["Total size: ",{"t":"idOrVar","v":"size"}," ",{"t":"idOrVar","v":"unit"}]},{"$i":"sdcard-unknown-size-then-tap-to-format-body","$v":"Unknown size, tap to format"},{"$i":"sdcard-removed-title","$v":"SD card removed"},{"$i":"sdcard-removed-ejected-successfully","$v":"Ejected successfully"},{"$i":"sdcard-removed-not-ejected-properly","$v":"Not ejected properly"},{"$i":"microphone-is-on","$v":"Mic is on"},{"$i":"camera-is-on","$v":"Camera is on"},{"$i":"media-is-on","$v":"Camera & Mic are ON"},{"$i":"noSimCard","$v":"No SIM card"},{"$i":"simPin","$v":"SIM PIN"},{"$i":"pukCode","$v":"PUK code"},{"$i":"nckCode","$v":"NCK code"},{"$i":"cckCode","$v":"CCK code"},{"$i":"spckCode","$v":"SPCK code"},{"$i":"nck1code","$v":"NCK1 code"},{"$i":"nck2code","$v":"NCK2 code"},{"$i":"hnckcode","$v":"HNCK code"},{"$i":"rcckcode","$v":"RCCK code"},{"$i":"rspckcode","$v":"RSPCK code"},{"$i":"whatIsSimPin","$v":"What is a SIM PIN?"},{"$i":"simPinIntro1","$v":"A SIM PIN prevents access to the SIM card cellular data networks. When it’s enabled, any device containing the SIM card will request the PIN upon restart."},{"$i":"simPinIntro2","$v":"A SIM PIN is not the same as the passcode used to unlock the device."},{"$i":"changeSimPin","$v":"Change PIN"},{"$i":"pinTitle","$v":"Enter SIM PIN"},{"$i":"multiSIMpinTitle","$v":["Enter SIM ",{"t":"idOrVar","v":"n"}," PIN"]},{"$i":"pukTitle","$v":"Enter PUK code"},{"$i":"nckTitle","$v":"Enter NCK code"},{"$i":"cckTitle","$v":"Enter CCK code"},{"$i":"spckTitle","$v":"Enter SPCK code"},{"$i":"nck1Title","$v":"Enter NCK1 code"},{"$i":"nck2Title","$v":"Enter NCK2 code"},{"$i":"hnckTitle","$v":"Enter HNCK code"},{"$i":"rcckTitle","$v":"Enter RCCK code"},{"$i":"rspckTitle","$v":"Enter RSPCK code"},{"$i":"newpinTitle","$v":"New PIN"},{"$i":"inputCodeRetriesLeft","$v":{"one":"Last try.","two":[{"t":"idOrVar","v":"n"}," tries left."],"few":[{"t":"idOrVar","v":"n"}," tries left."],"many":[{"t":"idOrVar","v":"n"}," tries left."],"other":[{"t":"idOrVar","v":"n"}," tries left."]},"$x":[{"t":"idOrVar","v":"plural"},"n"]},{"$i":"pinErrorMsg","$v":"The PIN was incorrect."},{"$i":"pinAttemptMsg2","$v":{"one":"You have one try left to enter the correct code before locking the SIM card.","two":["You have ",{"t":"idOrVar","v":"n"}," tries left to enter the correct code before locking the SIM card."],"few":["You have ",{"t":"idOrVar","v":"n"}," tries left to enter the correct code before locking the SIM card."],"many":["You have ",{"t":"idOrVar","v":"n"}," tries left to enter the correct code before locking the SIM card."],"other":["You have ",{"t":"idOrVar","v":"n"}," tries left to enter the correct code before locking the SIM card."]},"$x":[{"t":"idOrVar","v":"plural"},"n"]},{"$i":"pinLastChanceMsg","$v":"This is your last chance to enter the correct PIN. Otherwise, you must enter the PUK code to use this SIM card."},{"$i":"simCardLockedMsg","$v":"The SIM card is locked."},{"$i":"enterPukMsg","$v":"You must enter the Personal Unlocking Key (PUK) code for the SIM card. Refer to your SIM card documentation or contact your carrier for more information."},{"$i":"pukErrorMsg","$v":"The PUK code is incorrect."},{"$i":"pukAttemptMsg2","$v":{"one":"You have one try left to enter the correct code before this SIM card will be permanently unusable. Refer to your SIM card documentation or contact your carrier for more information.","two":["You have ",{"t":"idOrVar","v":"n"}," tries left to enter the correct code before this SIM card will be permanently unusable. Refer to your SIM card documentation or contact your carrier for more information."],"few":["You have ",{"t":"idOrVar","v":"n"}," tries left to enter the correct code before this SIM card will be permanently unusable. Refer to your SIM card documentation or contact your carrier for more information."],"many":["You have ",{"t":"idOrVar","v":"n"}," tries left to enter the correct code before this SIM card will be permanently unusable. Refer to your SIM card documentation or contact your carrier for more information."],"other":["You have ",{"t":"idOrVar","v":"n"}," tries left to enter the correct code before this SIM card will be permanently unusable. Refer to your SIM card documentation or contact your carrier for more information."]},"$x":[{"t":"idOrVar","v":"plural"},"n"]},{"$i":"pukLastChanceMsg","$v":"Last chance to enter the correct PUK code. Your SIM card will be permanently unusable if you enter in the wrong PUK code. Refer to your SIM card documentation or contact your carrier for more information."},{"$i":"newSimPinMsg","$v":"Create PIN (must contain 4 to 8 digits)"},{"$i":"confirmNewSimPinMsg","$v":"Confirm new PIN"},{"$i":"newPinErrorMsg","$v":"PINs don’t match."},{"$i":"nckErrorMsg","$v":"The NCK code is incorrect."},{"$i":"nckAttemptMsg2","$v":{"one":"Network depersonalization request failure. You have one try left to enter the correct code. Refer to your device documentation or contact your carrier for more information.","two":["Network depersonalization request failure. You have ",{"t":"idOrVar","v":"n"}," tries left to enter the correct code. Refer to your device documentation or contact your carrier for more information."],"few":["Network depersonalization request failure. You have ",{"t":"idOrVar","v":"n"}," tries left to enter the correct code. Refer to your device documentation or contact your carrier for more information."],"many":["Network depersonalization request failure. You have ",{"t":"idOrVar","v":"n"}," tries left to enter the correct code. Refer to your device documentation or contact your carrier for more information."],"other":["Network depersonalization request failure. You have ",{"t":"idOrVar","v":"n"}," tries left to enter the correct code. Refer to your device documentation or contact your carrier for more information."]},"$x":[{"t":"idOrVar","v":"plural"},"n"]},{"$i":"nckLastChanceMsg","$v":"Network depersonalization request failure. Last chance to enter the correct NCK code. Refer to your device documentation or contact your carrier for more information."},{"$i":"activity-pick","$v":"Select from:"},{"$i":"activity-view","$v":"View with:"},{"$i":"activity-test","$v":"Test with:"},{"$i":"activity-share","$v":"Share with:"},{"$i":"activity-new","$v":"Create with:"},{"$i":"activity-open","$v":"Open with:"},{"$i":"activity-save-bookmark","$v":"Bookmark to:"},{"$i":"activity-record","$v":"Record from:"},{"$i":"activity-browse","$v":"Browse with:"},{"$i":"activity-configure","$v":"Configure with:"},{"$i":"activity-dial","$v":"Dial from:"},{"$i":"set-default-action","$v":"Use from now on"},{"$i":"persona-signin","$v":"Sign In"},{"$i":"payment-flow","$v":"Purchase"},{"$i":"remoteDebuggerPromptUSB","innerHTML":"Allow USB debugging connection?"},{"$i":"remoteDebuggerPromptTCP2","innerHTML":{"$v":["Allow remote debugging connection from <code>",{"t":"idOrVar","v":"host"},":",{"t":"idOrVar","v":"port"},"</code>?<br/><br/>This connection requires a QR code to be scanned in order to authenticate the remote device's certificate.  You can avoid future scans by remembering the device."]}},{"$i":"remoteDebuggerPrompt-deny","$v":"Deny"},{"$i":"remoteDebuggerPrompt-allow","$v":"Allow"},{"$i":"remoteDebuggerPrompt-scan","$v":"Scan"},{"$i":"remoteDebuggerPrompt-scanAndRemember","$v":"Scan and Remember"},{"$i":"devtools-auth-scan2","$v":"Scanning for the QR code displayed on your other device…"},{"$i":"fullscreen-request","$v":[{"t":"idOrVar","v":"origin"}," is now fullscreen."]},{"$i":"captive-wifi-available","$v":["The network ",{"t":"idOrVar","v":"networkName"}," was found. Join network?"]},{"$i":"ceWarningtitle","$v":"Volume warning"},{"$i":"ceWarningcontent","$v":"To prevent possible hearing damage, do not listen at high volume levels for long periods."},{"$i":"notification-powersaving-mode-on-title","$v":"Power Saving Mode"},{"$i":"notification-powersaving-mode-on-description","$v":"Power saving mode is on."},{"$i":"low-device-storage","$v":"Device space low."},{"$i":"free-space","$v":{"zero":"No remaining free space.","one":["Less than ",{"t":"idOrVar","v":"value"}," ",{"t":"idOrVar","v":"unit"}," remaining."],"two":["Less than ",{"t":"idOrVar","v":"value"}," ",{"t":"idOrVar","v":"unit"}," remaining."],"few":["Less than ",{"t":"idOrVar","v":"value"}," ",{"t":"idOrVar","v":"unit"}," remaining."],"many":["Less than ",{"t":"idOrVar","v":"value"}," ",{"t":"idOrVar","v":"unit"}," remaining."],"other":["Less than ",{"t":"idOrVar","v":"value"}," ",{"t":"idOrVar","v":"unit"}," remaining."]},"$x":[{"t":"idOrVar","v":"plural"},"value"]},{"$i":"unknown-free-space","$v":"Unknown remaining space."},{"$i":"system-alert","$v":"System Alert"},{"$i":"cb-channel","$v":["Channel ",{"t":"idOrVar","v":"channel"}]},{"$i":"cb-etws-warningType-earthquake","$v":"Earthquake warning!"},{"$i":"cb-etws-warningType-tsunami","$v":"Tsunami warning!"},{"$i":"cb-etws-warningType-earthquake-tsunami","$v":"Earthquake-tsunami warning!"},{"$i":"cb-etws-warningType-test","$v":"Alert system is being tested."},{"$i":"cb-etws-warningType-other","$v":"Emergency warning!"},{"$i":"icc-message-maintitle","$v":"Operator message"},{"$i":"icc-message-subtitle","$v":["SIM ",{"t":"idOrVar","v":"id"}]},{"$i":"icc-confirmCall-defaultmessage","$v":["Call ",{"t":"idOrVar","v":"number"},"?"]},{"$i":"icc-alertMessage-send-ss","$v":"Send SS"},{"$i":"icc-alertMessage-send-ussd","$v":"Send USSD"},{"$i":"icc-alertMessage-send-sms","$v":"Send SMS"},{"$i":"icc-confirmMessage-defaultmessage","$v":"Send message?"},{"$i":"icc-notification-title","$v":["SIM ",{"t":"idOrVar","v":"id"}," STK"]},{"$i":"icc-inputbox-maintitle","$v":"STK Query"},{"$i":"icc-inputbox-subtitle","$v":["SIM ",{"t":"idOrVar","v":"id"}]},{"$i":"emergency-callback-mode","$v":"Emergency call back mode"},{"$i":"emergency-callback-message","$v":"You can not make calls, send messages or go online because emergency callback mode is enabled. Would you like to turn it off?"},{"$i":"cdma-record-info","$v":"CDMA record information"},{"$i":"ime-switching-title","$v":[{"t":"idOrVar","v":"appName"},": ",{"t":"idOrVar","v":"name"}]},{"$i":"ime-switching-tip","$v":"Tap to switch input method"},{"$i":"download_started","$v":"Download started"},{"$i":"download_stopped","$v":"Download stopped"},{"$i":"download_downloading","$v":"Downloading…"},{"$i":"download_succeeded","$v":"Download complete"},{"$i":"download_failed","$v":"Download failed"},{"$i":"download_text_by_default","$v":[{"t":"idOrVar","v":"name"}]},{"$i":"download_downloading_text_2","$v":[{"t":"idOrVar","v":"percentage"},"% - ",{"t":"idOrVar","v":"name"}]},{"$i":"search-the-web","$v":"Search the web"},{"$i":"search-or-enter-address","$v":"Search or enter address","placeholder":"Search or enter address"},{"$i":"back-button","ariaLabel":"Back"},{"$i":"forward-button","ariaLabel":"Forward"},{"$i":"reload-button","ariaLabel":"Reload"},{"$i":"stop-button","ariaLabel":"Stop"},{"$i":"windows-button","ariaLabel":"Show windows"},{"$i":"noHotspotWhenAPMisOnWifiHotspot","$v":"Turn off airplane mode to use Wi-Fi hotspot."},{"$i":"apmActivated","$v":"Airplane mode activated"},{"$i":"open-in-new-window","$v":"Open in new window"},{"$i":"open-in-new-private-window","$v":"Open in new private window"},{"$i":"add-link-to-home-screen","$v":"Add link to home screen"},{"$i":"share-link","$v":"Share link"},{"$i":"save-image","$v":"Save Image"},{"$i":"save-video","$v":"Save Video"},{"$i":"save-audio","$v":"Save Audio"},{"$i":"save-link","$v":"Save linked file"},{"$i":"share-image","$v":"Share Image"},{"$i":"share-video","$v":"Share Video"},{"$i":"share-audio","$v":"Share Audio"},{"$i":"private-window","$v":"Private Window"},{"$i":"private-window-info1","$v":["You have opened a new private window. In private windows, ",{"t":"idOrVar","v":"brandShortName"}," won’t keep any browser history, cookies, or temporary Internet files. However, files you download and bookmarks you make will be kept."]},{"$i":"private-window-info2","$v":"While this device won’t have a record of your browsing history, your Internet service provider can still track the pages you visit."},{"$i":"okCharsLeft","$v":["OK (",{"t":"idOrVar","v":"n"},")"]},{"$i":"pinning","pin":"Pin","pin-page":"Pin Page"},{"$i":"from","$v":"from"},{"$i":"multiscreen-pick","$v":"Choose an external display"},{"$i":"achievements-add-on-all-star-name","$v":"Add-on All-Star"},{"$i":"achievements-add-on-all-star-description","$v":"Use Customizer to create your own add-on"}]