[
  {
    "id": "af",
    "name": "Afrikaans",
    "imEngineId": "latin",
    "types": [
      "email",
      "password",
      "text",
      "url"
    ],
    "dictFileSize": 964021,
    "preloaded": false,
    "dictFilename": "af.dict",
    "dictFilePath": "dictionaries/af.dict"
  },
  {
    "id": "ar",
    "name": "العربية",
    "types": [
      "email",
      "text",
      "url"
    ],
    "dictFileSize": 1711,
    "preloaded": true
  },
  {
    "id": "bg-BDS",
    "name": "Български (БДС)",
    "imEngineId": "latin",
    "types": [
      "email",
      "text",
      "url"
    ],
    "dictFileSize": 2166414,
    "preloaded": false,
    "dictFilename": "bg.dict",
    "dictFilePath": "dictionaries/bg.dict"
  },
  {
    "id": "bg-Pho-Ban",
    "name": "Български (БАН)",
    "imEngineId": "latin",
    "types": [
      "email",
      "password",
      "text",
      "url"
    ],
    "dictFileSize": 2166414,
    "preloaded": false,
    "dictFilename": "bg.dict",
    "dictFilePath": "dictionaries/bg.dict"
  },
  {
    "id": "bg-Pho-Trad",
    "name": "Български (Фонетична)",
    "imEngineId": "latin",
    "types": [
      "email",
      "password",
      "text",
      "url"
    ],
    "dictFileSize": 2166414,
    "preloaded": false,
    "dictFilename": "bg.dict",
    "dictFilePath": "dictionaries/bg.dict"
  },
  {
    "id": "bn-Avro",
    "name": "বাংলা - অভ্র",
    "imEngineId": "jsavrophonetic",
    "types": [
      "text",
      "url"
    ],
    "dictFileSize": 78917,
    "preloaded": true
  },
  {
    "id": "bn-Probhat",
    "name": "বাংলা - প্রভাত",
    "types": [
      "email",
      "text",
      "url"
    ],
    "dictFileSize": 3502,
    "preloaded": true
  },
  {
    "id": "bs",
    "name": "Bosanski",
    "imEngineId": "latin",
    "types": [
      "email",
      "text",
      "url"
    ],
    "dictFileSize": 910184,
    "preloaded": false,
    "dictFilename": "bs.dict",
    "dictFilePath": "dictionaries/bs.dict"
  },
  {
    "id": "ca",
    "name": "Català",
    "imEngineId": "latin",
    "types": [
      "email",
      "password",
      "text",
      "url"
    ],
    "dictFileSize": 1312458,
    "preloaded": false,
    "dictFilename": "ca.dict",
    "dictFilePath": "dictionaries/ca.dict"
  },
  {
    "id": "cs",
    "name": "Česká",
    "imEngineId": "latin",
    "types": [
      "email",
      "password",
      "text",
      "url"
    ],
    "dictFileSize": 1406998,
    "preloaded": false,
    "dictFilename": "cs.dict",
    "dictFilePath": "dictionaries/cs.dict"
  },
  {
    "id": "cs-qwerty",
    "name": "Česká (QWERTY)",
    "imEngineId": "latin",
    "types": [
      "email",
      "password",
      "text",
      "url"
    ],
    "dictFileSize": 1406998,
    "preloaded": false,
    "dictFilename": "cs.dict",
    "dictFilePath": "dictionaries/cs.dict"
  },
  {
    "id": "cy",
    "name": "Cymraeg",
    "imEngineId": "latin",
    "types": [
      "email",
      "password",
      "text",
      "url"
    ],
    "dictFileSize": 933192,
    "preloaded": false,
    "dictFilename": "cy.dict",
    "dictFilePath": "dictionaries/cy.dict"
  },
  {
    "id": "da",
    "name": "Dansk",
    "imEngineId": "latin",
    "types": [
      "email",
      "password",
      "text",
      "url"
    ],
    "dictFileSize": 1882264,
    "preloaded": false,
    "dictFilename": "da.dict",
    "dictFilePath": "dictionaries/da.dict"
  },
  {
    "id": "de",
    "name": "Deutsch",
    "imEngineId": "latin",
    "types": [
      "email",
      "password",
      "text",
      "url"
    ],
    "dictFileSize": 2344627,
    "preloaded": true,
    "dictFilename": "de.dict",
    "dictFilePath": "dictionaries/de.dict"
  },
  {
    "id": "dz-BT",
    "name": "རྫོང་ཁ",
    "types": [
      "email",
      "text",
      "url"
    ],
    "dictFileSize": 3712,
    "preloaded": true
  },
  {
    "id": "el",
    "name": "Ελληνικό",
    "imEngineId": "latin",
    "types": [
      "email",
      "password",
      "text",
      "url"
    ],
    "dictFileSize": 2306822,
    "preloaded": false,
    "dictFilename": "el.dict",
    "dictFilePath": "dictionaries/el.dict"
  },
  {
    "id": "en",
    "name": "English",
    "imEngineId": "latin",
    "types": [
      "email",
      "password",
      "text",
      "url"
    ],
    "dictFileSize": 1451390,
    "preloaded": true,
    "dictFilename": "en_us.dict",
    "dictFilePath": "dictionaries/en_us.dict"
  },
  {
    "id": "en-Africa",
    "name": "English (Africa)",
    "imEngineId": "latin",
    "types": [
      "email",
      "password",
      "text",
      "url"
    ],
    "dictFileSize": 1428906,
    "preloaded": false,
    "dictFilename": "en_gb.dict",
    "dictFilePath": "dictionaries/en_gb.dict"
  },
  {
    "id": "en-Colemak",
    "name": "Colemak",
    "imEngineId": "latin",
    "types": [
      "email",
      "password",
      "text",
      "url"
    ],
    "dictFileSize": 1451390,
    "preloaded": true,
    "dictFilename": "en_us.dict",
    "dictFilePath": "dictionaries/en_us.dict"
  },
  {
    "id": "en-Dvorak",
    "name": "Dvorak",
    "imEngineId": "latin",
    "types": [
      "email",
      "password",
      "text",
      "url"
    ],
    "dictFileSize": 1451390,
    "preloaded": true,
    "dictFilename": "en_us.dict",
    "dictFilePath": "dictionaries/en_us.dict"
  },
  {
    "id": "en-GB",
    "name": "English (UK)",
    "imEngineId": "latin",
    "types": [
      "email",
      "password",
      "text",
      "url"
    ],
    "dictFileSize": 1428906,
    "preloaded": false,
    "dictFilename": "en_gb.dict",
    "dictFilePath": "dictionaries/en_gb.dict"
  },
  {
    "id": "en-Neo",
    "name": "Neo",
    "imEngineId": "latin",
    "types": [
      "email",
      "password",
      "text",
      "url"
    ],
    "dictFileSize": 1451390,
    "preloaded": true,
    "dictFilename": "en_us.dict",
    "dictFilePath": "dictionaries/en_us.dict"
  },
  {
    "id": "eo",
    "name": "Esperanto",
    "imEngineId": "latin",
    "types": [
      "email",
      "password",
      "text",
      "url"
    ],
    "dictFileSize": 1460,
    "preloaded": true
  },
  {
    "id": "es",
    "name": "Español",
    "imEngineId": "latin",
    "types": [
      "email",
      "password",
      "text",
      "url"
    ],
    "dictFileSize": 1564842,
    "preloaded": true,
    "dictFilename": "es.dict",
    "dictFilePath": "dictionaries/es.dict"
  },
  {
    "id": "es-Americas",
    "name": "Español (Latinoamérica)",
    "imEngineId": "latin",
    "types": [
      "email",
      "password",
      "text",
      "url"
    ],
    "dictFileSize": 1564842,
    "preloaded": true,
    "dictFilename": "es.dict",
    "dictFilePath": "dictionaries/es.dict"
  },
  {
    "id": "eu",
    "name": "Euskara",
    "imEngineId": "latin",
    "types": [
      "email",
      "password",
      "text",
      "url"
    ],
    "dictFileSize": 1266198,
    "preloaded": false,
    "dictFilename": "eu.dict",
    "dictFilePath": "dictionaries/eu.dict"
  },
  {
    "id": "ff",
    "name": "Pulaar-Fulfulde",
    "imEngineId": "latin",
    "types": [
      "email",
      "password",
      "text",
      "url"
    ],
    "dictFileSize": 336161,
    "preloaded": false,
    "dictFilename": "ff.dict",
    "dictFilePath": "dictionaries/ff.dict"
  },
  {
    "id": "fr",
    "name": "Français",
    "imEngineId": "latin",
    "types": [
      "email",
      "password",
      "text",
      "url"
    ],
    "dictFileSize": 1874745,
    "preloaded": true,
    "dictFilename": "fr.dict",
    "dictFilePath": "dictionaries/fr.dict"
  },
  {
    "id": "fr-CA",
    "name": "Français (Canadien)",
    "imEngineId": "latin",
    "types": [
      "email",
      "password",
      "text",
      "url"
    ],
    "dictFileSize": 1874745,
    "preloaded": true,
    "dictFilename": "fr.dict",
    "dictFilePath": "dictionaries/fr.dict"
  },
  {
    "id": "fr-CH",
    "name": "Français (Suisse)",
    "imEngineId": "latin",
    "types": [
      "email",
      "password",
      "text",
      "url"
    ],
    "dictFileSize": 1874745,
    "preloaded": true,
    "dictFilename": "fr.dict",
    "dictFilePath": "dictionaries/fr.dict"
  },
  {
    "id": "fr-Dvorak-bepo",
    "name": "Bépo",
    "imEngineId": "latin",
    "types": [
      "email",
      "password",
      "text",
      "url"
    ],
    "dictFileSize": 1874745,
    "preloaded": true,
    "dictFilename": "fr.dict",
    "dictFilePath": "dictionaries/fr.dict"
  },
  {
    "id": "fy",
    "name": "Frysk",
    "imEngineId": "latin",
    "types": [
      "email",
      "password",
      "text",
      "url"
    ],
    "dictFileSize": 2813460,
    "preloaded": false,
    "dictFilename": "fy.dict",
    "dictFilePath": "dictionaries/fy.dict"
  },
  {
    "id": "ga",
    "name": "Gaeilge",
    "imEngineId": "latin",
    "types": [
      "email",
      "password",
      "text",
      "url"
    ],
    "dictFileSize": 1141418,
    "preloaded": false,
    "dictFilename": "ga.dict",
    "dictFilePath": "dictionaries/ga.dict"
  },
  {
    "id": "gd",
    "name": "Gàidhlig",
    "imEngineId": "latin",
    "types": [
      "email",
      "password",
      "text",
      "url"
    ],
    "dictFileSize": 406536,
    "preloaded": false,
    "dictFilename": "gd.dict",
    "dictFilePath": "dictionaries/gd.dict"
  },
  {
    "id": "gl",
    "name": "Galego",
    "imEngineId": "latin",
    "types": [
      "email",
      "password",
      "text",
      "url"
    ],
    "dictFileSize": 1665314,
    "preloaded": false,
    "dictFilename": "gl.dict",
    "dictFilePath": "dictionaries/gl.dict"
  },
  {
    "id": "gv",
    "name": "Gaelg",
    "imEngineId": "latin",
    "types": [
      "email",
      "password",
      "text",
      "url"
    ],
    "dictFileSize": 394452,
    "preloaded": false,
    "dictFilename": "gv.dict",
    "dictFilePath": "dictionaries/gv.dict"
  },
  {
    "id": "he",
    "name": "עִבְרִית",
    "types": [
      "email",
      "text",
      "url"
    ],
    "dictFileSize": 984,
    "preloaded": true
  },
  {
    "id": "hi",
    "name": "हिन्दी",
    "imEngineId": "india",
    "types": [
      "email",
      "text",
      "url"
    ],
    "dictFileSize": 306,
    "preloaded": true
  },
  {
    "id": "hr",
    "name": "Hrvatski",
    "imEngineId": "latin",
    "types": [
      "email",
      "password",
      "text",
      "url"
    ],
    "dictFileSize": 1661622,
    "preloaded": false,
    "dictFilename": "hr.dict",
    "dictFilePath": "dictionaries/hr.dict"
  },
  {
    "id": "hu",
    "name": "Magyar",
    "imEngineId": "latin",
    "types": [
      "email",
      "password",
      "text",
      "url"
    ],
    "dictFileSize": 4164126,
    "preloaded": false,
    "dictFilename": "hu.dict",
    "dictFilePath": "dictionaries/hu.dict"
  },
  {
    "id": "ig",
    "name": "Asụsụ Igbo",
    "imEngineId": "latin",
    "types": [
      "email",
      "password",
      "text",
      "url"
    ],
    "dictFileSize": 1147,
    "preloaded": true
  },
  {
    "id": "it",
    "name": "Italiano",
    "imEngineId": "latin",
    "types": [
      "email",
      "password",
      "text",
      "url"
    ],
    "dictFileSize": 1610545,
    "preloaded": false,
    "dictFilename": "it.dict",
    "dictFilePath": "dictionaries/it.dict"
  },
  {
    "id": "ko",
    "name": "한국어",
    "imEngineId": "jshangul",
    "types": [
      "email",
      "text",
      "url"
    ],
    "dictFileSize": 9562,
    "preloaded": true
  },
  {
    "id": "lt",
    "name": "Lietuvių",
    "imEngineId": "latin",
    "types": [
      "email",
      "password",
      "text",
      "url"
    ],
    "dictFileSize": 1726838,
    "preloaded": false,
    "dictFilename": "lt.dict",
    "dictFilePath": "dictionaries/lt.dict"
  },
  {
    "id": "lv",
    "name": "Latviešu",
    "imEngineId": "latin",
    "types": [
      "email",
      "password",
      "text",
      "url"
    ],
    "dictFileSize": 1799224,
    "preloaded": false,
    "dictFilename": "lv.dict",
    "dictFilePath": "dictionaries/lv.dict"
  },
  {
    "id": "mk",
    "name": "Македонски",
    "imEngineId": "latin",
    "types": [
      "email",
      "password",
      "text",
      "url"
    ],
    "dictFileSize": 1153,
    "preloaded": true
  },
  {
    "id": "my",
    "name": "မြန်မာ",
    "imEngineId": "myanmar",
    "types": [
      "email",
      "text",
      "url"
    ],
    "dictFileSize": 8301,
    "preloaded": true
  },
  {
    "id": "nb",
    "name": "Norsk",
    "imEngineId": "latin",
    "types": [
      "email",
      "password",
      "text",
      "url"
    ],
    "dictFileSize": 1720106,
    "preloaded": false,
    "dictFilename": "nb.dict",
    "dictFilePath": "dictionaries/nb.dict"
  },
  {
    "id": "nl",
    "name": "Nederlands",
    "imEngineId": "latin",
    "types": [
      "email",
      "password",
      "text",
      "url"
    ],
    "dictFileSize": 2006828,
    "preloaded": false,
    "dictFilename": "nl.dict",
    "dictFilePath": "dictionaries/nl.dict"
  },
  {
    "id": "pl",
    "name": "Polski",
    "imEngineId": "latin",
    "types": [
      "email",
      "password",
      "text",
      "url"
    ],
    "dictFileSize": 1644422,
    "preloaded": true,
    "dictFilename": "pl.dict",
    "dictFilePath": "dictionaries/pl.dict"
  },
  {
    "id": "pt-BR",
    "name": "Português (do Brasil)",
    "imEngineId": "latin",
    "types": [
      "email",
      "password",
      "text",
      "url"
    ],
    "dictFileSize": 1524964,
    "preloaded": true,
    "dictFilename": "pt_br.dict",
    "dictFilePath": "dictionaries/pt_br.dict"
  },
  {
    "id": "pt-PT",
    "name": "Português (Europeu)",
    "imEngineId": "latin",
    "types": [
      "email",
      "password",
      "text",
      "url"
    ],
    "dictFileSize": 2007936,
    "preloaded": false,
    "dictFilename": "pt_pt.dict",
    "dictFilePath": "dictionaries/pt_pt.dict"
  },
  {
    "id": "ro",
    "name": "Română",
    "imEngineId": "latin",
    "types": [
      "email",
      "password",
      "text",
      "url"
    ],
    "dictFileSize": 984838,
    "preloaded": false,
    "dictFilename": "ro.dict",
    "dictFilePath": "dictionaries/ro.dict"
  },
  {
    "id": "ru",
    "name": "Pусский",
    "imEngineId": "latin",
    "types": [
      "email",
      "password",
      "text",
      "url"
    ],
    "dictFileSize": 2287339,
    "preloaded": false,
    "dictFilename": "ru.dict",
    "dictFilePath": "dictionaries/ru.dict"
  },
  {
    "id": "sk",
    "name": "Slovenčina",
    "imEngineId": "latin",
    "types": [
      "email",
      "password",
      "text",
      "url"
    ],
    "dictFileSize": 1628123,
    "preloaded": false,
    "dictFilename": "sk.dict",
    "dictFilePath": "dictionaries/sk.dict"
  },
  {
    "id": "sq",
    "name": "Shqip",
    "imEngineId": "latin",
    "types": [
      "email",
      "password",
      "text",
      "url"
    ],
    "dictFileSize": 807268,
    "preloaded": false,
    "dictFilename": "sq.dict",
    "dictFilePath": "dictionaries/sq.dict"
  },
  {
    "id": "sr-Cyrl",
    "name": "Српски",
    "imEngineId": "latin",
    "types": [
      "email",
      "password",
      "text",
      "url"
    ],
    "dictFileSize": 1861002,
    "preloaded": false,
    "dictFilename": "sr-Cyrl.dict",
    "dictFilePath": "dictionaries/sr-Cyrl.dict"
  },
  {
    "id": "sr-Latn",
    "name": "Srpski",
    "imEngineId": "latin",
    "types": [
      "email",
      "password",
      "text",
      "url"
    ],
    "dictFileSize": 1515705,
    "preloaded": false,
    "dictFilename": "sr-Latn.dict",
    "dictFilePath": "dictionaries/sr-Latn.dict"
  },
  {
    "id": "sv",
    "name": "Svenska",
    "imEngineId": "latin",
    "types": [
      "email",
      "password",
      "text",
      "url"
    ],
    "dictFileSize": 1974113,
    "preloaded": false,
    "dictFilename": "sv.dict",
    "dictFilePath": "dictionaries/sv.dict"
  },
  {
    "id": "ta",
    "name": "தமிழ்",
    "imEngineId": "india",
    "types": [
      "email",
      "text",
      "url"
    ],
    "dictFileSize": 306,
    "preloaded": true
  },
  {
    "id": "te",
    "name": "తెలుగు",
    "imEngineId": "india",
    "types": [
      "email",
      "text",
      "url"
    ],
    "dictFileSize": 306,
    "preloaded": true
  },
  {
    "id": "th",
    "name": "ไทย",
    "types": [
      "email",
      "text",
      "url"
    ],
    "dictFileSize": 2440,
    "preloaded": true
  },
  {
    "id": "tr-F",
    "name": "Türkçe F",
    "imEngineId": "latin",
    "types": [
      "email",
      "password",
      "text",
      "url"
    ],
    "dictFileSize": 1588766,
    "preloaded": false,
    "dictFilename": "tr.dict",
    "dictFilePath": "dictionaries/tr.dict"
  },
  {
    "id": "tr-Q",
    "name": "Türkçe Q",
    "imEngineId": "latin",
    "types": [
      "email",
      "password",
      "text",
      "url"
    ],
    "dictFileSize": 1588766,
    "preloaded": false,
    "dictFilename": "tr.dict",
    "dictFilePath": "dictionaries/tr.dict"
  },
  {
    "id": "uk",
    "name": "Українська",
    "imEngineId": "latin",
    "types": [
      "email",
      "text",
      "url"
    ],
    "dictFileSize": 2518,
    "preloaded": true
  },
  {
    "id": "vi-Qwerty",
    "name": "Tiếng Việt (QWERTY)",
    "imEngineId": "vietnamese",
    "types": [
      "email",
      "text",
      "url"
    ],
    "dictFileSize": 13908,
    "preloaded": true
  },
  {
    "id": "vi-Telex",
    "name": "Tiếng Việt (Telex)",
    "imEngineId": "jstelex",
    "types": [
      "email",
      "text",
      "url"
    ],
    "dictFileSize": 12927,
    "preloaded": true
  },
  {
    "id": "vi-Typewriter",
    "name": "Tiếng Việt",
    "imEngineId": "vietnamese",
    "types": [
      "email",
      "text",
      "url"
    ],
    "dictFileSize": 13908,
    "preloaded": true
  },
  {
    "id": "wo",
    "name": "Wolof",
    "imEngineId": "latin",
    "types": [
      "email",
      "password",
      "text",
      "url"
    ],
    "dictFileSize": 1328,
    "preloaded": true
  },
  {
    "id": "zh-Hans-Pinyin",
    "name": "拼音",
    "imEngineId": "jspinyin",
    "types": [
      "email",
      "text",
      "url"
    ],
    "dictFileSize": 2139545,
    "preloaded": true
  }
]