[{"$i":"ok","$v":"ǾǿĶ"},{"$i":"download-button","$v":"Ḓǿǿẇƞŀǿǿȧȧḓ"},{"$i":"install-button","$v":"Īīƞşŧȧȧŀŀ"},{"$i":"cancel-button","$v":"Ƈȧȧƞƈḗḗŀ"},{"$i":"download_error","$v":"Ḓǿǿẇƞŀǿǿȧȧḓ Ḗḗřřǿǿř"},{"$i":"install_error","$v":"Īīƞşŧȧȧŀŀȧȧŧīīǿǿƞ Ḗḗřřǿǿř"},{"$i":"err_descriptor_download_failed","$v":"Ŧħḗḗ ḓǿǿẇƞŀǿǿȧȧḓ ƒȧȧīīŀḗḗḓ ƀḗḗƈȧȧŭŭşḗḗ ǿǿƒ ȧȧ şḗḗřṽḗḗř ḗḗřřǿǿř."},{"$i":"err_bad_descriptor","$v":"Ŧħḗḗ ḓǿǿẇƞŀǿǿȧȧḓ ƒȧȧīīŀḗḗḓ ƀḗḗƈȧȧŭŭşḗḗ ǿǿƒ ȧȧ şḗḗřṽḗḗř ḗḗřřǿǿř."},{"$i":"err_too_big","$v":"Ƒīīŀḗḗ īīş ŧǿǿǿǿ ŀȧȧřɠḗḗ ŧǿǿ ḓǿǿẇƞŀǿǿȧȧḓ."},{"$i":"err_unsupported_type","$v":"Ŧħīīş ŧẏƥḗḗ ǿǿƒ ƥŭŭřƈħȧȧşḗḗḓ ḿḗḗḓīīȧȧ īīş ƞǿǿŧ şŭŭƥƥǿǿřŧḗḗḓ ǿǿƞ ẏǿǿŭŭř ƥħǿǿƞḗḗ."},{"$i":"err_bad_type","$v":"Ŧħḗḗ ḓǿǿẇƞŀǿǿȧȧḓ ƒȧȧīīŀḗḗḓ ƀḗḗƈȧȧŭŭşḗḗ ǿǿƒ ȧȧ şḗḗřṽḗḗř ḗḗřřǿǿř."},{"$i":"err_content_download_failed","$v":"Ŧħḗḗ ḓǿǿẇƞŀǿǿȧȧḓ ƒȧȧīīŀḗḗḓ ƀḗḗƈȧȧŭŭşḗḗ ǿǿƒ ȧȧ şḗḗřṽḗḗř ḗḗřřǿǿř."},{"$i":"err_bad_drm_message","$v":"Ŧħḗḗ ḓǿǿẇƞŀǿǿȧȧḓ ƒȧȧīīŀḗḗḓ ƀḗḗƈȧȧŭŭşḗḗ ǿǿƒ ȧȧ şḗḗřṽḗḗř ḗḗřřǿǿř."},{"$i":"err_bad_image","$v":"Ŧħḗḗ ḓǿǿẇƞŀǿǿȧȧḓḗḗḓ īīḿȧȧɠḗḗ ƈȧȧƞƞǿǿŧ ƀḗḗ ḓīīşƥŀȧȧẏḗḗḓ ǿǿƞ ŧħīīş ḓḗḗṽīīƈḗḗ."},{"$i":"err_bad_audio","$v":"Ŧħḗḗ ḓǿǿẇƞŀǿǿȧȧḓḗḗḓ ƒīīŀḗḗ ƈȧȧƞƞǿǿŧ ƀḗḗ ƥŀȧȧẏḗḗḓ ǿǿƞ ŧħīīş ḓḗḗṽīīƈḗḗ."},{"$i":"err_no_space","$v":"Ŧħḗḗřḗḗ īīş ƞǿǿŧ ḗḗƞǿǿŭŭɠħ şŧǿǿřȧȧɠḗḗ şƥȧȧƈḗḗ ǿǿƞ ẏǿǿŭŭř ḓḗḗṽīīƈḗḗ ŧǿǿ şȧȧṽḗḗ ŧħīīş şǿǿƞɠ."},{"$i":"err_no_sdcard","$v":"Ƈȧȧƞƞǿǿŧ şȧȧṽḗḗ şǿǿƞɠ ƀḗḗƈȧȧŭŭşḗḗ ŧħḗḗřḗḗ īīş ƞǿǿ ḿḗḗḿǿǿřẏ ƈȧȧřḓ."},{"$i":"err_sdcard_in_use","$v":"Ƈȧȧƞƞǿǿŧ şȧȧṽḗḗ şǿǿƞɠ ƀḗḗƈȧȧŭŭşḗḗ ŧħḗḗ ḿḗḗḿǿǿřẏ ƈȧȧřḓ īīş īīƞ ŭŭşḗḗ. Ŭŭƞƥŀŭŭɠ ẏǿǿŭŭř ƥħǿǿƞḗḗ ȧȧƞḓ ŧřẏ ḓǿǿẇƞŀǿǿȧȧḓīīƞɠ ȧȧɠȧȧīīƞ."},{"$i":"err_ds_save_failure","$v":"Ḗḗřřǿǿř şȧȧṽīīƞɠ ḿḗḗḓīīȧȧ ƒīīŀḗḗ."},{"$i":"err_db_store_failure","$v":"Ḗḗřřǿǿř şȧȧṽīīƞɠ ḿḗḗḓīīȧȧ ƒīīŀḗḗ."},{"$i":"success_song","$v":"Şǿǿƞɠ ḓǿǿẇƞŀǿǿȧȧḓḗḗḓ ȧȧƞḓ īīƞşŧȧȧŀŀḗḗḓ. Ŭŭşḗḗ ŧħḗḗ Ḿŭŭşīīƈ ȧȧƥƥ ŧǿǿ ƥŀȧȧẏ īīŧ."},{"$i":"success_ringtone","$v":"Řīīƞɠŧǿǿƞḗḗ ḓǿǿẇƞŀǿǿȧȧḓḗḗḓ ȧȧƞḓ īīƞşŧȧȧŀŀḗḗḓ."},{"$i":"success_wallpaper","$v":"Ẇȧȧŀŀƥȧȧƥḗḗř ḓǿǿẇƞŀǿǿȧȧḓḗḗḓ ȧȧƞḓ īīƞşŧȧȧŀŀḗḗḓ."},{"$i":"ringtone-or-song-question","$v":"Ḓǿǿ ẏǿǿŭŭ ẇȧȧƞŧ ŧǿǿ īīƞşŧȧȧŀŀ ŧħīīş ȧȧŭŭḓīīǿǿ ƒīīŀḗḗ ȧȧş ȧȧ şǿǿƞɠ ǿǿř ȧȧş ȧȧ řīīƞɠŧǿǿƞḗḗ?"},{"$i":"ringtone-response","$v":"Řīīƞɠŧǿǿƞḗḗ"},{"$i":"song-response","$v":"Şǿǿƞɠ"},{"$i":"download-confirmation-title-song","$v":"Ḓǿǿẇƞŀǿǿȧȧḓ şǿǿƞɠ?"},{"$i":"download-confirmation-title-ringtone","$v":"Ḓǿǿẇƞŀǿǿȧȧḓ řīīƞɠŧǿǿƞḗḗ?"},{"$i":"download-confirmation-title-wallpaper","$v":"Ḓǿǿẇƞŀǿǿȧȧḓ ẇȧȧŀŀƥȧȧƥḗḗř?"},{"$i":"downloading-song","$v":"Ḓǿǿẇƞŀǿǿȧȧḓīīƞɠ şǿǿƞɠ…"},{"$i":"downloading-ringtone","$v":"Ḓǿǿẇƞŀǿǿȧȧḓīīƞɠ řīīƞɠŧǿǿƞḗḗ…"},{"$i":"downloading-wallpaper","$v":"Ḓǿǿẇƞŀǿǿȧȧḓīīƞɠ ẇȧȧŀŀƥȧȧƥḗḗř…"},{"$i":"locked-content-advisory","$v":[{"t":"idOrVar","v":"vendor"}," ħȧȧş ŀǿǿƈķḗḗḓ ŧħīīş ḿḗḗḓīīȧȧ ƒīīŀḗḗ şǿǿ ŧħȧȧŧ īīŧ ƈȧȧƞƞǿǿŧ ƀḗḗ şħȧȧřḗḗḓ ẇīīŧħ ǿǿŧħḗḗřş ǿǿř ŧřȧȧƞşƒḗḗřřḗḗḓ ŧǿǿ ȧȧ ƞḗḗẇ ḓḗḗṽīīƈḗḗ."]},{"$i":"locked-content-advisory-generic","$v":"Ŧħḗḗ şḗḗŀŀḗḗř ħȧȧş ŀǿǿƈķḗḗḓ ŧħīīş ḿḗḗḓīīȧȧ ƒīīŀḗḗ şǿǿ ŧħȧȧŧ īīŧ ƈȧȧƞƞǿǿŧ ƀḗḗ şħȧȧřḗḗḓ ẇīīŧħ ǿǿŧħḗḗřş ǿǿř ŧřȧȧƞşƒḗḗřřḗḗḓ ŧǿǿ ȧȧ ƞḗḗẇ ḓḗḗṽīīƈḗḗ."},{"$i":"download-confirmation-name","$v":"Ƞȧȧḿḗḗ"},{"$i":"download-confirmation-type","$v":"Ŧẏƥḗḗ"},{"$i":"download-confirmation-size","$v":"Şīīẑḗḗ"},{"$i":"download-confirmation-vendor","$v":"Ṽḗḗƞḓǿǿř"},{"$i":"download-confirmation-description","$v":"Īīƞƒǿǿ"},{"$i":"download-progress-title","$v":"Ḓǿǿẇƞŀǿǿȧȧḓīīƞɠ"},{"$i":"preview-image-title","$v":"Ƥřḗḗṽīīḗḗẇ īīḿȧȧɠḗḗ"},{"$i":"preview-audio-title","$v":"Ƥřḗḗṽīīḗḗẇ ȧȧŭŭḓīīǿǿ"},{"$i":"byteUnit-B","$v":"ƀẏŧḗḗş"},{"$i":"byteUnit-KB","$v":"ĶƁ"},{"$i":"byteUnit-MB","$v":"ḾƁ"},{"$i":"byteUnit-GB","$v":"ƓƁ"}]