[{"$i":"ok","$v":"‮OӼ‬"},{"$i":"download-button","$v":"‮poʍuʅoɐp‬"},{"$i":"install-button","$v":"‮Iusʇɐʅʅ‬"},{"$i":"cancel-button","$v":"‮Ↄɐuɔǝʅ‬"},{"$i":"download_error","$v":"‮poʍuʅoɐp‬ ‮Ǝɹɹoɹ‬"},{"$i":"install_error","$v":"‮Iusʇɐʅʅɐʇıou‬ ‮Ǝɹɹoɹ‬"},{"$i":"err_descriptor_download_failed","$v":"‮⊥ɥǝ‬ ‮poʍuʅoɐp‬ ‮ɟɐıʅǝp‬ ‮qǝɔɐnsǝ‬ ‮oɟ‬ ‮ɐ‬ ‮sǝɹʌǝɹ‬ ‮ǝɹɹoɹ‬."},{"$i":"err_bad_descriptor","$v":"‮⊥ɥǝ‬ ‮poʍuʅoɐp‬ ‮ɟɐıʅǝp‬ ‮qǝɔɐnsǝ‬ ‮oɟ‬ ‮ɐ‬ ‮sǝɹʌǝɹ‬ ‮ǝɹɹoɹ‬."},{"$i":"err_too_big","$v":"‮ɟıʅǝ‬ ‮ıs‬ ‮ʇoo‬ ‮ʅɐɹƃǝ‬ ‮ʇo‬ ‮poʍuʅoɐp‬."},{"$i":"err_unsupported_type","$v":"‮⊥ɥıs‬ ‮ʇʎdǝ‬ ‮oɟ‬ ‮dnɹɔɥɐsǝp‬ ‮ɯǝpıɐ‬ ‮ıs‬ ‮uoʇ‬ ‮snddoɹʇǝp‬ ‮ou‬ ‮ʎonɹ‬ ‮dɥouǝ‬."},{"$i":"err_bad_type","$v":"‮⊥ɥǝ‬ ‮poʍuʅoɐp‬ ‮ɟɐıʅǝp‬ ‮qǝɔɐnsǝ‬ ‮oɟ‬ ‮ɐ‬ ‮sǝɹʌǝɹ‬ ‮ǝɹɹoɹ‬."},{"$i":"err_content_download_failed","$v":"‮⊥ɥǝ‬ ‮poʍuʅoɐp‬ ‮ɟɐıʅǝp‬ ‮qǝɔɐnsǝ‬ ‮oɟ‬ ‮ɐ‬ ‮sǝɹʌǝɹ‬ ‮ǝɹɹoɹ‬."},{"$i":"err_bad_drm_message","$v":"‮⊥ɥǝ‬ ‮poʍuʅoɐp‬ ‮ɟɐıʅǝp‬ ‮qǝɔɐnsǝ‬ ‮oɟ‬ ‮ɐ‬ ‮sǝɹʌǝɹ‬ ‮ǝɹɹoɹ‬."},{"$i":"err_bad_image","$v":"‮⊥ɥǝ‬ ‮poʍuʅoɐpǝp‬ ‮ıɯɐƃǝ‬ ‮ɔɐuuoʇ‬ ‮qǝ‬ ‮pısdʅɐʎǝp‬ ‮ou‬ ‮ʇɥıs‬ ‮pǝʌıɔǝ‬."},{"$i":"err_bad_audio","$v":"‮⊥ɥǝ‬ ‮poʍuʅoɐpǝp‬ ‮ɟıʅǝ‬ ‮ɔɐuuoʇ‬ ‮qǝ‬ ‮dʅɐʎǝp‬ ‮ou‬ ‮ʇɥıs‬ ‮pǝʌıɔǝ‬."},{"$i":"err_no_space","$v":"‮⊥ɥǝɹǝ‬ ‮ıs‬ ‮uoʇ‬ ‮ǝuonƃɥ‬ ‮sʇoɹɐƃǝ‬ ‮sdɐɔǝ‬ ‮ou‬ ‮ʎonɹ‬ ‮pǝʌıɔǝ‬ ‮ʇo‬ ‮sɐʌǝ‬ ‮ʇɥıs‬ ‮souƃ‬."},{"$i":"err_no_sdcard","$v":"‮Ↄɐuuoʇ‬ ‮sɐʌǝ‬ ‮souƃ‬ ‮qǝɔɐnsǝ‬ ‮ʇɥǝɹǝ‬ ‮ıs‬ ‮uo‬ ‮ɯǝɯoɹʎ‬ ‮ɔɐɹp‬."},{"$i":"err_sdcard_in_use","$v":"‮Ↄɐuuoʇ‬ ‮sɐʌǝ‬ ‮souƃ‬ ‮qǝɔɐnsǝ‬ ‮ʇɥǝ‬ ‮ɯǝɯoɹʎ‬ ‮ɔɐɹp‬ ‮ıs‬ ‮ıu‬ ‮nsǝ‬. ‮∩udʅnƃ‬ ‮ʎonɹ‬ ‮dɥouǝ‬ ‮ɐup‬ ‮ʇɹʎ‬ ‮poʍuʅoɐpıuƃ‬ ‮ɐƃɐıu‬."},{"$i":"err_ds_save_failure","$v":"‮Ǝɹɹoɹ‬ ‮sɐʌıuƃ‬ ‮ɯǝpıɐ‬ ‮ɟıʅǝ‬."},{"$i":"err_db_store_failure","$v":"‮Ǝɹɹoɹ‬ ‮sɐʌıuƃ‬ ‮ɯǝpıɐ‬ ‮ɟıʅǝ‬."},{"$i":"success_song","$v":"‮Souƃ‬ ‮poʍuʅoɐpǝp‬ ‮ɐup‬ ‮ıusʇɐʅʅǝp‬. ‮∩sǝ‬ ‮ʇɥǝ‬ ‮Wnsıɔ‬ ‮ɐdd‬ ‮ʇo‬ ‮dʅɐʎ‬ ‮ıʇ‬."},{"$i":"success_ringtone","$v":"‮ᴚıuƃʇouǝ‬ ‮poʍuʅoɐpǝp‬ ‮ɐup‬ ‮ıusʇɐʅʅǝp‬."},{"$i":"success_wallpaper","$v":"‮Ｍɐʅʅdɐdǝɹ‬ ‮poʍuʅoɐpǝp‬ ‮ɐup‬ ‮ıusʇɐʅʅǝp‬."},{"$i":"ringtone-or-song-question","$v":"‮po‬ ‮ʎon‬ ‮ʍɐuʇ‬ ‮ʇo‬ ‮ıusʇɐʅʅ‬ ‮ʇɥıs‬ ‮ɐnpıo‬ ‮ɟıʅǝ‬ ‮ɐs‬ ‮ɐ‬ ‮souƃ‬ ‮oɹ‬ ‮ɐs‬ ‮ɐ‬ ‮ɹıuƃʇouǝ‬?"},{"$i":"ringtone-response","$v":"‮ᴚıuƃʇouǝ‬"},{"$i":"song-response","$v":"‮Souƃ‬"},{"$i":"download-confirmation-title-song","$v":"‮poʍuʅoɐp‬ ‮souƃ‬?"},{"$i":"download-confirmation-title-ringtone","$v":"‮poʍuʅoɐp‬ ‮ɹıuƃʇouǝ‬?"},{"$i":"download-confirmation-title-wallpaper","$v":"‮poʍuʅoɐp‬ ‮ʍɐʅʅdɐdǝɹ‬?"},{"$i":"downloading-song","$v":"‮poʍuʅoɐpıuƃ‬ ‮souƃ‬…"},{"$i":"downloading-ringtone","$v":"‮poʍuʅoɐpıuƃ‬ ‮ɹıuƃʇouǝ‬…"},{"$i":"downloading-wallpaper","$v":"‮poʍuʅoɐpıuƃ‬ ‮ʍɐʅʅdɐdǝɹ‬…"},{"$i":"locked-content-advisory","$v":[{"t":"idOrVar","v":"vendor"}," ‮ɥɐs‬ ‮ʅoɔʞǝp‬ ‮ʇɥıs‬ ‮ɯǝpıɐ‬ ‮ɟıʅǝ‬ ‮so‬ ‮ʇɥɐʇ‬ ‮ıʇ‬ ‮ɔɐuuoʇ‬ ‮qǝ‬ ‮sɥɐɹǝp‬ ‮ʍıʇɥ‬ ‮oʇɥǝɹs‬ ‮oɹ‬ ‮ʇɹɐusɟǝɹɹǝp‬ ‮ʇo‬ ‮ɐ‬ ‮uǝʍ‬ ‮pǝʌıɔǝ‬."]},{"$i":"locked-content-advisory-generic","$v":"‮⊥ɥǝ‬ ‮sǝʅʅǝɹ‬ ‮ɥɐs‬ ‮ʅoɔʞǝp‬ ‮ʇɥıs‬ ‮ɯǝpıɐ‬ ‮ɟıʅǝ‬ ‮so‬ ‮ʇɥɐʇ‬ ‮ıʇ‬ ‮ɔɐuuoʇ‬ ‮qǝ‬ ‮sɥɐɹǝp‬ ‮ʍıʇɥ‬ ‮oʇɥǝɹs‬ ‮oɹ‬ ‮ʇɹɐusɟǝɹɹǝp‬ ‮ʇo‬ ‮ɐ‬ ‮uǝʍ‬ ‮pǝʌıɔǝ‬."},{"$i":"download-confirmation-name","$v":"‮Nɐɯǝ‬"},{"$i":"download-confirmation-type","$v":"‮⊥ʎdǝ‬"},{"$i":"download-confirmation-size","$v":"‮Sızǝ‬"},{"$i":"download-confirmation-vendor","$v":"‮Ʌǝupoɹ‬"},{"$i":"download-confirmation-description","$v":"‮Iuɟo‬"},{"$i":"download-progress-title","$v":"‮poʍuʅoɐpıuƃ‬"},{"$i":"preview-image-title","$v":"‮Ԁɹǝʌıǝʍ‬ ‮ıɯɐƃǝ‬"},{"$i":"preview-audio-title","$v":"‮Ԁɹǝʌıǝʍ‬ ‮ɐnpıo‬"},{"$i":"byteUnit-B","$v":"‮qʎʇǝs‬"},{"$i":"byteUnit-KB","$v":"‮ӼԐ‬"},{"$i":"byteUnit-MB","$v":"‮WԐ‬"},{"$i":"byteUnit-GB","$v":"‮פԐ‬"}]