[{"$i":"gaia-menu-cancel","$v":"‮Ↄɐuɔǝʅ‬"},{"$i":"gaia-sim-picker-dial-via-with-number","$v":["‮pıɐʅ‬ ",{"t":"idOrVar","v":"phoneNumber"}," ‮ʌıɐ‬"]},{"$i":"gaia-sim-picker-select-sim","$v":"‮Sǝʅǝɔʇ‬ ‮SIW‬"},{"$i":"gaia-sim-picker-button","$v":["‮SIW‬",{"t":"idOrVar","v":"n"}]},{"$i":"gaia-sim-picker-button-default","$v":"(‮pǝɟɐnʅʇ‬)"},{"$i":"call","$v":"‮Ↄɐʅʅ‬"},{"$i":"edit","$v":"‮Ǝpıʇ‬"},{"$i":"cancel","$v":"‮Ↄɐuɔǝʅ‬"},{"$i":"done","$v":"‮pouǝ‬"},{"$i":"ok","$v":"‮OӼ‬"},{"$i":"update","$v":"‮∩dpɐʇǝ‬"},{"$i":"retry","$v":"‮ᴚǝʇɹʎ‬"},{"$i":"contacts","$v":"‮Ↄouʇɐɔʇs‬"},{"$i":"addContact","$v":"‮∀pp‬ ‮ɔouʇɐɔʇ‬"},{"$i":"deleteContact","$v":"‮pǝʅǝʇǝ‬ ‮ɔouʇɐɔʇ‬"},{"$i":"selectContact","$v":"‮Sǝʅǝɔʇ‬ ‮ɔouʇɐɔʇ‬"},{"$i":"selectAll","$v":"‮Sǝʅǝɔʇ‬ ‮ɐʅʅ‬"},{"$i":"deselectAll","$v":"‮pǝsǝʅǝɔʇ‬ ‮ɐʅʅ‬"},{"$i":"editContact","$v":"‮Ǝpıʇ‬ ‮ɔouʇɐɔʇ‬"},{"$i":"deleteConfirmMsg","$v":"‮pǝʅǝʇǝ‬ ‮ɔouʇɐɔʇ‬?"},{"$i":"remove","$v":"‮ᴚǝɯoʌǝ‬"},{"$i":"delete","$v":"‮pǝʅǝʇǝ‬"},{"$i":"comments","$v":"‮Ↄoɯɯǝuʇs‬"},{"$i":"no_contact_phones","$v":"‮⊥ɥıs‬ ‮ɔouʇɐɔʇ‬ ‮poǝs‬ ‮uoʇ‬ ‮ɥɐʌǝ‬ ‮ɐ‬ ‮dɥouǝ‬ ‮unɯqǝɹ‬"},{"$i":"no_contact_email","$v":"‮⊥ɥıs‬ ‮ɔouʇɐɔʇ‬ ‮poǝs‬ ‮uoʇ‬ ‮ɥɐʌǝ‬ ‮ɐu‬ ‮ǝɯɐıʅ‬ ‮ɐppɹǝss‬"},{"$i":"no_contact_data","$v":"‮⊥ɥıs‬ ‮ɔouʇɐɔʇ‬ ‮poǝs‬ ‮uoʇ‬ ‮ɥɐʌǝ‬ ‮ɐ‬ ‮dɥouǝ‬ ‮unɯqǝɹ‬ ‮ɐup‬ ‮ǝɯɐıʅ‬ ‮ɐppɹǝss‬"},{"$i":"removePhotoConfirm","$v":"‮ᴚǝɯoʌǝ‬ ‮ɔouʇɐɔʇ‬ ‮dıɔʇnɹǝ‬?"},{"$i":"loadingContacts","$v":"‮˥oɐpıuƃ‬ ‮ɔouʇɐɔʇs‬…"},{"$i":"noContactsActivity2","$v":"‮No‬ ‮ɔouʇɐɔʇs‬ ‮ıu‬ ‮ʎonɹ‬ ‮Ↄouʇɐɔʇs‬ ‮ʅısʇ‬"},{"$i":"noName","$v":"‮No‬ ‮uɐɯǝ‬"},{"$i":"givenName","placeholder":"‮Nɐɯǝ‬"},{"$i":"familyName","placeholder":"‮˥ɐsʇ‬ ‮uɐɯǝ‬"},{"$i":"tel","placeholder":"‮Ԁɥouǝ‬"},{"$i":"carrier","$v":"‮Ↄɐɹɹıǝɹ‬","placeholder":"‮Ↄɐɹɹıǝɹ‬"},{"$i":"separator","$v":","},{"$i":"email","$v":"‮Ǝɯɐıʅ‬","placeholder":"‮Ǝɯɐıʅ‬"},{"$i":"streetAddress","placeholder":"‮Sʇɹǝǝʇ‬"},{"$i":"postalCode","placeholder":"‮Zıd‬ ‮ɔopǝ‬"},{"$i":"locality","placeholder":"‮Ↄıʇʎ‬"},{"$i":"countryName","placeholder":"‮Ↄonuʇɹʎ‬"},{"$i":"comment","placeholder":"‮Ↄoɯɯǝuʇ‬"},{"$i":"org","placeholder":"‮Ↄoɯdɐuʎ‬"},{"$i":"date","$v":"‮pɐʇǝ‬","placeholder":"‮pɐʇǝ‬"},{"$i":"date-span-placeholder","$v":"‮pɐʇǝ‬"},{"$i":"birthday","$v":"‮Ԑıɹʇɥpɐʎ‬"},{"$i":"dateFormat","$v":"%B %e"},{"$i":"dateOutput","$v":[{"t":"idOrVar","v":"dayMonthFormatted"}," ",{"t":"idOrVar","v":"year"}]},{"$i":"anniversary","$v":"‮∀uuıʌǝɹsɐɹʎ‬"},{"$i":"addPhoto","$v":"‮∀pp‬ ‮Ԁıɔʇnɹǝ‬"},{"$i":"addPhone","$v":"‮∀pp‬ ‮Ԁɥouǝ‬"},{"$i":"addEmail","$v":"‮∀pp‬ ‮Ǝɯɐıʅ‬"},{"$i":"addAddress","$v":"‮∀pp‬ ‮∀ppɹǝss‬"},{"$i":"addDate","$v":"‮∀pp‬ ‮pɐʇǝ‬"},{"$i":"addComment","$v":"‮∀pp‬ ‮Ↄoɯɯǝuʇ‬"},{"$i":"addFavorite","$v":"‮∀pp‬ ‮ɐs‬ ‮ɟɐʌoɹıʇǝ‬"},{"$i":"removeFavorite","$v":"‮ᴚǝɯoʌǝ‬ ‮ɐs‬ ‮ɟɐʌoɹıʇǝ‬"},{"$i":"addButton","ariaLabel":"‮∀pp‬"},{"$i":"editButton","ariaLabel":"‮Ǝpıʇ‬"},{"$i":"settingsButton","ariaLabel":"‮Sǝʇʇıuƃs‬"},{"$i":"phoneDetail","ariaLabel":"‮Ԁɥouǝ‬"},{"$i":"emailDetail","ariaLabel":"‮Ǝɯɐıʅ‬"},{"$i":"addressDetail","ariaLabel":"‮∀ppɹǝss‬"},{"$i":"dateDetail","ariaLabel":"‮pɐʇǝ‬"},{"$i":"composeEmail","ariaLabel":"‮Ǝɯɐıʅ‬"},{"$i":"makeCall","ariaLabel":"‮Ↄɐʅʅ‬"},{"$i":"phones","ariaLabel":"‮Ԁɥouǝs‬"},{"$i":"emails","ariaLabel":"‮Ǝɯɐıʅs‬"},{"$i":"addresses","ariaLabel":"‮∀ppɹǝssǝs‬"},{"$i":"dates","ariaLabel":"‮pɐʇǝs‬"},{"$i":"notes","ariaLabel":"‮Noʇǝs‬"},{"$i":"exit","$v":"‮Ǝxıʇ‬"},{"$i":"expand","$v":"‮Ǝxdɐup‬"},{"$i":"labelName","$v":"‮Nɐɯǝ‬:"},{"$i":"labelLastName","$v":"‮˥ɐsʇ‬ ‮uɐɯǝ‬:"},{"$i":"labelPhoneNumber","$v":"‮Ԁɥouǝ‬ ‮unɯqǝɹ‬:"},{"$i":"labelCarrier","$v":"‮Ↄɐɹɹıǝɹ‬:"},{"$i":"labelEmail","$v":"‮Ǝɯɐıʅ‬:"},{"$i":"labelStreet","$v":"‮Sʇɹǝǝʇ‬:"},{"$i":"labelZip","$v":"‮Zıd‬ ‮ɔopǝ‬:"},{"$i":"labelCity","$v":"‮Ↄıʇʎ‬:"},{"$i":"labelCountry","$v":"‮Ↄonuʇɹʎ‬:"},{"$i":"labelComment","$v":"‮Ↄoɯɯǝuʇ‬:"},{"$i":"legendTitleMain","$v":"‮Wɐıu‬ ‮ıuɟoɹɯɐʇıou‬"},{"$i":"legendPhones","$v":"‮Ԁɥouǝ‬ ‮unɯqǝɹs‬"},{"$i":"legendEmail","$v":"‮Ǝɯɐıʅ‬ ‮ɐppɹǝss‬"},{"$i":"legendAddress","$v":"‮∀ppɹǝss‬"},{"$i":"search-contact","placeholder":"‮Sǝɐɹɔɥ‬"},{"$i":"noResults","$v":"‮No‬ ‮ɔouʇɐɔʇs‬ ‮ɟonup‬"},{"$i":"transferContactsTitle","$v":"‮⊥ɹɐusɟǝɹ‬ ‮Ↄouʇɐɔʇs‬"},{"$i":"importContactsTitle","$v":"‮Iɯdoɹʇ‬ ‮Ↄouʇɐɔʇs‬"},{"$i":"importContactsButton","$v":"‮Iɯdoɹʇ‬ ‮Ↄouʇɐɔʇs‬"},{"$i":"exportContactsTitle","$v":"‮Ǝxdoɹʇ‬ ‮Ↄouʇɐɔʇs‬"},{"$i":"exportContactsButton","$v":"‮Ǝxdoɹʇ‬ ‮Ↄouʇɐɔʇs‬"},{"$i":"exportContactsAction","$v":"‮Ǝxdoɹʇ‬"},{"$i":"simExport-title","$v":"‮Ǝxdoɹʇ‬ ‮ʇo‬ ‮SIW‬"},{"$i":"memoryCardExport-title","$v":"‮Ǝxdoɹʇ‬ ‮ʇo‬ ‮ɯǝɯoɹʎ‬ ‮ɔɐɹp‬"},{"$i":"btExport-title","$v":"‮Ǝxdoɹʇ‬ ‮ʇo‬ ‮Ԑʅnǝʇooʇɥ‬"},{"$i":"memoryCardUMSEnabled","$v":"‮Ↄɐuuoʇ‬ ‮nsǝ‬ ‮ɯǝɯoɹʎ‬ ‮ɔɐɹp‬ ‮qǝɔɐnsǝ‬ ‮∩SԐ‬ ‮sʇoɹɐƃǝ‬ ‮ıs‬ ‮ǝuɐqʅǝp‬"},{"$i":"exportErrorTitle","$v":"‮Ǝxdoɹʇ‬ ‮ǝɹɹoɹ‬"},{"$i":"contactsExported2","$v":{"zero":"‮No‬ ‮ɔouʇɐɔʇs‬ ‮ǝxdoɹʇǝp‬","one":[{"t":"idOrVar","v":"exported"},"/",{"t":"idOrVar","v":"total"}," ‮ɔouʇɐɔʇs‬ ‮ǝxdoɹʇǝp‬"],"two":[{"t":"idOrVar","v":"exported"},"/",{"t":"idOrVar","v":"total"}," ‮ɔouʇɐɔʇs‬ ‮ǝxdoɹʇǝp‬"],"few":[{"t":"idOrVar","v":"exported"},"/",{"t":"idOrVar","v":"total"}," ‮ɔouʇɐɔʇs‬ ‮ǝxdoɹʇǝp‬"],"many":[{"t":"idOrVar","v":"exported"},"/",{"t":"idOrVar","v":"total"}," ‮ɔouʇɐɔʇs‬ ‮ǝxdoɹʇǝp‬"],"other":[{"t":"idOrVar","v":"exported"},"/",{"t":"idOrVar","v":"total"}," ‮ɔouʇɐɔʇs‬ ‮ǝxdoɹʇǝp‬"]},"$x":[{"t":"idOrVar","v":"plural"},"exported"]},{"$i":"exportError-general","$v":"‮Soɯǝ‬ ‮ǝɹɹoɹ‬ ‮ɥɐddǝuǝp‬ ‮ʍɥıʅǝ‬ ‮ǝxdoɹʇıuƃ‬"},{"$i":"exportError-SD-shared","$v":"‮Ↄɐu‬’‮ʇ‬ ‮ɐɔɔǝss‬ ‮ɯǝɯoɹʎ‬ ‮ɔɐɹp‬ ‮qǝɔɐnsǝ‬ ‮ıʇ‬’‮s‬ ‮sɥɐɹǝp‬"},{"$i":"exportError-SD-unavailable","$v":"‮Wǝɯoɹʎ‬ ‮ɔɐɹp‬ ‮ıs‬ ‮uoʇ‬ ‮ɐʌɐıʅɐqʅǝ‬"},{"$i":"exportError-SD-noSpace","$v":"‮⊥ɥǝɹǝ‬’‮s‬ ‮uoʇ‬ ‮ǝuonƃɥ‬ ‮sdɐɔǝ‬ ‮ou‬ ‮ʇɥǝ‬ ‮ɯǝɯoɹʎ‬ ‮ɔɐɹp‬ ‮ʇo‬ ‮ǝxdoɹʇ‬ ‮ʇɥǝ‬ ‮ɔouʇɐɔʇs‬"},{"$i":"exportError-SIM-unavailable","$v":"‮SIW‬ ‮ɔɐɹp‬ ‮ıs‬ ‮uoʇ‬ ‮ɐʌɐıʅɐqʅǝ‬"},{"$i":"exportError-BT-shared","$v":"‮Ↄɐu‬’‮ʇ‬ ‮ɐɔɔǝss‬ ‮ɯǝɯoɹʎ‬ ‮ɔɐɹp‬ ‮qǝɔɐnsǝ‬ ‮ıʇ‬’‮s‬ ‮sɥɐɹǝp‬"},{"$i":"exportError-BT-unavailable","$v":"‮Wǝɯoɹʎ‬ ‮ɔɐɹp‬ ‮ıs‬ ‮uoʇ‬ ‮ɐʌɐıʅɐqʅǝ‬"},{"$i":"exportError-BT-noSpace","$v":"‮⊥ɥǝɹǝ‬’‮s‬ ‮uoʇ‬ ‮ǝuonƃɥ‬ ‮sdɐɔǝ‬ ‮ou‬ ‮ʇɥǝ‬ ‮ɯǝɯoɹʎ‬ ‮ɔɐɹp‬ ‮ʇo‬ ‮ǝxdoɹʇ‬ ‮ʇɥǝ‬ ‮ɔouʇɐɔʇs‬"},{"$i":"social-network","$v":"‮Soɔıɐʅ‬ ‮uǝʇʍoɹʞs‬"},{"$i":"social-link","$v":"‮˥ıuʞ‬ ‮ɔouʇɐɔʇ‬"},{"$i":"social-unlink","$v":"‮∩uʅıuʞ‬ ‮ɔouʇɐɔʇ‬"},{"$i":"social-unlink-confirm-title","$v":"‮po‬ ‮ʎon‬ ‮ʍɐuʇ‬ ‮ʇo‬ ‮nuʅıuʞ‬ ‮ʎonɹ‬ ‮ɟɹıǝup‬?"},{"$i":"social-unlink-confirm-accept","$v":"‮∩uʅıuʞ‬"},{"$i":"facebook-import","$v":"‮Iɯdoɹʇ‬ ‮ɟɐɔǝqooʞ‬ ‮ɟɹıǝups‬"},{"$i":"show-fb-profile","$v":"‮Ʌıǝʍ‬ ‮ɟɐɔǝqooʞ‬ ‮dɹoɟıʅǝ‬"},{"$i":"msg-send","$v":"‮Wǝssɐƃǝ‬"},{"$i":"wall-post","$v":"‮Ｍɐʅʅ‬ ‮dosʇ‬"},{"$i":"share-contact","$v":"‮Sɥɐɹǝ‬ ‮Ↄouʇɐɔʇ‬"},{"$i":"facebook-export-forbidden","$v":"‮⊥ɥǝ‬ ‮ɔouʇɐɔʇ‬ ‮ɔɐuuoʇ‬ ‮qǝ‬ ‮sɥɐɹǝp‬ ‮pnǝ‬ ‮ʇo‬ ‮ɟɐɔǝqooʞ‬ ‮ɔousʇɹɐıuʇ‬."},{"$i":"otherAccount","$v":"‮Oʇɥǝɹ‬ ‮ɐɔɔonuʇs‬"},{"$i":"facebookSwitchMsg","$v":"‮Sʎuɔ‬ ‮ɟɹıǝups‬"},{"$i":"select_mobile","$v":"‮Sǝʅǝɔʇ‬ ‮ɯoqıʅǝ‬"},{"$i":"select_email","$v":"‮Sǝʅǝɔʇ‬ ‮ǝɯɐıʅ‬"},{"$i":"select_recipient","$v":"‮Sǝʅǝɔʇ‬ ‮ɹǝɔıdıǝuʇ‬"},{"$i":"settings","$v":"‮Sǝʇʇıuƃs‬"},{"$i":"contactsOrderBy","$v":"‮Oɹpǝɹ‬ ‮qʎ‬ ‮ʅɐsʇ‬ ‮uɐɯǝ‬"},{"$i":"importSim2","$v":"‮SIW‬ ‮ɔɐɹp‬"},{"$i":"importGmail","$v":"‮פɯɐıʅ‬"},{"$i":"bluetooth","$v":"‮Ԑʅnǝʇooʇɥ‬"},{"$i":"importOutlook","$v":"‮Onʇʅooʞ‬"},{"$i":"fbUpdateFriends","$v":"‮∩dpɐʇǝ‬ ‮ıɯdoɹʇǝp‬ ‮ɟɹıǝups‬"},{"$i":"cleaningFbData","$v":"‮ᴚǝɯoʌıuƃ‬ ‮ɟɐɔǝqooʞ‬ ‮pɐʇɐ‬"},{"$i":"loggingOutFb","$v":"‮˥oƃƃıuƃ‬ ‮onʇ‬ ‮ɟɹoɯ‬ ‮ɟɐɔǝqooʞ‬"},{"$i":"cleanFbConfirmMsg","$v":"‮ᴚǝɯoʌǝ‬ ‮ɐʅʅ‬ ‮ɟɐɔǝqooʞ‬ ‮pɐʇɐ‬?"},{"$i":"renewPwdMsg","$v":"‮ʎonɹ‬ ‮dɐssʍoɹp‬ ‮ıu‬ ‮ɟɐɔǝqooʞ‬ ‮ɥɐs‬ ‮ɔɥɐuƃǝp‬. ‮Ԁʅǝɐsǝ‬, ‮ndpɐʇǝ‬ ‮ıʇ‬."},{"$i":"notEnabledYet","$v":"‮Noʇ‬ ‮ǝuɐqʅǝp‬ ‮ʎǝʇ‬"},{"$i":"genericNoConnection","$v":"‮⊥o‬ ‮ıɯdoɹʇ‬ ‮ɔouʇɐɔʇs‬ ‮ɔouuǝɔʇ‬ ‮ʇo‬ ‮Ｍı‬-‮ɟı‬ ‮oɹ‬ ‮pɐʇɐ‬ ‮uǝʇʍoɹʞ‬"},{"$i":"simCard","$v":"‮SIW‬ ‮ɔɐɹp‬"},{"$i":"memoryCard","$v":"‮Wǝɯoɹʎ‬ ‮ɔɐɹp‬"},{"$i":"simNumberNoMSISDN","$v":["‮SIW‬ ",{"t":"idOrVar","v":"number"},":"]},{"$i":"simNumberWithMSISDN","$v":["‮SIW‬ ",{"t":"idOrVar","v":"number"},": ",{"t":"idOrVar","v":"msisdn"}]},{"$i":"ICEContactsGroup","$v":"‮IↃƎ‬ ‮Ↄouʇɐɔʇs‬"},{"$i":"setICEButton","$v":"‮Sǝʇ‬ ‮IↃƎ‬ ‮Ↄouʇɐɔʇs‬"},{"$i":"ICESettingTitle","$v":"‮IↃƎ‬ ‮Ↄouʇɐɔʇs‬"},{"$i":"ICEDescription","$v":"‮∀pp‬ ‮ʇʍo‬ ‮ɔouʇɐɔʇs‬ ‮ɟoɹ‬ ‮ɯɐʞıuƃ‬ “‮Iu‬ ‮Ↄɐsǝ‬ ‮oɟ‬ ‮Ǝɯǝɹƃǝuɔʎ‬” ‮ɔɐʅʅs‬."},{"$i":"ICEContact1","$v":"‮IↃƎ‬ ‮Ↄouʇɐɔʇ‬ 1"},{"$i":"ICESelectContact","$v":"‮Sǝʅǝɔʇ‬ ‮ɐ‬ ‮ɔouʇɐɔʇ‬"},{"$i":"ICEContact2","$v":"‮IↃƎ‬ ‮Ↄouʇɐɔʇ‬ 2"},{"$i":"ICERepeatedContact","$v":"‮⊥ɥıs‬ ‮ɔouʇɐɔʇ‬ ‮ıs‬ ‮ɐʅɹǝɐpʎ‬ ‮ɐu‬ ‮ǝxısʇıuƃ‬ ‮IↃƎ‬ ‮ɔouʇɐɔʇ‬"},{"$i":"ICEUnknownError","$v":"‮⊥ɥǝɹǝ‬ ‮ʍɐs‬ ‮ɐu‬ ‮ǝɹɹoɹ‬ ‮sǝʇʇıuƃ‬ ‮ʇɥǝ‬ ‮ɔouʇɐɔʇ‬ ‮ɐs‬ ‮IↃƎ‬"},{"$i":"ICEContactNoNumber","$v":"‮⊥ɥıs‬ ‮ɔouʇɐɔʇ‬ ‮poǝsu‬'‮ʇ‬ ‮ɥɐʌǝ‬ ‮ɐ‬ ‮dɥouǝ‬ ‮unɯqǝɹ‬"},{"$i":"ICEFacebookContactNotAllowed","$v":"‮ɟɐɔǝqooʞ‬ ‮ɔouʇɐɔʇs‬ ‮ɔɐuuoʇ‬ ‮qǝ‬ ‮sǝʇ‬ ‮ɐs‬ ‮IↃƎ‬ ‮ɔouʇɐɔʇs‬"},{"$i":"ICEContactDelTel","$v":"‮pǝʅǝʇǝp‬ ‮dɥouǝ‬ ‮unɯqǝɹs‬ ‮ɐɹǝ‬ ‮ɹǝɯoʌǝp‬ ‮ɟɹoɯ‬ ‮IↃƎ‬ ‮Ↄouʇɐɔʇ‬"},{"$i":"ICEContactDelTelAll","$v":"‮∀ʅʅ‬ ‮ʇɥǝ‬ ‮unɯqǝɹs‬ ‮ɐɹǝ‬ ‮pǝʅǝʇǝp‬. ‮⊥ɥıs‬ ‮ɔouʇɐɔʇ‬ ‮ıs‬ ‮ɹǝɯoʌǝp‬ ‮ɟɹoɯ‬ ‮ʇɥǝ‬ ‮IↃƎ‬ ‮Ↄouʇɐɔʇs‬."},{"$i":"no-contacts","$v":"‮No‬ ‮ɔouʇɐɔʇs‬"},{"$i":"start-adding","$v":"‮Sʇɐɹʇ‬ ‮ɐppıuƃ‬ ‮ʇɥǝɯ‬ ‮uoʍ‬"},{"$i":"notImported","$v":"‮Noʇ‬ ‮ıɯdoɹʇǝp‬"},{"$i":"imported","$v":"‮Iɯdoɹʇǝp‬"},{"$i":"today","$v":"‮⊥opɐʎ‬"},{"$i":"yesterday","$v":"‮ʎǝsʇǝɹpɐʎ‬"},{"$i":"messageCanceling","$v":"‮Ԁʅǝɐsǝ‬ ‮ɥoʅp‬ ‮ou‬. ‮Ｍǝ‬ ‮ɐɹǝ‬ ‮ɔɐuɔǝʅıuƃ‬ ‮ʇɥǝ‬ ‮ouƃoıuƃ‬ ‮odǝɹɐʇıou‬."},{"$i":"organise-contacts","$v":"‮Oɹƃɐuızǝ‬ ‮Ↄouʇɐɔʇs‬"},{"$i":"find-merge-contacts","$v":"‮ɟıup‬ ‮pndʅıɔɐʇǝ‬ ‮ɔouʇɐɔʇs‬"},{"$i":"preparing-contacts","$v":"‮Ԁɹǝdɐɹıuƃ‬ ‮ɔouʇɐɔʇs‬"},{"$i":"exportError-SIM-NoFreeRecordFound","$v":"‮SIW‬ ‮Ↄɐɹp‬ ‮ıs‬ ‮ɟnʅʅ‬"},{"$i":"exportError-SIM-CannotAccessPhoneBook","$v":"‮Ↄɐuuoʇ‬ ‮ɐɔɔǝss‬ ‮SIW‬ ‮ɔɐɹp‬’‮s‬ ‮dɥouǝ‬ ‮qooʞ‬"},{"$i":"exportError-SIM-Unavailable","$v":"‮No‬ ‮SIW‬ ‮pǝʇǝɔʇǝp‬"},{"$i":"exportError-SIM-GenericError","$v":"‮∀u‬ ‮ǝɹɹoɹ‬ ‮oɔɔnɹɹǝp‬ ‮ʍɥıʅǝ‬ ‮ǝxdoɹʇıuƃ‬ ‮ɐ‬ ‮ɔouʇɐɔʇ‬"},{"$i":"noSimMsgExport","$v":"‮⊥o‬ ‮ǝxdoɹʇ‬ ‮ɔouʇɐɔʇs‬ ‮ıusǝɹʇ‬ ‮oɹ‬ ‮nuʅoɔʞ‬ ‮ʎonɹ‬ ‮SIW‬ ‮ɔɐɹp‬"},{"$i":"noMemoryCardMsgExport","$v":"‮⊥o‬ ‮ǝxdoɹʇ‬ ‮ɔouʇɐɔʇs‬ ‮ıusǝɹʇ‬ ‮ɐ‬ ‮ɯǝɯoɹʎ‬ ‮ɔɐɹp‬"},{"$i":"ContactManagementTitle","$v":"‮Ↄouʇɐɔʇs‬ ‮Wɐuɐƃǝɯǝuʇ‬"},{"$i":"DeleteTitle","$v":"‮pǝʅǝʇǝ‬"},{"$i":"bulkDeleteButton","$v":"‮pǝʅǝʇǝ‬ ‮Ↄouʇɐɔʇs‬"},{"$i":"BulkDelCancel","$v":"‮Ↄouʇɐɔʇs‬ ‮pǝʅǝʇǝ‬ ‮ɔɐuɔǝʅʅǝp‬"},{"$i":"DeletedTxt","$v":{"zero":"‮No‬ ‮Ↄouʇɐɔʇ‬ ‮ʇo‬ ‮pǝʅǝʇǝ‬","one":"1 ‮Ↄouʇɐɔʇ‬ ‮ɹǝɯoʌǝp‬","two":[{"t":"idOrVar","v":"n"}," ‮Ↄouʇɐɔʇs‬ ‮ɹǝɯoʌǝp‬"],"few":[{"t":"idOrVar","v":"n"}," ‮Ↄouʇɐɔʇs‬ ‮ɹǝɯoʌǝp‬"],"many":[{"t":"idOrVar","v":"n"}," ‮Ↄouʇɐɔʇs‬ ‮ɹǝɯoʌǝp‬"],"other":[{"t":"idOrVar","v":"n"}," ‮Ↄouʇɐɔʇs‬ ‮ɹǝɯoʌǝp‬"]},"$x":[{"t":"idOrVar","v":"plural"},"n"]},{"$i":"DeletingContacts","$v":"‮pǝʅǝʇıuƃ‬ ‮ɔouʇɐɔʇs‬"},{"$i":"ContactConfirmDel","$v":{"zero":"‮No‬ ‮Ↄouʇɐɔʇ‬ ‮ʇo‬ ‮pǝʅǝʇǝ‬","one":"‮pǝʅǝʇǝ‬ 1 ‮Ↄouʇɐɔʇ‬? ‮⊥ɥıs‬ ‮ɔɐuuoʇ‬ ‮qǝ‬ ‮nupouǝ‬.","two":["‮pǝʅǝʇǝ‬ ",{"t":"idOrVar","v":"n"}," ‮Ↄouʇɐɔʇs‬? ‮⊥ɥıs‬ ‮ɔɐuuoʇ‬ ‮qǝ‬ ‮nupouǝ‬."],"few":["‮pǝʅǝʇǝ‬ ",{"t":"idOrVar","v":"n"}," ‮Ↄouʇɐɔʇs‬? ‮⊥ɥıs‬ ‮ɔɐuuoʇ‬ ‮qǝ‬ ‮nupouǝ‬."],"many":["‮pǝʅǝʇǝ‬ ",{"t":"idOrVar","v":"n"}," ‮Ↄouʇɐɔʇs‬? ‮⊥ɥıs‬ ‮ɔɐuuoʇ‬ ‮qǝ‬ ‮nupouǝ‬."],"other":["‮pǝʅǝʇǝ‬ ",{"t":"idOrVar","v":"n"}," ‮Ↄouʇɐɔʇs‬? ‮⊥ɥıs‬ ‮ɔɐuuoʇ‬ ‮qǝ‬ ‮nupouǝ‬."]},"$x":[{"t":"idOrVar","v":"plural"},"n"]},{"$i":"SelectedTxt","$v":{"zero":"‮Ↄouʇɐɔʇs‬","one":[{"t":"idOrVar","v":"n"}," ‮sǝʅǝɔʇǝp‬"],"two":[{"t":"idOrVar","v":"n"}," ‮sǝʅǝɔʇǝp‬"],"few":[{"t":"idOrVar","v":"n"}," ‮sǝʅǝɔʇǝp‬"],"many":[{"t":"idOrVar","v":"n"}," ‮sǝʅǝɔʇǝp‬"],"other":[{"t":"idOrVar","v":"n"}," ‮sǝʅǝɔʇǝp‬"]},"$x":[{"t":"idOrVar","v":"plural"},"n"]},{"$i":"video","$v":"‮Ʌıpǝo‬"},{"$i":"audio","$v":"‮∀npıo‬"},{"$i":"pick_destination","$v":[{"t":"idOrVar","v":"destination"}," ",{"t":"idOrVar","v":"carrier"}]},{"$i":"removeField","ariaLabel":"‮ᴚǝɯoʌǝ‬"},{"$i":"undo","ariaLabel":"‮∩upo‬"},{"$i":"send-sms-button","ariaLabel":"‮SWS‬"},{"$i":"ice_contacts","$v":"‮IↃƎ‬ ‮Ↄouʇɐɔʇs‬"},{"$i":"edit-picture","$v":"‮Ǝpıʇ‬ ‮Ԁıɔʇnɹǝ‬"},{"$i":"remove-photo","$v":"‮ᴚǝɯoʌǝ‬ ‮dɥoʇo‬"},{"$i":"change-photo","$v":"‮Ↄɥɐuƃǝ‬ ‮dɥoʇo‬"},{"$i":"photo-options","$v":"‮Ԁɥoʇo‬ ‮odʇıous‬"},{"$i":"importAll","$v":"‮Iɯdoɹʇ‬ ‮ɐʅʅ‬"},{"$i":"vCardContacts-imported","$v":{"zero":"‮No‬ ‮ɔouʇɐɔʇs‬ ‮ıɯdoɹʇǝp‬","one":"‮Iɯdoɹʇǝp‬ ‮ouǝ‬ ‮ɔouʇɐɔʇ‬","two":["‮Iɯdoɹʇǝp‬ ",{"t":"idOrVar","v":"n"}," ‮ɔouʇɐɔʇs‬"],"few":["‮Iɯdoɹʇǝp‬ ",{"t":"idOrVar","v":"n"}," ‮ɔouʇɐɔʇs‬"],"many":["‮Iɯdoɹʇǝp‬ ",{"t":"idOrVar","v":"n"}," ‮ɔouʇɐɔʇs‬"],"other":["‮Iɯdoɹʇǝp‬ ",{"t":"idOrVar","v":"n"}," ‮ɔouʇɐɔʇs‬"]},"$x":[{"t":"idOrVar","v":"plural"},"n"]},{"$i":"back","$v":"‮Ԑɐɔʞ‬"},{"$i":"noSimMsg","$v":"‮⊥o‬ ‮ıɯdoɹʇ‬ ‮ɔouʇɐɔʇs‬ ‮ıusǝɹʇ‬ ‮oɹ‬ ‮nuʅoɔʞ‬ ‮ʎonɹ‬ ‮SIW‬ ‮ɔɐɹp‬"},{"$i":"noMemoryCardMsg","$v":"‮⊥o‬ ‮ıɯdoɹʇ‬ ‮ɔouʇɐɔʇs‬ ‮ıusǝɹʇ‬ ‮ɐ‬ ‮ɯǝɯoɹʎ‬ ‮ɔɐɹp‬"},{"$i":"importMemoryCard","$v":"‮Wǝɯoɹʎ‬ ‮ɔɐɹp‬"},{"$i":"emptyAccount","$v":"‮No‬ ‮ɟɹıǝups‬ ‮oɹ‬ ‮ɔouʇɐɔʇs‬ ‮ɟonup‬ ‮ıu‬ ‮ʇɥıs‬ ‮ɐɔɔonuʇ‬."},{"$i":"simContacts-import","$v":"‮Iɯdoɹʇ‬ ‮SIW‬ ‮ɔouʇɐɔʇs‬"},{"$i":"simContacts-importing","$v":"‮Iɯdoɹʇıuƃ‬ ‮SIW‬ ‮ɔouʇɐɔʇs‬…"},{"$i":"simContacts-reading","$v":"‮ᴚǝɐpıuƃ‬ ‮ɟɹoɯ‬ ‮SIW‬ ‮ɔɐɹp‬…"},{"$i":"simContacts-error","$v":"‮Ↄonʅp‬ ‮uoʇ‬ ‮ıɯdoɹʇ‬ ‮ɔouʇɐɔʇs‬ ‮ɟɹoɯ‬ ‮SIW‬"},{"$i":"simContacts-imported3","$v":{"zero":"‮No‬ ‮ɔouʇɐɔʇs‬ ‮pǝʇǝɔʇǝp‬ ‮ou‬ ‮SIW‬ ‮ʇo‬ ‮ıɯdoɹʇ‬","one":"‮Iɯdoɹʇǝp‬ ‮ouǝ‬ ‮ɔouʇɐɔʇ‬","two":["‮Iɯdoɹʇǝp‬ ",{"t":"idOrVar","v":"n"}," ‮ɔouʇɐɔʇs‬"],"few":["‮Iɯdoɹʇǝp‬ ",{"t":"idOrVar","v":"n"}," ‮ɔouʇɐɔʇs‬"],"many":["‮Iɯdoɹʇǝp‬ ",{"t":"idOrVar","v":"n"}," ‮ɔouʇɐɔʇs‬"],"other":["‮Iɯdoɹʇǝp‬ ",{"t":"idOrVar","v":"n"}," ‮ɔouʇɐɔʇs‬"]},"$x":[{"t":"idOrVar","v":"plural"},"n"]},{"$i":"memoryCardContacts-import","$v":"‮Iɯdoɹʇ‬ ‮ɔouʇɐɔʇs‬ ‮ɟɹoɯ‬ ‮ɯǝɯoɹʎ‬ ‮ɔɐɹp‬"},{"$i":"memoryCardContacts-importing","$v":"‮Iɯdoɹʇıuƃ‬ ‮ɔouʇɐɔʇs‬ ‮ɟɹoɯ‬ ‮ɯǝɯoɹʎ‬ ‮ɔɐɹp‬…"},{"$i":"memoryCardContacts-reading","$v":"‮ᴚǝɐpıuƃ‬ ‮ɟɹoɯ‬ ‮ɯǝɯoɹʎ‬ ‮ɔɐɹp‬…"},{"$i":"memoryCardContacts-error","$v":"‮Ↄonʅp‬ ‮uoʇ‬ ‮ıɯdoɹʇ‬ ‮ɔouʇɐɔʇs‬ ‮ɟɹoɯ‬ ‮ɯǝɯoɹʎ‬ ‮ɔɐɹp‬"},{"$i":"memoryCardContacts-imported3","$v":{"zero":"‮No‬ ‮ɔouʇɐɔʇs‬ ‮pǝʇǝɔʇǝp‬ ‮ou‬ ‮ɯǝɯoɹʎ‬ ‮ɔɐɹp‬ ‮ʇo‬ ‮ıɯdoɹʇ‬","one":"‮Iɯdoɹʇǝp‬ ‮ouǝ‬ ‮ɔouʇɐɔʇ‬","two":["‮Iɯdoɹʇǝp‬ ",{"t":"idOrVar","v":"n"}," ‮ɔouʇɐɔʇs‬"],"few":["‮Iɯdoɹʇǝp‬ ",{"t":"idOrVar","v":"n"}," ‮ɔouʇɐɔʇs‬"],"many":["‮Iɯdoɹʇǝp‬ ",{"t":"idOrVar","v":"n"}," ‮ɔouʇɐɔʇs‬"],"other":["‮Iɯdoɹʇǝp‬ ",{"t":"idOrVar","v":"n"}," ‮ɔouʇɐɔʇs‬"]},"$x":[{"t":"idOrVar","v":"plural"},"n"]},{"$i":"genericProgress","$v":[{"t":"idOrVar","v":"current"},"/",{"t":"idOrVar","v":"total"}]},{"$i":"friendsUpdated","$v":{"zero":"‮No‬ ‮ɟɹıǝups‬ ‮ndpɐʇǝp‬","one":"‮∩dpɐʇǝp‬ ‮ouǝ‬ ‮ɟɹıǝup‬","two":["‮∩dpɐʇǝp‬ ",{"t":"idOrVar","v":"numFriends"}," ‮ɟɹıǝups‬"],"few":["‮∩dpɐʇǝp‬ ",{"t":"idOrVar","v":"numFriends"}," ‮ɟɹıǝups‬"],"many":["‮∩dpɐʇǝp‬ ",{"t":"idOrVar","v":"numFriends"}," ‮ɟɹıǝups‬"],"other":["‮∩dpɐʇǝp‬ ",{"t":"idOrVar","v":"numFriends"}," ‮ɟɹıǝups‬"]},"$x":[{"t":"idOrVar","v":"plural"},"numFriends"]},{"$i":"friendsMerged","$v":{"zero":"‮No‬ ‮pndʅıɔɐʇǝp‬ ‮ɟɹıǝups‬ ‮ɯǝɹƃǝp‬","one":"‮Ouǝ‬ ‮pndʅıɔɐʇǝp‬ ‮ɟɹıǝup‬ ‮ɯǝɹƃǝp‬","two":[{"t":"idOrVar","v":"numDups"}," ‮ɟɹıǝups‬ ‮ɯǝɹƃǝp‬"],"few":[{"t":"idOrVar","v":"numDups"}," ‮ɟɹıǝups‬ ‮ɯǝɹƃǝp‬"],"many":[{"t":"idOrVar","v":"numDups"}," ‮ɟɹıǝups‬ ‮ɯǝɹƃǝp‬"],"other":[{"t":"idOrVar","v":"numDups"}," ‮ɟɹıǝups‬ ‮ɯǝɹƃǝp‬"]},"$x":[{"t":"idOrVar","v":"plural"},"numDups"]},{"$i":"contactsMerged","$v":{"zero":"‮No‬ ‮pndʅıɔɐʇǝp‬ ‮ɔouʇɐɔʇs‬ ‮ɯǝɹƃǝp‬","one":"‮Ouǝ‬ ‮pndʅıɔɐʇǝp‬ ‮ɔouʇɐɔʇ‬ ‮ɯǝɹƃǝp‬","two":[{"t":"idOrVar","v":"numDups"}," ‮ɔouʇɐɔʇs‬ ‮ɯǝɹƃǝp‬"],"few":[{"t":"idOrVar","v":"numDups"}," ‮ɔouʇɐɔʇs‬ ‮ɯǝɹƃǝp‬"],"many":[{"t":"idOrVar","v":"numDups"}," ‮ɔouʇɐɔʇs‬ ‮ɯǝɹƃǝp‬"],"other":[{"t":"idOrVar","v":"numDups"}," ‮ɔouʇɐɔʇs‬ ‮ɯǝɹƃǝp‬"]},"$x":[{"t":"idOrVar","v":"plural"},"numDups"]},{"$i":"weekday-0-long","$v":"‮Snupɐʎ‬"},{"$i":"weekday-1-long","$v":"‮Woupɐʎ‬"},{"$i":"weekday-2-long","$v":"‮⊥nǝspɐʎ‬"},{"$i":"weekday-3-long","$v":"‮Ｍǝpuǝspɐʎ‬"},{"$i":"weekday-4-long","$v":"‮⊥ɥnɹspɐʎ‬"},{"$i":"weekday-5-long","$v":"‮ɟɹıpɐʎ‬"},{"$i":"weekday-6-long","$v":"‮Sɐʇnɹpɐʎ‬"},{"$i":"weekday-0-short","$v":"‮Snu‬"},{"$i":"weekday-1-short","$v":"‮Wou‬"},{"$i":"weekday-2-short","$v":"‮⊥nǝ‬"},{"$i":"weekday-3-short","$v":"‮Ｍǝp‬"},{"$i":"weekday-4-short","$v":"‮⊥ɥn‬"},{"$i":"weekday-5-short","$v":"‮ɟɹı‬"},{"$i":"weekday-6-short","$v":"‮Sɐʇ‬"},{"$i":"month-0-long","$v":"‮ſɐunɐɹʎ‬"},{"$i":"month-1-long","$v":"‮ɟǝqɹnɐɹʎ‬"},{"$i":"month-2-long","$v":"‮Wɐɹɔɥ‬"},{"$i":"month-3-long","$v":"‮∀dɹıʅ‬"},{"$i":"month-4-long","$v":"‮Wɐʎ‬"},{"$i":"month-5-long","$v":"‮ſnuǝ‬"},{"$i":"month-6-long","$v":"‮ſnʅʎ‬"},{"$i":"month-7-long","$v":"‮∀nƃnsʇ‬"},{"$i":"month-8-long","$v":"‮Sǝdʇǝɯqǝɹ‬"},{"$i":"month-9-long","$v":"‮Oɔʇoqǝɹ‬"},{"$i":"month-10-long","$v":"‮Noʌǝɯqǝɹ‬"},{"$i":"month-11-long","$v":"‮pǝɔǝɯqǝɹ‬"},{"$i":"month-0-genitive","$v":"‮ſɐunɐɹʎ‬"},{"$i":"month-1-genitive","$v":"‮ɟǝqɹnɐɹʎ‬"},{"$i":"month-2-genitive","$v":"‮Wɐɹɔɥ‬"},{"$i":"month-3-genitive","$v":"‮∀dɹıʅ‬"},{"$i":"month-4-genitive","$v":"‮Wɐʎ‬"},{"$i":"month-5-genitive","$v":"‮ſnuǝ‬"},{"$i":"month-6-genitive","$v":"‮ſnʅʎ‬"},{"$i":"month-7-genitive","$v":"‮∀nƃnsʇ‬"},{"$i":"month-8-genitive","$v":"‮Sǝdʇǝɯqǝɹ‬"},{"$i":"month-9-genitive","$v":"‮Oɔʇoqǝɹ‬"},{"$i":"month-10-genitive","$v":"‮Noʌǝɯqǝɹ‬"},{"$i":"month-11-genitive","$v":"‮pǝɔǝɯqǝɹ‬"},{"$i":"month-0-short","$v":"‮ſɐu‬"},{"$i":"month-1-short","$v":"‮ɟǝq‬"},{"$i":"month-2-short","$v":"‮Wɐɹ‬"},{"$i":"month-3-short","$v":"‮∀dɹ‬"},{"$i":"month-4-short","$v":"‮Wɐʎ‬"},{"$i":"month-5-short","$v":"‮ſnu‬"},{"$i":"month-6-short","$v":"‮ſnʅ‬"},{"$i":"month-7-short","$v":"‮∀nƃ‬"},{"$i":"month-8-short","$v":"‮Sǝd‬"},{"$i":"month-9-short","$v":"‮Oɔʇ‬"},{"$i":"month-10-short","$v":"‮Noʌ‬"},{"$i":"month-11-short","$v":"‮pǝɔ‬"},{"$i":"minutes-ago-long","$v":{"zero":"‮ɾnsʇ‬ ‮uoʍ‬","one":"‮ɐ‬ ‮ɯıunʇǝ‬ ‮ɐƃo‬","two":[{"t":"idOrVar","v":"value"}," ‮ɯıunʇǝs‬ ‮ɐƃo‬"],"few":[{"t":"idOrVar","v":"value"}," ‮ɯıunʇǝs‬ ‮ɐƃo‬"],"many":[{"t":"idOrVar","v":"value"}," ‮ɯıunʇǝs‬ ‮ɐƃo‬"],"other":[{"t":"idOrVar","v":"value"}," ‮ɯıunʇǝs‬ ‮ɐƃo‬"]},"$x":[{"t":"idOrVar","v":"plural"},"value"]},{"$i":"hours-ago-long","$v":{"zero":"‮ɾnsʇ‬ ‮uoʍ‬","one":"‮ɐu‬ ‮ɥonɹ‬ ‮ɐƃo‬","two":[{"t":"idOrVar","v":"value"}," ‮ɥonɹs‬ ‮ɐƃo‬"],"few":[{"t":"idOrVar","v":"value"}," ‮ɥonɹs‬ ‮ɐƃo‬"],"many":[{"t":"idOrVar","v":"value"}," ‮ɥonɹs‬ ‮ɐƃo‬"],"other":[{"t":"idOrVar","v":"value"}," ‮ɥonɹs‬ ‮ɐƃo‬"]},"$x":[{"t":"idOrVar","v":"plural"},"value"]},{"$i":"days-ago-long","$v":{"zero":"‮ʇopɐʎ‬","one":"‮ʎǝsʇǝɹpɐʎ‬","two":[{"t":"idOrVar","v":"value"}," ‮pɐʎs‬ ‮ɐƃo‬"],"few":[{"t":"idOrVar","v":"value"}," ‮pɐʎs‬ ‮ɐƃo‬"],"many":[{"t":"idOrVar","v":"value"}," ‮pɐʎs‬ ‮ɐƃo‬"],"other":[{"t":"idOrVar","v":"value"}," ‮pɐʎs‬ ‮ɐƃo‬"]},"$x":[{"t":"idOrVar","v":"plural"},"value"]},{"$i":"weeks-ago-long","$v":{"zero":"‮ʇɥıs‬ ‮ʍǝǝʞ‬","one":"‮ʅɐsʇ‬ ‮ʍǝǝʞ‬","two":[{"t":"idOrVar","v":"value"}," ‮ʍǝǝʞs‬ ‮ɐƃo‬"],"few":[{"t":"idOrVar","v":"value"}," ‮ʍǝǝʞs‬ ‮ɐƃo‬"],"many":[{"t":"idOrVar","v":"value"}," ‮ʍǝǝʞs‬ ‮ɐƃo‬"],"other":[{"t":"idOrVar","v":"value"}," ‮ʍǝǝʞs‬ ‮ɐƃo‬"]},"$x":[{"t":"idOrVar","v":"plural"},"value"]},{"$i":"months-ago-long","$v":{"zero":"‮ʇɥıs‬ ‮ɯouʇɥ‬","one":"‮ʅɐsʇ‬ ‮ɯouʇɥ‬","two":[{"t":"idOrVar","v":"value"}," ‮ɯouʇɥs‬ ‮ɐƃo‬"],"few":[{"t":"idOrVar","v":"value"}," ‮ɯouʇɥs‬ ‮ɐƃo‬"],"many":[{"t":"idOrVar","v":"value"}," ‮ɯouʇɥs‬ ‮ɐƃo‬"],"other":[{"t":"idOrVar","v":"value"}," ‮ɯouʇɥs‬ ‮ɐƃo‬"]},"$x":[{"t":"idOrVar","v":"plural"},"value"]},{"$i":"years-ago-long","$v":{"zero":"‮ʇɥıs‬ ‮ʎǝɐɹ‬","one":"‮ʅɐsʇ‬ ‮ʎǝɐɹ‬","two":[{"t":"idOrVar","v":"value"}," ‮ʎǝɐɹs‬ ‮ɐƃo‬"],"few":[{"t":"idOrVar","v":"value"}," ‮ʎǝɐɹs‬ ‮ɐƃo‬"],"many":[{"t":"idOrVar","v":"value"}," ‮ʎǝɐɹs‬ ‮ɐƃo‬"],"other":[{"t":"idOrVar","v":"value"}," ‮ʎǝɐɹs‬ ‮ɐƃo‬"]},"$x":[{"t":"idOrVar","v":"plural"},"value"]},{"$i":"minutes-until-long","$v":{"zero":"‮uoʍ‬","one":"‮ıu‬ ‮ɐ‬ ‮ɯıunʇǝ‬","two":["‮ıu‬ ",{"t":"idOrVar","v":"value"}," ‮ɯıunʇǝs‬"],"few":["‮ıu‬ ",{"t":"idOrVar","v":"value"}," ‮ɯıunʇǝs‬"],"many":["‮ıu‬ ",{"t":"idOrVar","v":"value"}," ‮ɯıunʇǝs‬"],"other":["‮ıu‬ ",{"t":"idOrVar","v":"value"}," ‮ɯıunʇǝs‬"]},"$x":[{"t":"idOrVar","v":"plural"},"value"]},{"$i":"hours-until-long","$v":{"zero":"‮uoʍ‬","one":"‮ıu‬ ‮ɐu‬ ‮ɥonɹ‬","two":["‮ıu‬ ",{"t":"idOrVar","v":"value"}," ‮ɥonɹs‬"],"few":["‮ıu‬ ",{"t":"idOrVar","v":"value"}," ‮ɥonɹs‬"],"many":["‮ıu‬ ",{"t":"idOrVar","v":"value"}," ‮ɥonɹs‬"],"other":["‮ıu‬ ",{"t":"idOrVar","v":"value"}," ‮ɥonɹs‬"]},"$x":[{"t":"idOrVar","v":"plural"},"value"]},{"$i":"days-until-long","$v":{"zero":"‮ʇopɐʎ‬","one":"‮ʇoɯoɹɹoʍ‬","two":["‮ıu‬ ",{"t":"idOrVar","v":"value"}," ‮pɐʎs‬"],"few":["‮ıu‬ ",{"t":"idOrVar","v":"value"}," ‮pɐʎs‬"],"many":["‮ıu‬ ",{"t":"idOrVar","v":"value"}," ‮pɐʎs‬"],"other":["‮ıu‬ ",{"t":"idOrVar","v":"value"}," ‮pɐʎs‬"]},"$x":[{"t":"idOrVar","v":"plural"},"value"]},{"$i":"weeks-until-long","$v":{"zero":"‮ʇɥıs‬ ‮ʍǝǝʞ‬","one":"‮uǝxʇ‬ ‮ʍǝǝʞ‬","two":["‮ıu‬ ",{"t":"idOrVar","v":"value"}," ‮ʍǝǝʞs‬"],"few":["‮ıu‬ ",{"t":"idOrVar","v":"value"}," ‮ʍǝǝʞs‬"],"many":["‮ıu‬ ",{"t":"idOrVar","v":"value"}," ‮ʍǝǝʞs‬"],"other":["‮ıu‬ ",{"t":"idOrVar","v":"value"}," ‮ʍǝǝʞs‬"]},"$x":[{"t":"idOrVar","v":"plural"},"value"]},{"$i":"months-until-long","$v":{"zero":"‮ʇɥıs‬ ‮ɯouʇɥ‬","one":"‮uǝxʇ‬ ‮ɯouʇɥ‬","two":["‮ıu‬ ",{"t":"idOrVar","v":"value"}," ‮ɯouʇɥs‬"],"few":["‮ıu‬ ",{"t":"idOrVar","v":"value"}," ‮ɯouʇɥs‬"],"many":["‮ıu‬ ",{"t":"idOrVar","v":"value"}," ‮ɯouʇɥs‬"],"other":["‮ıu‬ ",{"t":"idOrVar","v":"value"}," ‮ɯouʇɥs‬"]},"$x":[{"t":"idOrVar","v":"plural"},"value"]},{"$i":"years-until-long","$v":{"zero":"‮ʇɥıs‬ ‮ʎǝɐɹ‬","one":"‮uǝxʇ‬ ‮ʎǝɐɹ‬","two":["‮ıu‬ ",{"t":"idOrVar","v":"value"}," ‮ʎǝɐɹs‬"],"few":["‮ıu‬ ",{"t":"idOrVar","v":"value"}," ‮ʎǝɐɹs‬"],"many":["‮ıu‬ ",{"t":"idOrVar","v":"value"}," ‮ʎǝɐɹs‬"],"other":["‮ıu‬ ",{"t":"idOrVar","v":"value"}," ‮ʎǝɐɹs‬"]},"$x":[{"t":"idOrVar","v":"plural"},"value"]},{"$i":"minutes-ago-short","$v":{"zero":"‮ɾnsʇ‬ ‮uoʍ‬","other":[{"t":"idOrVar","v":"value"},"‮ɯ‬ ‮ɐƃo‬"]},"$x":[{"t":"idOrVar","v":"plural"},"value"]},{"$i":"hours-ago-short","$v":{"zero":"‮ɾnsʇ‬ ‮uoʍ‬","other":[{"t":"idOrVar","v":"value"},"‮ɥ‬ ‮ɐƃo‬"]},"$x":[{"t":"idOrVar","v":"plural"},"value"]},{"$i":"days-ago-short","$v":{"zero":"‮ʇopɐʎ‬","other":[{"t":"idOrVar","v":"value"},"‮p‬ ‮ɐƃo‬"]},"$x":[{"t":"idOrVar","v":"plural"},"value"]},{"$i":"minutes-until-short","$v":{"zero":"‮uoʍ‬","other":["‮ıu‬ ",{"t":"idOrVar","v":"value"},"‮ɯ‬"]},"$x":[{"t":"idOrVar","v":"plural"},"value"]},{"$i":"hours-until-short","$v":{"zero":"‮uoʍ‬","other":["‮ıu‬ ",{"t":"idOrVar","v":"value"},"‮ɥ‬"]},"$x":[{"t":"idOrVar","v":"plural"},"value"]},{"$i":"days-until-short","$v":{"zero":"‮ʇopɐʎ‬","other":["‮ıu‬ ",{"t":"idOrVar","v":"value"},"‮p‬"]},"$x":[{"t":"idOrVar","v":"plural"},"value"]},{"$i":"incorrectDate","$v":"(‮ıuɔoɹɹǝɔʇ‬ ‮pɐʇǝ‬)"},{"$i":"dateTimeFormat_%c","$v":"%a %b %e %Y %I:%M:%S %p"},{"$i":"dateTimeFormat_%x","$v":"%m/%d/%Y"},{"$i":"dateTimeFormat_%X","$v":"%I:%M:%S %p"},{"$i":"shortTimeFormat","$v":"%I:%M %p"},{"$i":"shortTimeFormat12","$v":"%I:%M %p"},{"$i":"shortTimeFormat24","$v":"%H:%M"},{"$i":"shortDateTimeFormat","$v":"%x %I:%M %p"},{"$i":"weekStartsOnMonday","$v":"0"},{"$i":"firstDayOfTheWeek","$v":"0"},{"$i":"time_am","$v":"‮∀W‬"},{"$i":"time_pm","$v":"‮ԀW‬"},{"$i":"label","$v":"‮˥ɐqǝʅ‬"},{"$i":"mobile","$v":"‮Woqıʅǝ‬"},{"$i":"home","$v":"‮Hoɯǝ‬"},{"$i":"work","$v":"‮Ｍoɹʞ‬"},{"$i":"personal","$v":"‮Ԁǝɹsouɐʅ‬"},{"$i":"faxHome","$v":"‮ɟɐx‬ ‮ɥoɯǝ‬"},{"$i":"faxOffice","$v":"‮ɟɐx‬ ‮oɟɟıɔǝ‬"},{"$i":"faxOther","$v":"‮ɟɐx‬ ‮oʇɥǝɹ‬"},{"$i":"another","$v":"‮∀uoʇɥǝɹ‬"},{"$i":"other","$v":"‮Oʇɥǝɹ‬"},{"$i":"customTag","placeholder":"‮Ↄnsʇoɯ‬ ‮ʇɐƃ‬"},{"$i":"current","$v":"‮Ↄnɹɹǝuʇ‬"},{"$i":"itemWithLabel","$v":[{"t":"idOrVar","v":"label"},", ",{"t":"idOrVar","v":"item"}]}]