[{"$i":"waitDuplicateContacts","$v":"Ŀǿǿǿǿķīīƞɠ ƒǿǿř ḓŭŭƥŀīīƈȧȧŧḗḗ ƈǿǿƞŧȧȧƈŧş"},{"$i":"waitMergingDuplicateContacts","$v":"Ḿḗḗřɠīīƞɠ ḓŭŭƥŀīīƈȧȧŧḗḗ ƈǿǿƞŧȧȧƈŧş"},{"$i":"alertNoDuplicateContacts","$v":"Ƞǿǿ ḓŭŭƥŀīīƈȧȧŧḗḗ ƈǿǿƞŧȧȧƈŧş ƒǿǿŭŭƞḓ"},{"$i":"curtainCancel","$v":"Ƈȧȧƞƈḗḗŀ"},{"$i":"merge","$v":"Ḿḗḗřɠḗḗ"},{"$i":"close","$v":"Īīɠƞǿǿřḗḗ"},{"$i":"mergeDuplicateTitle","$v":"Ḿḗḗřɠḗḗ ḓŭŭƥŀīīƈȧȧŧḗḗş"},{"$i":"suggestedDuplicatesMessage","innerHTML":{"$v":["Şŭŭɠɠḗḗşŧḗḗḓ ḓŭŭƥŀīīƈȧȧŧḗḗ ƈǿǿƞŧȧȧƈŧş ƒǿǿř <bdi>",{"t":"idOrVar","v":"name"},"</bdi>"]}},{"$i":"mergeActionButtonLabel","$v":{"zero":"Ƞǿǿ ƈǿǿƞŧȧȧƈŧş şḗḗŀḗḗƈŧḗḗḓ","one":["Ḿḗḗřɠḗḗ ẇīīŧħ ",{"t":"idOrVar","v":"n"}," ƈǿǿƞŧȧȧƈŧ"],"two":["Ḿḗḗřɠḗḗ ẇīīŧħ ",{"t":"idOrVar","v":"n"}," ƈǿǿƞŧȧȧƈŧş"],"few":["Ḿḗḗřɠḗḗ ẇīīŧħ ",{"t":"idOrVar","v":"n"}," ƈǿǿƞŧȧȧƈŧş"],"many":["Ḿḗḗřɠḗḗ ẇīīŧħ ",{"t":"idOrVar","v":"n"}," ƈǿǿƞŧȧȧƈŧş"],"other":["Ḿḗḗřɠḗḗ ẇīīŧħ ",{"t":"idOrVar","v":"n"}," ƈǿǿƞŧȧȧƈŧş"]},"$x":[{"t":"idOrVar","v":"plural"},"n"]},{"$i":"duplicatesFoundTitle","$v":"Ḓŭŭƥŀīīƈȧȧŧḗḗş ƒǿǿŭŭƞḓ"},{"$i":"foundDuplicatesMessage","innerHTML":{"$v":["<bdi>",{"t":"idOrVar","v":"name"},"</bdi> ḓŭŭƥŀīīƈȧȧŧḗḗş īīƞƒǿǿřḿȧȧŧīīǿǿƞ īīƞ ŧħḗḗ ƒǿǿŀŀǿǿẇīīƞɠ ƈǿǿƞŧȧȧƈŧş"]}},{"$i":"ok","$v":"ǾǿĶ"},{"$i":"label","$v":"Ŀȧȧƀḗḗŀ"},{"$i":"mobile","$v":"Ḿǿǿƀīīŀḗḗ"},{"$i":"home","$v":"Ħǿǿḿḗḗ"},{"$i":"work","$v":"Ẇǿǿřķ"},{"$i":"personal","$v":"Ƥḗḗřşǿǿƞȧȧŀ"},{"$i":"faxHome","$v":"Ƒȧȧẋ ħǿǿḿḗḗ"},{"$i":"faxOffice","$v":"Ƒȧȧẋ ǿǿƒƒīīƈḗḗ"},{"$i":"faxOther","$v":"Ƒȧȧẋ ǿǿŧħḗḗř"},{"$i":"another","$v":"Ȧȧƞǿǿŧħḗḗř"},{"$i":"other","$v":"Ǿǿŧħḗḗř"},{"$i":"customTag","placeholder":"Ƈŭŭşŧǿǿḿ ŧȧȧɠ"},{"$i":"current","$v":"Ƈŭŭřřḗḗƞŧ"},{"$i":"itemWithLabel","$v":[{"t":"idOrVar","v":"label"},", ",{"t":"idOrVar","v":"item"}]},{"$i":"close","$v":"Ƈŀǿǿşḗḗ"},{"$i":"import","$v":"Īīḿƥǿǿřŧ"},{"$i":"update","$v":"Ŭŭƥḓȧȧŧḗḗ"},{"$i":"fbFriends","$v":"Ƒȧȧƈḗḗƀǿǿǿǿķ Ƒřīīḗḗƞḓş"},{"$i":"live-serviceName","$v":"Ǿǿŭŭŧŀǿǿǿǿķ"},{"$i":"gmail-serviceName","$v":"Ɠḿȧȧīīŀ"},{"$i":"facebook-serviceName","$v":"Ƒȧȧƈḗḗƀǿǿǿǿķ Ƒřīīḗḗƞḓş"},{"$i":"selectAll","$v":"Şḗḗŀḗḗƈŧ ȧȧŀŀ"},{"$i":"deselectAll","$v":"Ḓḗḗşḗḗŀḗḗƈŧ ȧȧŀŀ"},{"$i":"viewAll","$v":"Ṽīīḗḗẇ Ȧȧŀŀ Ƒȧȧƈḗḗƀǿǿǿǿķ Ƒřīīḗḗƞḓş"},{"$i":"viewRecommend","$v":"Ṽīīḗḗẇ Ǿǿƞŀẏ Řḗḗƈǿǿḿḿḗḗƞḓḗḗḓ"},{"$i":"linkProposal","$v":{"zero":"Ƞǿǿ ḿȧȧŧƈħīīƞɠ ƒřīīḗḗƞḓş. Şħǿǿẇīīƞɠ ȧȧŀŀ","one":"Şḗḗŀḗḗƈŧ ŧħḗḗ řḗḗƈǿǿḿḿḗḗƞḓḗḗḓ ǿǿƞḗḗ","two":"Şḗḗŀḗḗƈŧ ȧȧ řḗḗƈǿǿḿḿḗḗƞḓḗḗḓ ǿǿƞḗḗ","few":"Şḗḗŀḗḗƈŧ ȧȧ řḗḗƈǿǿḿḿḗḗƞḓḗḗḓ ǿǿƞḗḗ","many":"Şḗḗŀḗḗƈŧ ȧȧ řḗḗƈǿǿḿḿḗḗƞḓḗḗḓ ǿǿƞḗḗ","other":"Şḗḗŀḗḗƈŧ ȧȧ řḗḗƈǿǿḿḿḗḗƞḓḗḗḓ ǿǿƞḗḗ"},"$x":[{"t":"idOrVar","v":"plural"},"numFriends"]},{"$i":"fbFriendsFound","$v":{"zero":"Ȧȧŀŀ ẏǿǿŭŭř ƒřīīḗḗƞḓş ȧȧřḗḗ īīḿƥǿǿřŧḗḗḓ","one":"Ƒǿǿŭŭƞḓ ǿǿƞḗḗ ƒřīīḗḗƞḓ ŧǿǿ īīḿƥǿǿřŧ","two":["Ƒǿǿŭŭƞḓ ",{"t":"idOrVar","v":"numFriends"}," ƒřīīḗḗƞḓş ŧǿǿ īīḿƥǿǿřŧ"],"few":["Ƒǿǿŭŭƞḓ ",{"t":"idOrVar","v":"numFriends"}," ƒřīīḗḗƞḓş ŧǿǿ īīḿƥǿǿřŧ"],"many":["Ƒǿǿŭŭƞḓ ",{"t":"idOrVar","v":"numFriends"}," ƒřīīḗḗƞḓş ŧǿǿ īīḿƥǿǿřŧ"],"other":["Ƒǿǿŭŭƞḓ ",{"t":"idOrVar","v":"numFriends"}," ƒřīīḗḗƞḓş ŧǿǿ īīḿƥǿǿřŧ"]},"$x":[{"t":"idOrVar","v":"plural"},"numFriends"]},{"$i":"fbNoFriends","$v":"Ƞǿǿ ƈǿǿƞŧȧȧƈŧş ȧȧṽȧȧīīŀȧȧƀŀḗḗ ŧǿǿ īīḿƥǿǿřŧ"},{"$i":"facebook","$v":"Ƒȧȧƈḗḗƀǿǿǿǿķ"},{"$i":"search-contact","placeholder":"Şḗḗȧȧřƈħ"},{"$i":"noResults","$v":"Ƞǿǿ ƈǿǿƞŧȧȧƈŧş ƒǿǿŭŭƞḓ"},{"$i":"done-search","$v":"Ḓǿǿƞḗḗ"},{"$i":"progressFB3ImportTitle","$v":"Īīḿƥǿǿřŧīīƞɠ ƒřīīḗḗƞḓş ŧǿǿ Ƈǿǿƞŧȧȧƈŧş"},{"$i":"progressFB","$v":[{"t":"idOrVar","v":"current"},"/",{"t":"idOrVar","v":"total"}]},{"$i":"progressFB3UpdateTitle","$v":"Ŭŭƥḓȧȧŧīīƞɠ ƒřīīḗḗƞḓş īīƞ Ƈǿǿƞŧȧȧƈŧş"},{"$i":"message2","$v":"Ŧħīīş ḿȧȧẏ ŧȧȧķḗḗ ȧȧ ƈǿǿŭŭƥŀḗḗ ǿǿƒ ḿīīƞŭŭŧḗḗş"},{"$i":"messageLinking","$v":"Ƥŀḗḗȧȧşḗḗ ħǿǿŀḓ ǿǿƞ. Ẇḗḗ ȧȧřḗḗ ŀīīƞķīīƞɠ ẏǿǿŭŭř ƒřīīḗḗƞḓ ȧȧƞḓ ẏǿǿŭŭř ƈǿǿƞŧȧȧƈŧ."},{"$i":"messageCanceling","$v":"Ƥŀḗḗȧȧşḗḗ ħǿǿŀḓ ǿǿƞ. Ẇḗḗ ȧȧřḗḗ ƈȧȧƞƈḗḗŀīīƞɠ ŧħḗḗ ǿǿƞɠǿǿīīƞɠ ǿǿƥḗḗřȧȧŧīīǿǿƞ."},{"$i":"error1","$v":["Ḗḗřřǿǿř ",{"t":"idOrVar","v":"from"}]},{"$i":"error2","$v":"Ḓǿǿ ẏǿǿŭŭ ẇȧȧƞŧ ŧǿǿ řḗḗŧřẏ?"},{"$i":"errorProposal","$v":"ƈȧȧŀƈŭŭŀȧȧŧīīƞɠ ƥřǿǿƥǿǿşȧȧŀş"},{"$i":"errorFriends","$v":"řḗḗŧřīīḗḗṽīīƞɠ ƒřīīḗḗƞḓş"},{"$i":"errorLinking","$v":"ŀīīƞķīīƞɠ ƈǿǿƞŧȧȧƈŧ"},{"$i":"timeout1","$v":["Ḗḗẋƈḗḗḗḗḓḗḗḓ ŧīīḿḗḗǿǿŭŭŧ ",{"t":"idOrVar","v":"from"}]},{"$i":"timeout2","$v":"Ḓǿǿ ẏǿǿŭŭ ẇȧȧƞŧ ŧǿǿ řḗḗŧřẏ?"},{"$i":"timeoutProposal","$v":"ƈȧȧŀƈŭŭŀȧȧŧīīƞɠ ƥřǿǿƥǿǿşȧȧŀş"},{"$i":"timeoutFriends","$v":"řḗḗŧřīīḗḗṽīīƞɠ ƒřīīḗḗƞḓş"},{"$i":"timeoutLinking","$v":"ŀīīƞķīīƞɠ ƈǿǿƞŧȧȧƈŧş"},{"$i":"wait1","$v":"Ƥŀḗḗȧȧşḗḗ ħǿǿŀḓ ǿǿƞ"},{"$i":"wait2","$v":"Ŧħīīş ḿȧȧẏ ŧȧȧķḗḗ ȧȧ ƈǿǿŭŭƥŀḗḗ ǿǿƒ ḿīīƞŭŭŧḗḗş"},{"$i":"waitProposal","$v":"Ƥŀḗḗȧȧşḗḗ ħǿǿŀḓ ǿǿƞ. Ẇḗḗ ȧȧřḗḗ ƈȧȧŀƈŭŭŀȧȧŧīīƞɠ ȧȧ ƥřǿǿƥǿǿşȧȧŀ."},{"$i":"waitFriends","$v":"Ƥŀḗḗȧȧşḗḗ ħǿǿŀḓ ǿǿƞ. Ẇḗḗ ȧȧřḗḗ ƈǿǿƞƞḗḗƈŧīīƞɠ ŧǿǿ ǿǿƀŧȧȧīīƞ ẏǿǿŭŭř ƒřīīḗḗƞḓ ŀīīşŧ."},{"$i":"curtainCancel","$v":"Ƈȧȧƞƈḗḗŀ"},{"$i":"curtainRetry","$v":"Řḗḗŧřẏ"},{"$i":"curtainOK","$v":"ǾǿĶ"},{"$i":"connectionLost","$v":"Ƞǿǿ Īīƞŧḗḗřƞḗḗŧ ƈǿǿƞƞḗḗƈŧīīǿǿƞ"},{"$i":"connectionLostMsg","$v":"Ƒřīīḗḗƞḓş’ ƥħǿǿŧǿǿş ẇīīŀŀ ƞǿǿŧ ƀḗḗ ȧȧḓḓḗḗḓ ŧǿǿ ẏǿǿŭŭř ƈǿǿƞŧȧȧƈŧş. Ƈǿǿƞŧīīƞŭŭḗḗ ȧȧƞẏẇȧȧẏ?"},{"$i":"yesOption","$v":"ǾǿĶ"},{"$i":"noOption","$v":"Ƈȧȧƞƈḗḗŀ"},{"$i":"notificationLogin","$v":"Ẏǿǿŭŭř Ƒȧȧƈḗḗƀǿǿǿǿķ şḗḗşşīīǿǿƞ īīş īīƞṽȧȧŀīīḓ. Ƥŀḗḗȧȧşḗḗ şīīɠƞ īīƞ."},{"$i":"syncError","$v":"Ŧħḗḗřḗḗ ẇȧȧş ȧȧƞ ḗḗřřǿǿř şẏƞƈħřǿǿƞīīẑīīƞɠ ẏǿǿŭŭř ƒřīīḗḗƞḓ’ş ḓȧȧŧȧȧ"}]