[{"$i":"waitDuplicateContacts","$v":"‮˥ooʞıuƃ‬ ‮ɟoɹ‬ ‮pndʅıɔɐʇǝ‬ ‮ɔouʇɐɔʇs‬"},{"$i":"waitMergingDuplicateContacts","$v":"‮Wǝɹƃıuƃ‬ ‮pndʅıɔɐʇǝ‬ ‮ɔouʇɐɔʇs‬"},{"$i":"alertNoDuplicateContacts","$v":"‮No‬ ‮pndʅıɔɐʇǝ‬ ‮ɔouʇɐɔʇs‬ ‮ɟonup‬"},{"$i":"curtainCancel","$v":"‮Ↄɐuɔǝʅ‬"},{"$i":"merge","$v":"‮Wǝɹƃǝ‬"},{"$i":"close","$v":"‮Iƃuoɹǝ‬"},{"$i":"mergeDuplicateTitle","$v":"‮Wǝɹƃǝ‬ ‮pndʅıɔɐʇǝs‬"},{"$i":"suggestedDuplicatesMessage","innerHTML":{"$v":["‮Snƃƃǝsʇǝp‬ ‮pndʅıɔɐʇǝ‬ ‮ɔouʇɐɔʇs‬ ‮ɟoɹ‬ <bdi>",{"t":"idOrVar","v":"name"},"</bdi>"]}},{"$i":"mergeActionButtonLabel","$v":{"zero":"‮No‬ ‮ɔouʇɐɔʇs‬ ‮sǝʅǝɔʇǝp‬","one":["‮Wǝɹƃǝ‬ ‮ʍıʇɥ‬ ",{"t":"idOrVar","v":"n"}," ‮ɔouʇɐɔʇ‬"],"two":["‮Wǝɹƃǝ‬ ‮ʍıʇɥ‬ ",{"t":"idOrVar","v":"n"}," ‮ɔouʇɐɔʇs‬"],"few":["‮Wǝɹƃǝ‬ ‮ʍıʇɥ‬ ",{"t":"idOrVar","v":"n"}," ‮ɔouʇɐɔʇs‬"],"many":["‮Wǝɹƃǝ‬ ‮ʍıʇɥ‬ ",{"t":"idOrVar","v":"n"}," ‮ɔouʇɐɔʇs‬"],"other":["‮Wǝɹƃǝ‬ ‮ʍıʇɥ‬ ",{"t":"idOrVar","v":"n"}," ‮ɔouʇɐɔʇs‬"]},"$x":[{"t":"idOrVar","v":"plural"},"n"]},{"$i":"duplicatesFoundTitle","$v":"‮pndʅıɔɐʇǝs‬ ‮ɟonup‬"},{"$i":"foundDuplicatesMessage","innerHTML":{"$v":["<bdi>",{"t":"idOrVar","v":"name"},"</bdi> ‮pndʅıɔɐʇǝs‬ ‮ıuɟoɹɯɐʇıou‬ ‮ıu‬ ‮ʇɥǝ‬ ‮ɟoʅʅoʍıuƃ‬ ‮ɔouʇɐɔʇs‬"]}},{"$i":"ok","$v":"‮OӼ‬"},{"$i":"label","$v":"‮˥ɐqǝʅ‬"},{"$i":"mobile","$v":"‮Woqıʅǝ‬"},{"$i":"home","$v":"‮Hoɯǝ‬"},{"$i":"work","$v":"‮Ｍoɹʞ‬"},{"$i":"personal","$v":"‮Ԁǝɹsouɐʅ‬"},{"$i":"faxHome","$v":"‮ɟɐx‬ ‮ɥoɯǝ‬"},{"$i":"faxOffice","$v":"‮ɟɐx‬ ‮oɟɟıɔǝ‬"},{"$i":"faxOther","$v":"‮ɟɐx‬ ‮oʇɥǝɹ‬"},{"$i":"another","$v":"‮∀uoʇɥǝɹ‬"},{"$i":"other","$v":"‮Oʇɥǝɹ‬"},{"$i":"customTag","placeholder":"‮Ↄnsʇoɯ‬ ‮ʇɐƃ‬"},{"$i":"current","$v":"‮Ↄnɹɹǝuʇ‬"},{"$i":"itemWithLabel","$v":[{"t":"idOrVar","v":"label"},", ",{"t":"idOrVar","v":"item"}]},{"$i":"close","$v":"‮Ↄʅosǝ‬"},{"$i":"import","$v":"‮Iɯdoɹʇ‬"},{"$i":"update","$v":"‮∩dpɐʇǝ‬"},{"$i":"fbFriends","$v":"‮ɟɐɔǝqooʞ‬ ‮ɟɹıǝups‬"},{"$i":"live-serviceName","$v":"‮Onʇʅooʞ‬"},{"$i":"gmail-serviceName","$v":"‮פɯɐıʅ‬"},{"$i":"facebook-serviceName","$v":"‮ɟɐɔǝqooʞ‬ ‮ɟɹıǝups‬"},{"$i":"selectAll","$v":"‮Sǝʅǝɔʇ‬ ‮ɐʅʅ‬"},{"$i":"deselectAll","$v":"‮pǝsǝʅǝɔʇ‬ ‮ɐʅʅ‬"},{"$i":"viewAll","$v":"‮Ʌıǝʍ‬ ‮∀ʅʅ‬ ‮ɟɐɔǝqooʞ‬ ‮ɟɹıǝups‬"},{"$i":"viewRecommend","$v":"‮Ʌıǝʍ‬ ‮Ouʅʎ‬ ‮ᴚǝɔoɯɯǝupǝp‬"},{"$i":"linkProposal","$v":{"zero":"‮No‬ ‮ɯɐʇɔɥıuƃ‬ ‮ɟɹıǝups‬. ‮Sɥoʍıuƃ‬ ‮ɐʅʅ‬","one":"‮Sǝʅǝɔʇ‬ ‮ʇɥǝ‬ ‮ɹǝɔoɯɯǝupǝp‬ ‮ouǝ‬","two":"‮Sǝʅǝɔʇ‬ ‮ɐ‬ ‮ɹǝɔoɯɯǝupǝp‬ ‮ouǝ‬","few":"‮Sǝʅǝɔʇ‬ ‮ɐ‬ ‮ɹǝɔoɯɯǝupǝp‬ ‮ouǝ‬","many":"‮Sǝʅǝɔʇ‬ ‮ɐ‬ ‮ɹǝɔoɯɯǝupǝp‬ ‮ouǝ‬","other":"‮Sǝʅǝɔʇ‬ ‮ɐ‬ ‮ɹǝɔoɯɯǝupǝp‬ ‮ouǝ‬"},"$x":[{"t":"idOrVar","v":"plural"},"numFriends"]},{"$i":"fbFriendsFound","$v":{"zero":"‮∀ʅʅ‬ ‮ʎonɹ‬ ‮ɟɹıǝups‬ ‮ɐɹǝ‬ ‮ıɯdoɹʇǝp‬","one":"‮ɟonup‬ ‮ouǝ‬ ‮ɟɹıǝup‬ ‮ʇo‬ ‮ıɯdoɹʇ‬","two":["‮ɟonup‬ ",{"t":"idOrVar","v":"numFriends"}," ‮ɟɹıǝups‬ ‮ʇo‬ ‮ıɯdoɹʇ‬"],"few":["‮ɟonup‬ ",{"t":"idOrVar","v":"numFriends"}," ‮ɟɹıǝups‬ ‮ʇo‬ ‮ıɯdoɹʇ‬"],"many":["‮ɟonup‬ ",{"t":"idOrVar","v":"numFriends"}," ‮ɟɹıǝups‬ ‮ʇo‬ ‮ıɯdoɹʇ‬"],"other":["‮ɟonup‬ ",{"t":"idOrVar","v":"numFriends"}," ‮ɟɹıǝups‬ ‮ʇo‬ ‮ıɯdoɹʇ‬"]},"$x":[{"t":"idOrVar","v":"plural"},"numFriends"]},{"$i":"fbNoFriends","$v":"‮No‬ ‮ɔouʇɐɔʇs‬ ‮ɐʌɐıʅɐqʅǝ‬ ‮ʇo‬ ‮ıɯdoɹʇ‬"},{"$i":"facebook","$v":"‮ɟɐɔǝqooʞ‬"},{"$i":"search-contact","placeholder":"‮Sǝɐɹɔɥ‬"},{"$i":"noResults","$v":"‮No‬ ‮ɔouʇɐɔʇs‬ ‮ɟonup‬"},{"$i":"done-search","$v":"‮pouǝ‬"},{"$i":"progressFB3ImportTitle","$v":"‮Iɯdoɹʇıuƃ‬ ‮ɟɹıǝups‬ ‮ʇo‬ ‮Ↄouʇɐɔʇs‬"},{"$i":"progressFB","$v":[{"t":"idOrVar","v":"current"},"/",{"t":"idOrVar","v":"total"}]},{"$i":"progressFB3UpdateTitle","$v":"‮∩dpɐʇıuƃ‬ ‮ɟɹıǝups‬ ‮ıu‬ ‮Ↄouʇɐɔʇs‬"},{"$i":"message2","$v":"‮⊥ɥıs‬ ‮ɯɐʎ‬ ‮ʇɐʞǝ‬ ‮ɐ‬ ‮ɔondʅǝ‬ ‮oɟ‬ ‮ɯıunʇǝs‬"},{"$i":"messageLinking","$v":"‮Ԁʅǝɐsǝ‬ ‮ɥoʅp‬ ‮ou‬. ‮Ｍǝ‬ ‮ɐɹǝ‬ ‮ʅıuʞıuƃ‬ ‮ʎonɹ‬ ‮ɟɹıǝup‬ ‮ɐup‬ ‮ʎonɹ‬ ‮ɔouʇɐɔʇ‬."},{"$i":"messageCanceling","$v":"‮Ԁʅǝɐsǝ‬ ‮ɥoʅp‬ ‮ou‬. ‮Ｍǝ‬ ‮ɐɹǝ‬ ‮ɔɐuɔǝʅıuƃ‬ ‮ʇɥǝ‬ ‮ouƃoıuƃ‬ ‮odǝɹɐʇıou‬."},{"$i":"error1","$v":["‮Ǝɹɹoɹ‬ ",{"t":"idOrVar","v":"from"}]},{"$i":"error2","$v":"‮po‬ ‮ʎon‬ ‮ʍɐuʇ‬ ‮ʇo‬ ‮ɹǝʇɹʎ‬?"},{"$i":"errorProposal","$v":"‮ɔɐʅɔnʅɐʇıuƃ‬ ‮dɹodosɐʅs‬"},{"$i":"errorFriends","$v":"‮ɹǝʇɹıǝʌıuƃ‬ ‮ɟɹıǝups‬"},{"$i":"errorLinking","$v":"‮ʅıuʞıuƃ‬ ‮ɔouʇɐɔʇ‬"},{"$i":"timeout1","$v":["‮Ǝxɔǝǝpǝp‬ ‮ʇıɯǝonʇ‬ ",{"t":"idOrVar","v":"from"}]},{"$i":"timeout2","$v":"‮po‬ ‮ʎon‬ ‮ʍɐuʇ‬ ‮ʇo‬ ‮ɹǝʇɹʎ‬?"},{"$i":"timeoutProposal","$v":"‮ɔɐʅɔnʅɐʇıuƃ‬ ‮dɹodosɐʅs‬"},{"$i":"timeoutFriends","$v":"‮ɹǝʇɹıǝʌıuƃ‬ ‮ɟɹıǝups‬"},{"$i":"timeoutLinking","$v":"‮ʅıuʞıuƃ‬ ‮ɔouʇɐɔʇs‬"},{"$i":"wait1","$v":"‮Ԁʅǝɐsǝ‬ ‮ɥoʅp‬ ‮ou‬"},{"$i":"wait2","$v":"‮⊥ɥıs‬ ‮ɯɐʎ‬ ‮ʇɐʞǝ‬ ‮ɐ‬ ‮ɔondʅǝ‬ ‮oɟ‬ ‮ɯıunʇǝs‬"},{"$i":"waitProposal","$v":"‮Ԁʅǝɐsǝ‬ ‮ɥoʅp‬ ‮ou‬. ‮Ｍǝ‬ ‮ɐɹǝ‬ ‮ɔɐʅɔnʅɐʇıuƃ‬ ‮ɐ‬ ‮dɹodosɐʅ‬."},{"$i":"waitFriends","$v":"‮Ԁʅǝɐsǝ‬ ‮ɥoʅp‬ ‮ou‬. ‮Ｍǝ‬ ‮ɐɹǝ‬ ‮ɔouuǝɔʇıuƃ‬ ‮ʇo‬ ‮oqʇɐıu‬ ‮ʎonɹ‬ ‮ɟɹıǝup‬ ‮ʅısʇ‬."},{"$i":"curtainCancel","$v":"‮Ↄɐuɔǝʅ‬"},{"$i":"curtainRetry","$v":"‮ᴚǝʇɹʎ‬"},{"$i":"curtainOK","$v":"‮OӼ‬"},{"$i":"connectionLost","$v":"‮No‬ ‮Iuʇǝɹuǝʇ‬ ‮ɔouuǝɔʇıou‬"},{"$i":"connectionLostMsg","$v":"‮ɟɹıǝups‬’ ‮dɥoʇos‬ ‮ʍıʅʅ‬ ‮uoʇ‬ ‮qǝ‬ ‮ɐppǝp‬ ‮ʇo‬ ‮ʎonɹ‬ ‮ɔouʇɐɔʇs‬. ‮Ↄouʇıunǝ‬ ‮ɐuʎʍɐʎ‬?"},{"$i":"yesOption","$v":"‮OӼ‬"},{"$i":"noOption","$v":"‮Ↄɐuɔǝʅ‬"},{"$i":"notificationLogin","$v":"‮ʎonɹ‬ ‮ɟɐɔǝqooʞ‬ ‮sǝssıou‬ ‮ıs‬ ‮ıuʌɐʅıp‬. ‮Ԁʅǝɐsǝ‬ ‮sıƃu‬ ‮ıu‬."},{"$i":"syncError","$v":"‮⊥ɥǝɹǝ‬ ‮ʍɐs‬ ‮ɐu‬ ‮ǝɹɹoɹ‬ ‮sʎuɔɥɹouızıuƃ‬ ‮ʎonɹ‬ ‮ɟɹıǝup‬’‮s‬ ‮pɐʇɐ‬"}]