[{"$i":"waitDuplicateContacts","$v":"Looking for duplicate contacts"},{"$i":"waitMergingDuplicateContacts","$v":"Merging duplicate contacts"},{"$i":"alertNoDuplicateContacts","$v":"No duplicate contacts found"},{"$i":"curtainCancel","$v":"Cancel"},{"$i":"merge","$v":"Merge"},{"$i":"close","$v":"Ignore"},{"$i":"mergeDuplicateTitle","$v":"Merge duplicates"},{"$i":"suggestedDuplicatesMessage","innerHTML":{"$v":["Suggested duplicate contacts for <bdi>",{"t":"idOrVar","v":"name"},"</bdi>"]}},{"$i":"mergeActionButtonLabel","$v":{"zero":"No contacts selected","one":["Merge with ",{"t":"idOrVar","v":"n"}," contact"],"two":["Merge with ",{"t":"idOrVar","v":"n"}," contacts"],"few":["Merge with ",{"t":"idOrVar","v":"n"}," contacts"],"many":["Merge with ",{"t":"idOrVar","v":"n"}," contacts"],"other":["Merge with ",{"t":"idOrVar","v":"n"}," contacts"]},"$x":[{"t":"idOrVar","v":"plural"},"n"]},{"$i":"duplicatesFoundTitle","$v":"Duplicates found"},{"$i":"foundDuplicatesMessage","innerHTML":{"$v":["<bdi>",{"t":"idOrVar","v":"name"},"</bdi> duplicates information in the following contacts"]}},{"$i":"ok","$v":"OK"},{"$i":"label","$v":"Label"},{"$i":"mobile","$v":"Mobile"},{"$i":"home","$v":"Home"},{"$i":"work","$v":"Work"},{"$i":"personal","$v":"Personal"},{"$i":"faxHome","$v":"Fax home"},{"$i":"faxOffice","$v":"Fax office"},{"$i":"faxOther","$v":"Fax other"},{"$i":"another","$v":"Another"},{"$i":"other","$v":"Other"},{"$i":"customTag","placeholder":"Custom tag"},{"$i":"current","$v":"Current"},{"$i":"itemWithLabel","$v":[{"t":"idOrVar","v":"label"},", ",{"t":"idOrVar","v":"item"}]},{"$i":"close","$v":"Close"},{"$i":"import","$v":"Import"},{"$i":"update","$v":"Update"},{"$i":"fbFriends","$v":"Facebook Friends"},{"$i":"live-serviceName","$v":"Outlook"},{"$i":"gmail-serviceName","$v":"Gmail"},{"$i":"facebook-serviceName","$v":"Facebook Friends"},{"$i":"selectAll","$v":"Select all"},{"$i":"deselectAll","$v":"Deselect all"},{"$i":"viewAll","$v":"View All Facebook Friends"},{"$i":"viewRecommend","$v":"View Only Recommended"},{"$i":"linkProposal","$v":{"zero":"No matching friends. Showing all","one":"Select the recommended one","two":"Select a recommended one","few":"Select a recommended one","many":"Select a recommended one","other":"Select a recommended one"},"$x":[{"t":"idOrVar","v":"plural"},"numFriends"]},{"$i":"fbFriendsFound","$v":{"zero":"All your friends are imported","one":"Found one friend to import","two":["Found ",{"t":"idOrVar","v":"numFriends"}," friends to import"],"few":["Found ",{"t":"idOrVar","v":"numFriends"}," friends to import"],"many":["Found ",{"t":"idOrVar","v":"numFriends"}," friends to import"],"other":["Found ",{"t":"idOrVar","v":"numFriends"}," friends to import"]},"$x":[{"t":"idOrVar","v":"plural"},"numFriends"]},{"$i":"fbNoFriends","$v":"No contacts available to import"},{"$i":"facebook","$v":"Facebook"},{"$i":"search-contact","placeholder":"Search"},{"$i":"noResults","$v":"No contacts found"},{"$i":"done-search","$v":"Done"},{"$i":"progressFB3ImportTitle","$v":"Importing friends to Contacts"},{"$i":"progressFB","$v":[{"t":"idOrVar","v":"current"},"/",{"t":"idOrVar","v":"total"}]},{"$i":"progressFB3UpdateTitle","$v":"Updating friends in Contacts"},{"$i":"message2","$v":"This may take a couple of minutes"},{"$i":"messageLinking","$v":"Please hold on. We are linking your friend and your contact."},{"$i":"messageCanceling","$v":"Please hold on. We are canceling the ongoing operation."},{"$i":"error1","$v":["Error ",{"t":"idOrVar","v":"from"}]},{"$i":"error2","$v":"Do you want to retry?"},{"$i":"errorProposal","$v":"calculating proposals"},{"$i":"errorFriends","$v":"retrieving friends"},{"$i":"errorLinking","$v":"linking contact"},{"$i":"timeout1","$v":["Exceeded timeout ",{"t":"idOrVar","v":"from"}]},{"$i":"timeout2","$v":"Do you want to retry?"},{"$i":"timeoutProposal","$v":"calculating proposals"},{"$i":"timeoutFriends","$v":"retrieving friends"},{"$i":"timeoutLinking","$v":"linking contacts"},{"$i":"wait1","$v":"Please hold on"},{"$i":"wait2","$v":"This may take a couple of minutes"},{"$i":"waitProposal","$v":"Please hold on. We are calculating a proposal."},{"$i":"waitFriends","$v":"Please hold on. We are connecting to obtain your friend list."},{"$i":"curtainCancel","$v":"Cancel"},{"$i":"curtainRetry","$v":"Retry"},{"$i":"curtainOK","$v":"OK"},{"$i":"connectionLost","$v":"No Internet connection"},{"$i":"connectionLostMsg","$v":"Friends’ photos will not be added to your contacts. Continue anyway?"},{"$i":"yesOption","$v":"OK"},{"$i":"noOption","$v":"Cancel"},{"$i":"notificationLogin","$v":"Your Facebook session is invalid. Please sign in."},{"$i":"syncError","$v":"There was an error synchronizing your friend’s data"}]