[{"$i":"label","$v":"‮˥ɐqǝʅ‬"},{"$i":"mobile","$v":"‮Woqıʅǝ‬"},{"$i":"home","$v":"‮Hoɯǝ‬"},{"$i":"work","$v":"‮Ｍoɹʞ‬"},{"$i":"personal","$v":"‮Ԁǝɹsouɐʅ‬"},{"$i":"faxHome","$v":"‮ɟɐx‬ ‮ɥoɯǝ‬"},{"$i":"faxOffice","$v":"‮ɟɐx‬ ‮oɟɟıɔǝ‬"},{"$i":"faxOther","$v":"‮ɟɐx‬ ‮oʇɥǝɹ‬"},{"$i":"another","$v":"‮∀uoʇɥǝɹ‬"},{"$i":"other","$v":"‮Oʇɥǝɹ‬"},{"$i":"customTag","placeholder":"‮Ↄnsʇoɯ‬ ‮ʇɐƃ‬"},{"$i":"current","$v":"‮Ↄnɹɹǝuʇ‬"},{"$i":"itemWithLabel","$v":[{"t":"idOrVar","v":"label"},", ",{"t":"idOrVar","v":"item"}]},{"$i":"error","$v":"‮Ǝɹɹoɹ‬"},{"$i":"ok","$v":"‮OӼ‬"},{"$i":"cancel","$v":"‮Ↄɐuɔǝʅ‬"},{"$i":"emergency-call-only","$v":"‮Ǝɯǝɹƃǝuɔʎ‬ ‮Ↄɐʅʅ‬ ‮Ouʅʎ‬"},{"$i":"emergency-call-error","$v":[{"t":"idOrVar","v":"number"}," ‮ıs‬ ‮uoʇ‬ ‮ɐu‬ ‮ǝɯǝɹƃǝuɔʎ‬ ‮unɯqǝɹ‬."]},{"$i":"ice-contacts-bar-text","$v":"‮IↃƎ‬ ‮Ↄouʇɐɔʇs‬ - ‮Iu‬ ‮Ↄɐsǝ‬ ‮oɟ‬ ‮Ǝɯǝɹƃǝuɔʎ‬"},{"$i":"ice-contacts-overlay-title","$v":"‮IↃƎ‬ ‮Ↄouʇɐɔʇs‬"},{"$i":"phoneNumberInput","ariaLabel":"‮Ԁɥouǝ‬ ‮unɯqǝɹ‬"},{"$i":"keypadDelete","ariaLabel":"‮pǝʅǝʇǝ‬"},{"$i":"voiceMailKey","ariaLabel":"‮Ʌoıɔǝɯɐıʅ‬"},{"$i":"asterisk","ariaLabel":"‮∀sʇǝɹısʞ‬"},{"$i":"hashSign","ariaLabel":"‮Hɐsɥ‬ ‮sıƃu‬"},{"$i":"keypadCancel","$v":"‮Ↄɐuɔǝʅ‬"},{"$i":"loadingSimContacts","$v":"‮˥oɐpıuƃ‬ ‮SIW‬ ‮ɔɐɹp‬ ‮ɔouʇɐɔʇs‬…"},{"$i":"noContactsWereFound","$v":"‮No‬ ‮ɔouʇɐɔʇs‬ ‮ʍǝɹǝ‬ ‮ɟonup‬"},{"$i":"noContactsFoundDialogOk","$v":"‮OӼ‬"},{"$i":"emergencyNumber","$v":"‮Ǝɯǝɹƃǝuɔʎ‬ ‮unɯqǝɹ‬"},{"$i":"callAirplaneModeMessage","$v":"‮⊥o‬ ‮ɯɐʞǝ‬ ‮ɐ‬ ‮ɔɐʅʅ‬ ‮ʎon‬ ‮uǝǝp‬ ‮ʇo‬ ‮pısɐqʅǝ‬ ‮ɐıɹdʅɐuǝ‬ ‮ɯopǝ‬ ‮ıu‬ ‮sǝʇʇıuƃs‬."},{"$i":"callAirplaneModeBtnOk","$v":"‮OӼ‬"},{"$i":"callAirplaneModeTitle","$v":"‮∀ıɹdʅɐuǝ‬ ‮ɯopǝ‬ ‮ɐɔʇıʌɐʇǝp‬"},{"$i":"numberIsBusyTitle","$v":"‮Nnɯqǝɹ‬ ‮ıs‬ ‮qnsʎ‬"},{"$i":"numberIsBusyMessage","$v":"‮⊥ɥǝ‬ ‮unɯqǝɹ‬ ‮ıs‬ ‮ɔnɹɹǝuʇʅʎ‬ ‮qnsʎ‬. ‮Ԁʅǝɐsǝ‬ ‮ʇɹʎ‬ ‮ɐƃɐıu‬ ‮ʅɐʇǝɹ‬."},{"$i":"fdnIsActiveTitle","$v":"‮ɟpN‬ ‮ɐɔʇıʌǝ‬"},{"$i":"fdnIsActiveMessage","$v":["‮ɟpN‬ (‮ɟıxǝp‬ ‮pıɐʅıuƃ‬ ‮Nnɯqǝɹs‬) ‮ıs‬ ‮ɐɔʇıʌɐʇǝp‬ ‮ɐup‬ ‮ʇɥǝ‬ ‮ɟoʅʅoʍıuƃ‬ ‮unɯqǝɹ‬ ‮ıs‬ ‮uoʇ‬ ‮ıu‬ ‮ʎonɹ‬ ‮ɟpN‬ ‮ʅısʇ‬: ",{"t":"idOrVar","v":"number"}]},{"$i":"emergencyDialogBodyBadNumber","$v":"‮⊥o‬ ‮ɯɐʞǝ‬ ‮ɐ‬ ‮ɔɐʅʅ‬, ‮ʇɥǝ‬ ‮dɥouǝ‬ ‮ɯnsʇ‬ ‮qǝ‬ ‮ɔouuǝɔʇǝp‬ ‮ʇo‬ ‮ɐ‬ ‮uǝʇʍoɹʞ‬."},{"$i":"emergencyDialogBodyDeviceNotAccepted","$v":"‮Ǝɯǝɹƃǝuɔʎ‬ ‮ɔɐʅʅs‬ ‮ɐɹǝ‬ ‮uoʇ‬ ‮ɐʅʅoʍǝp‬ ‮qʎ‬ ‮ʇɥǝ‬ ‮uǝʇʍoɹʞ‬."},{"$i":"emergencyDialogBtnOk","$v":"‮OӼ‬"},{"$i":"emergencyDialogTitle","$v":"‮No‬ ‮uǝʇʍoɹʞ‬ ‮ɔouuǝɔʇıou‬"},{"$i":"invalidNumberToDialTitle","$v":"‮Iuʌɐʅıp‬ ‮dɥouǝ‬ ‮unɯqǝɹ‬"},{"$i":"invalidNumberToDialMessage","$v":"‮⊥ɥǝ‬ ‮dɥouǝ‬ ‮unɯqǝɹ‬ ‮ʎon‬ ‮ɐɹǝ‬ ‮ɔɐʅʅıuƃ‬ ‮ıs‬ ‮uoʇ‬ ‮ʌɐʅıp‬."},{"$i":"unableToCallTitle","$v":"‮∩uɐqʅǝ‬ ‮ʇo‬ ‮ɯɐʞǝ‬ ‮ɐ‬ ‮dɥouǝ‬ ‮ɔɐʅʅ‬ ‮uoʍ‬"},{"$i":"unableToCallMessage","$v":"‮Ↄɐuuoʇ‬ ‮ɯɐʞǝ‬ ‮ɐ‬ ‮ɔɐʅʅ‬. ‮Iɟ‬ ‮ʎon‬ ‮ɐɹǝ‬ ‮ɐʅɹǝɐpʎ‬ ‮pıɐʅıuƃ‬, ‮dʅǝɐsǝ‬ ‮ɥɐuƃ‬ ‮nd‬ ‮ɟıɹsʇ‬."},{"$i":"otherConnectionInUseTitle","$v":"‮Oʇɥǝɹ‬ ‮ɔouuǝɔʇıou‬ ‮ıu‬ ‮nsǝ‬"},{"$i":"otherConnectionInUseMessage","$v":"‮ʎon‬ ‮ɥɐʌǝ‬ ‮ɐu‬ ‮ɐɔʇıʌǝ‬ ‮ɔɐʅʅ‬ ‮ou‬ ‮ɐuoʇɥǝɹ‬ ‮ɔouuǝɔʇıou‬. ‮ʎon‬ ‮ɔɐu‬ ‮ouʅʎ‬ ‮nsǝ‬ ‮ouǝ‬ ‮ɔouuǝɔʇıou‬ ‮ɐʇ‬ ‮ɐ‬ ‮ʇıɯǝ‬."},{"$i":"callBarredByTheOperatorMessage","$v":"‮Ↄɐʅʅ‬ ‮ʍɐs‬ ‮qɐɹɹǝp‬ ‮qʎ‬ ‮ʇɥǝ‬ ‮odǝɹɐʇoɹ‬"},{"$i":"gaia-menu-cancel","$v":"‮Ↄɐuɔǝʅ‬"},{"$i":"gaia-sim-picker-dial-via-with-number","$v":["‮pıɐʅ‬ ",{"t":"idOrVar","v":"phoneNumber"}," ‮ʌıɐ‬"]},{"$i":"gaia-sim-picker-select-sim","$v":"‮Sǝʅǝɔʇ‬ ‮SIW‬"},{"$i":"gaia-sim-picker-button","$v":["‮SIW‬",{"t":"idOrVar","v":"n"}]},{"$i":"gaia-sim-picker-button-default","$v":"(‮pǝɟɐnʅʇ‬)"}]