[{"$i":"back","$v":"Ɓȧȧƈķ"},{"$i":"save","$v":"Şȧȧṽḗḗ"},{"$i":"hide","$v":"Ħīīḓḗḗ"},{"$i":"cancel","$v":"Ƈȧȧƞƈḗḗŀ"},{"$i":"confirm","$v":"Ƈǿǿƞƒīīřḿ"},{"$i":"done","$v":"Ḓǿǿƞḗḗ"},{"$i":"events","$v":"Ḗḗṽḗḗƞŧş"},{"$i":"edit","$v":"Ḗḗḓīīŧ"},{"$i":"allday-events","$v":"Ȧȧŀŀ-ḓȧȧẏ Ḗḗṽḗḗƞŧş"},{"$i":"no-events","$v":"Ƞǿǿ Ḗḗṽḗḗƞŧş"},{"$i":"show-today","$v":"Ŧǿǿḓȧȧẏ"},{"$i":"show-month-view","$v":"Ḿǿǿƞŧħ"},{"$i":"show-week-view","$v":"Ẇḗḗḗḗķ"},{"$i":"show-day-view","$v":"Ḓȧȧẏ"},{"$i":"settings-show","$v":"Şḗḗŧŧīīƞɠş"},{"$i":"settings-hide","$v":"Ħīīḓḗḗ şḗḗŧŧīīƞɠş"},{"$i":"add-account","$v":"Ȧȧḓḓ ȧȧƞ ȧȧƈƈǿǿŭŭƞŧ"},{"$i":"new-event-link","ariaLabel":"Ȧȧḓḓ ḗḗṽḗḗƞŧ"},{"$i":"view-event-header","$v":"Ḗḗṽḗḗƞŧ"},{"$i":"new-event-header","$v":"Ȧȧḓḓ Ḗḗṽḗḗƞŧ"},{"$i":"edit-event-header","$v":"Ḗḗḓīīŧ Ḗḗṽḗḗƞŧ"},{"$i":"account-header","$v":"Ȧȧƈƈǿǿŭŭƞŧ"},{"$i":"account-list-header","$v":"Ȧȧƈƈǿǿŭŭƞŧş"},{"$i":"advanced-settings-short-icon-button","ariaLabel":"Şḗḗŧŧīīƞɠş"},{"$i":"advanced-settings-header","$v":"Ƈȧȧŀḗḗƞḓȧȧř Şḗḗŧŧīīƞɠş"},{"$i":"advanced-settings-personalization","$v":"Ƥḗḗřşǿǿƞȧȧŀīīẑȧȧŧīīǿǿƞ"},{"$i":"advanced-settings-reminders","$v":"Řḗḗḿīīƞḓḗḗřş"},{"$i":"advanced-settings-add-account","$v":"Ȧȧḓḓ Ȧȧƈƈǿǿŭŭƞŧ"},{"$i":"field-user","placeholder":"Ŭŭşḗḗřƞȧȧḿḗḗ"},{"$i":"field-password","placeholder":"Ƥȧȧşşẇǿǿřḓ"},{"$i":"field-full-url","placeholder":"ŬŭŘĿ"},{"$i":"modify-account-setting-up-2","$v":"Şḗḗŧŧīīƞɠ ŭŭƥ ȧȧƈƈǿǿŭŭƞŧ"},{"$i":"modify-account-unable-to-sync","$v":"Ŭŭƞȧȧƀŀḗḗ ŧǿǿ şẏƞƈ"},{"$i":"modify-account-sign-in","$v":"Şīīɠƞ īīƞ"},{"$i":"preset-caldav","$v":"ƇȧȧŀḒȧȧṽ"},{"$i":"preset-yahoo","$v":"Ẏȧȧħǿǿǿǿ!"},{"$i":"preset-google","$v":"Ɠǿǿǿǿɠŀḗḗ"},{"$i":"preset-local","$v":"Ǿǿƒƒŀīīƞḗḗ ƈȧȧŀḗḗƞḓȧȧř"},{"$i":"preset-mozilla","$v":"Ḿǿǿẑīīŀŀȧȧ Ẑīīḿƀřȧȧ"},{"$i":"calendar-local","$v":"Ǿǿƒƒŀīīƞḗḗ ƈȧȧŀḗḗƞḓȧȧř"},{"$i":"event-title","placeholder":"Ŧīīŧŀḗḗ"},{"$i":"event-location","placeholder":"Ẇħḗḗřḗḗ?"},{"$i":"event-description","placeholder":"Ƞǿǿŧḗḗş"},{"$i":"event-is-allday","$v":"Ȧȧŀŀ ḓȧȧẏ ḗḗṽḗḗƞŧ?"},{"$i":"event-start-date","placeholder":"Şŧȧȧřŧ ḓȧȧŧḗḗ"},{"$i":"event-end-date","placeholder":"Ḗḗƞḓ ḓȧȧŧḗḗ"},{"$i":"event-start-time","placeholder":"Şŧȧȧřŧ ŧīīḿḗḗ"},{"$i":"event-end-time","placeholder":"Ḗḗƞḓ ŧīīḿḗḗ"},{"$i":"event-delete","$v":"Ḓḗḗŀḗḗŧḗḗ ḗḗṽḗḗƞŧ"},{"$i":"remove-account-data","$v":"Řḗḗḿǿǿṽḗḗ ŀǿǿƈȧȧŀ ḓȧȧŧȧȧ"},{"$i":"remove-account-dialog","$v":"Řḗḗḿǿǿṽḗḗ ȧȧƈƈǿǿŭŭƞŧ"},{"$i":"remove-account-dialog-details","$v":"Řḗḗḿǿǿṽīīƞɠ ŧħīīş ȧȧƈƈǿǿŭŭƞŧ ẇīīŀŀ ȧȧŀşǿǿ řḗḗḿǿǿṽḗḗ ẏǿǿŭŭř ŀǿǿƈȧȧŀ ƈǿǿƥẏ ǿǿƒ ȧȧşşǿǿƈīīȧȧŧḗḗḓ ƈȧȧŀḗḗƞḓȧȧřş ȧȧƞḓ ḗḗṽḗḗƞŧş."},{"$i":"drawer-sync-icon-button","ariaLabel":"Şẏƞƈ"},{"$i":"sync-progress-syncing","ariaValueText":"Şẏƞƈīīƞɠ"},{"$i":"sync-progress-complete","ariaValueText":"Şẏƞƈīīƞɠ ƈǿǿḿƥŀḗḗŧḗḗ"},{"$i":"sync-frequency","$v":"Şẏƞƈ Ƈȧȧŀḗḗƞḓȧȧř"},{"$i":"sync-frequency-15min","$v":"15 ḿīīƞ"},{"$i":"sync-frequency-30min","$v":"30 ḿīīƞ"},{"$i":"sync-frequency-manual","$v":"Ḿȧȧƞŭŭȧȧŀŀẏ"},{"$i":"one-day-duration","$v":[{"t":"idOrVar","v":"startDate"},"<br>ƒřǿǿḿ ",{"t":"idOrVar","v":"startTime"}," ŧǿǿ ",{"t":"idOrVar","v":"endTime"}]},{"$i":"multiple-day-duration","$v":["Ƒřǿǿḿ ",{"t":"idOrVar","v":"startTime"}," ",{"t":"idOrVar","v":"startDate"},"<br>ŧǿǿ ",{"t":"idOrVar","v":"endTime"}," ",{"t":"idOrVar","v":"endDate"}]},{"$i":"one-all-day-duration","$v":["Ȧȧŀŀ ḓȧȧẏ<br>",{"t":"idOrVar","v":"startDate"}]},{"$i":"multiple-all-day-duration","$v":["Ȧȧŀŀ ḓȧȧẏ ƒřǿǿḿ ",{"t":"idOrVar","v":"startDate"},"<br>ŧǿǿ ",{"t":"idOrVar","v":"endDate"}]},{"$i":"none","$v":"Ƞǿǿƞḗḗ"},{"$i":"reminder","$v":"Řḗḗḿīīƞḓḗḗř:"},{"$i":"remind-me","$v":"Řḗḗḿīīƞḓ ḿḗḗ"},{"$i":"alarm-at-event-standard","$v":"Ȧȧŧ ŧīīḿḗḗ ǿǿƒ ḗḗṽḗḗƞŧ"},{"$i":"alarm-at-event-allday","$v":"Ǿǿƞ ḓȧȧẏ ǿǿƒ ḗḗṽḗḗƞŧ"},{"$i":"alarm-start-notice","$v":[{"t":"idOrVar","v":"title"}," şŧȧȧřŧīīƞɠ ",{"t":"idOrVar","v":"distance"}]},{"$i":"alarm-started-notice","$v":[{"t":"idOrVar","v":"title"}," şŧȧȧřŧḗḗḓ ",{"t":"idOrVar","v":"distance"}]},{"$i":"minutes-before","$v":{"zero":"0 ḿīīƞŭŭŧḗḗş ƀḗḗƒǿǿřḗḗ","one":"1 ḿīīƞŭŭŧḗḗ ƀḗḗƒǿǿřḗḗ","two":[{"t":"idOrVar","v":"value"}," ḿīīƞŭŭŧḗḗş ƀḗḗƒǿǿřḗḗ"],"few":[{"t":"idOrVar","v":"value"}," ḿīīƞŭŭŧḗḗş ƀḗḗƒǿǿřḗḗ"],"many":[{"t":"idOrVar","v":"value"}," ḿīīƞŭŭŧḗḗş ƀḗḗƒǿǿřḗḗ"],"other":[{"t":"idOrVar","v":"value"}," ḿīīƞŭŭŧḗḗş ƀḗḗƒǿǿřḗḗ"]},"$x":[{"t":"idOrVar","v":"plural"},"value"]},{"$i":"hours-before","$v":{"zero":"0 ħǿǿŭŭřş ƀḗḗƒǿǿřḗḗ","one":"1 ħǿǿŭŭř ƀḗḗƒǿǿřḗḗ","two":[{"t":"idOrVar","v":"value"}," ħǿǿŭŭřş ƀḗḗƒǿǿřḗḗ"],"few":[{"t":"idOrVar","v":"value"}," ħǿǿŭŭřş ƀḗḗƒǿǿřḗḗ"],"many":[{"t":"idOrVar","v":"value"}," ħǿǿŭŭřş ƀḗḗƒǿǿřḗḗ"],"other":[{"t":"idOrVar","v":"value"}," ħǿǿŭŭřş ƀḗḗƒǿǿřḗḗ"]},"$x":[{"t":"idOrVar","v":"plural"},"value"]},{"$i":"days-before","$v":{"zero":"0 ḓȧȧẏş ƀḗḗƒǿǿřḗḗ","one":"1 ḓȧȧẏ ƀḗḗƒǿǿřḗḗ","two":[{"t":"idOrVar","v":"value"}," ḓȧȧẏş ƀḗḗƒǿǿřḗḗ"],"few":[{"t":"idOrVar","v":"value"}," ḓȧȧẏş ƀḗḗƒǿǿřḗḗ"],"many":[{"t":"idOrVar","v":"value"}," ḓȧȧẏş ƀḗḗƒǿǿřḗḗ"],"other":[{"t":"idOrVar","v":"value"}," ḓȧȧẏş ƀḗḗƒǿǿřḗḗ"]},"$x":[{"t":"idOrVar","v":"plural"},"value"]},{"$i":"weeks-before","$v":{"zero":"0 ẇḗḗḗḗķş ƀḗḗƒǿǿřḗḗ","one":"1 ẇḗḗḗḗķ ƀḗḗƒǿǿřḗḗ","two":[{"t":"idOrVar","v":"value"}," ẇḗḗḗḗķş ƀḗḗƒǿǿřḗḗ"],"few":[{"t":"idOrVar","v":"value"}," ẇḗḗḗḗķş ƀḗḗƒǿǿřḗḗ"],"many":[{"t":"idOrVar","v":"value"}," ẇḗḗḗḗķş ƀḗḗƒǿǿřḗḗ"],"other":[{"t":"idOrVar","v":"value"}," ẇḗḗḗḗķş ƀḗḗƒǿǿřḗḗ"]},"$x":[{"t":"idOrVar","v":"plural"},"value"]},{"$i":"months-before","$v":{"zero":"0 ḿǿǿƞŧħş ƀḗḗƒǿǿřḗḗ","one":"1 ḿǿǿƞŧħ ƀḗḗƒǿǿřḗḗ","two":[{"t":"idOrVar","v":"value"}," ḿǿǿƞŧħş ƀḗḗƒǿǿřḗḗ"],"few":[{"t":"idOrVar","v":"value"}," ḿǿǿƞŧħş ƀḗḗƒǿǿřḗḗ"],"many":[{"t":"idOrVar","v":"value"}," ḿǿǿƞŧħş ƀḗḗƒǿǿřḗḗ"],"other":[{"t":"idOrVar","v":"value"}," ḿǿǿƞŧħş ƀḗḗƒǿǿřḗḗ"]},"$x":[{"t":"idOrVar","v":"plural"},"value"]},{"$i":"years-before","$v":{"zero":"0 ẏḗḗȧȧřş ƀḗḗƒǿǿřḗḗ","one":"1 ẏḗḗȧȧř ƀḗḗƒǿǿřḗḗ","two":[{"t":"idOrVar","v":"value"}," ẏḗḗȧȧřş ƀḗḗƒǿǿřḗḗ"],"few":[{"t":"idOrVar","v":"value"}," ẏḗḗȧȧřş ƀḗḗƒǿǿřḗḗ"],"many":[{"t":"idOrVar","v":"value"}," ẏḗḗȧȧřş ƀḗḗƒǿǿřḗḗ"],"other":[{"t":"idOrVar","v":"value"}," ẏḗḗȧȧřş ƀḗḗƒǿǿřḗḗ"]},"$x":[{"t":"idOrVar","v":"plural"},"value"]},{"$i":"minutes-after","$v":{"zero":"0 ḿīīƞŭŭŧḗḗş ȧȧƒŧḗḗř","one":"1 ḿīīƞŭŭŧḗḗ ȧȧƒŧḗḗř","two":[{"t":"idOrVar","v":"value"}," ḿīīƞŭŭŧḗḗş ȧȧƒŧḗḗř"],"few":[{"t":"idOrVar","v":"value"}," ḿīīƞŭŭŧḗḗş ȧȧƒŧḗḗř"],"many":[{"t":"idOrVar","v":"value"}," ḿīīƞŭŭŧḗḗş ȧȧƒŧḗḗř"],"other":[{"t":"idOrVar","v":"value"}," ḿīīƞŭŭŧḗḗş ȧȧƒŧḗḗř"]},"$x":[{"t":"idOrVar","v":"plural"},"value"]},{"$i":"hours-after","$v":{"zero":"0 ħǿǿŭŭřş ȧȧƒŧḗḗř","one":"1 ħǿǿŭŭř ȧȧƒŧḗḗř","two":[{"t":"idOrVar","v":"value"}," ħǿǿŭŭřş ȧȧƒŧḗḗř"],"few":[{"t":"idOrVar","v":"value"}," ħǿǿŭŭřş ȧȧƒŧḗḗř"],"many":[{"t":"idOrVar","v":"value"}," ħǿǿŭŭřş ȧȧƒŧḗḗř"],"other":[{"t":"idOrVar","v":"value"}," ħǿǿŭŭřş ȧȧƒŧḗḗř"]},"$x":[{"t":"idOrVar","v":"plural"},"value"]},{"$i":"days-after","$v":{"zero":"0 ḓȧȧẏş ȧȧƒŧḗḗř","one":"1 ḓȧȧẏ ȧȧƒŧḗḗř","two":[{"t":"idOrVar","v":"value"}," ḓȧȧẏş ȧȧƒŧḗḗř"],"few":[{"t":"idOrVar","v":"value"}," ḓȧȧẏş ȧȧƒŧḗḗř"],"many":[{"t":"idOrVar","v":"value"}," ḓȧȧẏş ȧȧƒŧḗḗř"],"other":[{"t":"idOrVar","v":"value"}," ḓȧȧẏş ȧȧƒŧḗḗř"]},"$x":[{"t":"idOrVar","v":"plural"},"value"]},{"$i":"weeks-after","$v":{"zero":"0 ẇḗḗḗḗķş ȧȧƒŧḗḗř","one":"1 ẇḗḗḗḗķ ȧȧƒŧḗḗř","two":[{"t":"idOrVar","v":"value"}," ẇḗḗḗḗķş ȧȧƒŧḗḗř"],"few":[{"t":"idOrVar","v":"value"}," ẇḗḗḗḗķş ȧȧƒŧḗḗř"],"many":[{"t":"idOrVar","v":"value"}," ẇḗḗḗḗķş ȧȧƒŧḗḗř"],"other":[{"t":"idOrVar","v":"value"}," ẇḗḗḗḗķş ȧȧƒŧḗḗř"]},"$x":[{"t":"idOrVar","v":"plural"},"value"]},{"$i":"months-after","$v":{"zero":"0 ḿǿǿƞŧħş ȧȧƒŧḗḗř","one":"1 ḿǿǿƞŧħ ȧȧƒŧḗḗř","two":[{"t":"idOrVar","v":"value"}," ḿǿǿƞŧħş ȧȧƒŧḗḗř"],"few":[{"t":"idOrVar","v":"value"}," ḿǿǿƞŧħş ȧȧƒŧḗḗř"],"many":[{"t":"idOrVar","v":"value"}," ḿǿǿƞŧħş ȧȧƒŧḗḗř"],"other":[{"t":"idOrVar","v":"value"}," ḿǿǿƞŧħş ȧȧƒŧḗḗř"]},"$x":[{"t":"idOrVar","v":"plural"},"value"]},{"$i":"years-after","$v":{"zero":"0 ẏḗḗȧȧřş ȧȧƒŧḗḗř","one":"1 ẏḗḗȧȧř ȧȧƒŧḗḗř","two":[{"t":"idOrVar","v":"value"}," ẏḗḗȧȧřş ȧȧƒŧḗḗř"],"few":[{"t":"idOrVar","v":"value"}," ẏḗḗȧȧřş ȧȧƒŧḗḗř"],"many":[{"t":"idOrVar","v":"value"}," ẏḗḗȧȧřş ȧȧƒŧḗḗř"],"other":[{"t":"idOrVar","v":"value"}," ẏḗḗȧȧřş ȧȧƒŧḗḗř"]},"$x":[{"t":"idOrVar","v":"plural"},"value"]},{"$i":"hour-format12","$v":"%I %p"},{"$i":"hour-format24","$v":"%H"},{"$i":"week-hour-format12","$v":"%I %p"},{"$i":"week-hour-format24","$v":"%H"},{"$i":"hour-allday","$v":"Ȧȧŀŀ Ḓȧȧẏ"},{"$i":"week-day","$v":"%a %e"},{"$i":"current-time12","$v":"%I:%M"},{"$i":"current-time24","$v":"%H:%M"},{"$i":"multi-month-view-header-format","$v":"%b %Y"},{"$i":"day-view-header-format","$v":"%b %e, %A"},{"$i":"months-day-view-header-format","$v":"%A, %b %e"},{"$i":"longDateFormat","$v":"%A, %B %d, %Y"},{"$i":"error-start-date-after-end-date","$v":"Ŧħḗḗ ḗḗṽḗḗƞŧ ƈȧȧƞƞǿǿŧ ḗḗƞḓ ƀḗḗƒǿǿřḗḗ īīŧş şŧȧȧřŧ ḓȧȧŧḗḗ"},{"$i":"error-start-time-after-end-time","$v":"Ŧħḗḗ ḗḗṽḗḗƞŧ ƈȧȧƞƞǿǿŧ ḗḗƞḓ ƀḗḗƒǿǿřḗḗ īīŧş şŧȧȧřŧ ŧīīḿḗḗ"},{"$i":"error-unauthenticated","$v":"Ẇřǿǿƞɠ ŀǿǿɠīīƞ ȧȧƞḓ/ǿǿř ƥȧȧşşẇǿǿřḓ"},{"$i":"error-internal-server-error","$v":"Şḗḗřṽḗḗř ḗḗřřǿǿř. Ƈħḗḗƈķ ẏǿǿŭŭř ŀǿǿɠīīƞ ȧȧƞḓ ŧřẏ ȧȧɠȧȧīīƞ."},{"$i":"error-default","$v":"Şǿǿḿḗḗŧħīīƞɠ īīş ẇřǿǿƞɠ. Ŧřẏ ȧȧɠȧȧīīƞ ŀȧȧŧḗḗř."},{"$i":"error-offline","$v":"Ƞǿǿ ƈǿǿƞƞḗḗƈŧīīǿǿƞ. Ƈħḗḗƈķ ẏǿǿŭŭř ƞḗḗŧẇǿǿřķ ƈǿǿƞƒīīɠŭŭřȧȧŧīīǿǿƞ ȧȧƞḓ ŧřẏ ȧȧɠȧȧīīƞ."},{"$i":"error-account-exist","$v":"Ŧħīīş ȧȧƈƈǿǿŭŭƞŧ ȧȧŀřḗḗȧȧḓẏ ḗḗẋīīşŧş."},{"$i":"notification-error-sync-title","$v":"Ƈȧȧŀḗḗƞḓȧȧř şẏƞƈ ḗḗřřǿǿř"},{"$i":"notification-error-sync-description","$v":"Ŧȧȧƥ ƒǿǿř ḿǿǿřḗḗ īīƞƒǿǿ"},{"$i":"weekday-0-single-char","$v":"Ş","ariaLabel":"Şŭŭƞḓȧȧẏ"},{"$i":"weekday-1-single-char","$v":"Ḿ","ariaLabel":"Ḿǿǿƞḓȧȧẏ"},{"$i":"weekday-2-single-char","$v":"Ŧ","ariaLabel":"Ŧŭŭḗḗşḓȧȧẏ"},{"$i":"weekday-3-single-char","$v":"Ẇ","ariaLabel":"Ẇḗḗḓƞḗḗşḓȧȧẏ"},{"$i":"weekday-4-single-char","$v":"Ŧ","ariaLabel":"Ŧħŭŭřşḓȧȧẏ"},{"$i":"weekday-5-single-char","$v":"Ƒ","ariaLabel":"Ƒřīīḓȧȧẏ"},{"$i":"weekday-6-single-char","$v":"Ş","ariaLabel":"Şȧȧŧŭŭřḓȧȧẏ"},{"$i":"busy","$v":{"one":[{"t":"idOrVar","v":"n"}," ḗḗṽḗḗƞŧ"],"two":[{"t":"idOrVar","v":"n"}," ḗḗṽḗḗƞŧş"],"few":[{"t":"idOrVar","v":"n"}," ḗḗṽḗḗƞŧş"],"many":[{"t":"idOrVar","v":"n"}," ḗḗṽḗḗƞŧş"],"other":[{"t":"idOrVar","v":"n"}," ḗḗṽḗḗƞŧş"]},"$x":[{"t":"idOrVar","v":"plural"},"n"]},{"$i":"present","ariaLabel":"Ŧǿǿḓȧȧẏ"},{"$i":"past-other-month-description","ariaLabel":"Ǿǿŧħḗḗř ḿǿǿƞŧħ"},{"$i":"future-other-month-description","ariaLabel":"Ǿǿŧħḗḗř ḿǿǿƞŧħ"},{"$i":"icon-calendar-alarm","ariaLabel":"Ħȧȧş ȧȧŀȧȧřḿ"},{"$i":"calendars","ariaLabel":"Ƈȧȧŀḗḗƞḓȧȧřş"},{"$i":"multi-day-new-event-link","ariaLabel":"Ȧȧḓḓ ḗḗṽḗḗƞŧ"},{"$i":"title","ariaLabel":"Ŧīīŧŀḗḗ"},{"$i":"location","ariaLabel":"Ŀǿǿƈȧȧŧīīǿǿƞ"},{"$i":"duration","ariaLabel":"Ḓŭŭřȧȧŧīīǿǿƞ"},{"$i":"calendar","ariaLabel":"Ƈȧȧŀḗḗƞḓȧȧř"},{"$i":"alarms","ariaLabel":"Ȧȧŀȧȧřḿş"},{"$i":"description","ariaLabel":"Ḓḗḗşƈřīīƥŧīīǿǿƞ"},{"$i":"start-date","ariaLabel":"Şŧȧȧřŧ ḓȧȧŧḗḗ"},{"$i":"start-time","ariaLabel":"Şŧȧȧřŧ ŧīīḿḗḗ"},{"$i":"end-date","ariaLabel":"Ḗḗƞḓ ḓȧȧŧḗḗ"},{"$i":"end-time","ariaLabel":"Ḗḗƞḓ ŧīīḿḗḗ"},{"$i":"during-progress-loading","ariaValueText":"Ŀǿǿȧȧḓīīƞɠ"},{"$i":"all-day","ariaLabel":"Ȧȧŀŀ ḓȧȧẏ"},{"$i":"create-event","ariaLabel":"Ƈřḗḗȧȧŧḗḗ ḗḗṽḗḗƞŧ"},{"$i":"create-all-day-event","ariaLabel":"Ƈřḗḗȧȧŧḗḗ ȧȧŀŀ ḓȧȧẏ ḗḗṽḗḗƞŧ"},{"$i":"event-one-day-duration","ariaLabel":{"$v":["ƒřǿǿḿ ",{"t":"idOrVar","v":"startTime"}," ŧǿǿ ",{"t":"idOrVar","v":"endTime"}]}},{"$i":"week-event-one-day-duration","ariaLabel":{"$v":[{"t":"idOrVar","v":"startDate"}," ƒřǿǿḿ ",{"t":"idOrVar","v":"startTime"}," ŧǿǿ ",{"t":"idOrVar","v":"endTime"}]}},{"$i":"event-multiple-day-duration","ariaLabel":{"$v":["Ƒřǿǿḿ ",{"t":"idOrVar","v":"startTime"}," ",{"t":"idOrVar","v":"startDate"}," ŧǿǿ ",{"t":"idOrVar","v":"endTime"}," ",{"t":"idOrVar","v":"endDate"}]}},{"$i":"weekday-0-long","$v":"Şŭŭƞḓȧȧẏ"},{"$i":"weekday-1-long","$v":"Ḿǿǿƞḓȧȧẏ"},{"$i":"weekday-2-long","$v":"Ŧŭŭḗḗşḓȧȧẏ"},{"$i":"weekday-3-long","$v":"Ẇḗḗḓƞḗḗşḓȧȧẏ"},{"$i":"weekday-4-long","$v":"Ŧħŭŭřşḓȧȧẏ"},{"$i":"weekday-5-long","$v":"Ƒřīīḓȧȧẏ"},{"$i":"weekday-6-long","$v":"Şȧȧŧŭŭřḓȧȧẏ"},{"$i":"weekday-0-short","$v":"Şŭŭƞ"},{"$i":"weekday-1-short","$v":"Ḿǿǿƞ"},{"$i":"weekday-2-short","$v":"Ŧŭŭḗḗ"},{"$i":"weekday-3-short","$v":"Ẇḗḗḓ"},{"$i":"weekday-4-short","$v":"Ŧħŭŭ"},{"$i":"weekday-5-short","$v":"Ƒřīī"},{"$i":"weekday-6-short","$v":"Şȧȧŧ"},{"$i":"month-0-long","$v":"Ĵȧȧƞŭŭȧȧřẏ"},{"$i":"month-1-long","$v":"Ƒḗḗƀřŭŭȧȧřẏ"},{"$i":"month-2-long","$v":"Ḿȧȧřƈħ"},{"$i":"month-3-long","$v":"Ȧȧƥřīīŀ"},{"$i":"month-4-long","$v":"Ḿȧȧẏ"},{"$i":"month-5-long","$v":"Ĵŭŭƞḗḗ"},{"$i":"month-6-long","$v":"Ĵŭŭŀẏ"},{"$i":"month-7-long","$v":"Ȧȧŭŭɠŭŭşŧ"},{"$i":"month-8-long","$v":"Şḗḗƥŧḗḗḿƀḗḗř"},{"$i":"month-9-long","$v":"Ǿǿƈŧǿǿƀḗḗř"},{"$i":"month-10-long","$v":"Ƞǿǿṽḗḗḿƀḗḗř"},{"$i":"month-11-long","$v":"Ḓḗḗƈḗḗḿƀḗḗř"},{"$i":"month-0-genitive","$v":"Ĵȧȧƞŭŭȧȧřẏ"},{"$i":"month-1-genitive","$v":"Ƒḗḗƀřŭŭȧȧřẏ"},{"$i":"month-2-genitive","$v":"Ḿȧȧřƈħ"},{"$i":"month-3-genitive","$v":"Ȧȧƥřīīŀ"},{"$i":"month-4-genitive","$v":"Ḿȧȧẏ"},{"$i":"month-5-genitive","$v":"Ĵŭŭƞḗḗ"},{"$i":"month-6-genitive","$v":"Ĵŭŭŀẏ"},{"$i":"month-7-genitive","$v":"Ȧȧŭŭɠŭŭşŧ"},{"$i":"month-8-genitive","$v":"Şḗḗƥŧḗḗḿƀḗḗř"},{"$i":"month-9-genitive","$v":"Ǿǿƈŧǿǿƀḗḗř"},{"$i":"month-10-genitive","$v":"Ƞǿǿṽḗḗḿƀḗḗř"},{"$i":"month-11-genitive","$v":"Ḓḗḗƈḗḗḿƀḗḗř"},{"$i":"month-0-short","$v":"Ĵȧȧƞ"},{"$i":"month-1-short","$v":"Ƒḗḗƀ"},{"$i":"month-2-short","$v":"Ḿȧȧř"},{"$i":"month-3-short","$v":"Ȧȧƥř"},{"$i":"month-4-short","$v":"Ḿȧȧẏ"},{"$i":"month-5-short","$v":"Ĵŭŭƞ"},{"$i":"month-6-short","$v":"Ĵŭŭŀ"},{"$i":"month-7-short","$v":"Ȧȧŭŭɠ"},{"$i":"month-8-short","$v":"Şḗḗƥ"},{"$i":"month-9-short","$v":"Ǿǿƈŧ"},{"$i":"month-10-short","$v":"Ƞǿǿṽ"},{"$i":"month-11-short","$v":"Ḓḗḗƈ"},{"$i":"minutes-ago-long","$v":{"zero":"ĵŭŭşŧ ƞǿǿẇ","one":"ȧȧ ḿīīƞŭŭŧḗḗ ȧȧɠǿǿ","two":[{"t":"idOrVar","v":"value"}," ḿīīƞŭŭŧḗḗş ȧȧɠǿǿ"],"few":[{"t":"idOrVar","v":"value"}," ḿīīƞŭŭŧḗḗş ȧȧɠǿǿ"],"many":[{"t":"idOrVar","v":"value"}," ḿīīƞŭŭŧḗḗş ȧȧɠǿǿ"],"other":[{"t":"idOrVar","v":"value"}," ḿīīƞŭŭŧḗḗş ȧȧɠǿǿ"]},"$x":[{"t":"idOrVar","v":"plural"},"value"]},{"$i":"hours-ago-long","$v":{"zero":"ĵŭŭşŧ ƞǿǿẇ","one":"ȧȧƞ ħǿǿŭŭř ȧȧɠǿǿ","two":[{"t":"idOrVar","v":"value"}," ħǿǿŭŭřş ȧȧɠǿǿ"],"few":[{"t":"idOrVar","v":"value"}," ħǿǿŭŭřş ȧȧɠǿǿ"],"many":[{"t":"idOrVar","v":"value"}," ħǿǿŭŭřş ȧȧɠǿǿ"],"other":[{"t":"idOrVar","v":"value"}," ħǿǿŭŭřş ȧȧɠǿǿ"]},"$x":[{"t":"idOrVar","v":"plural"},"value"]},{"$i":"days-ago-long","$v":{"zero":"ŧǿǿḓȧȧẏ","one":"ẏḗḗşŧḗḗřḓȧȧẏ","two":[{"t":"idOrVar","v":"value"}," ḓȧȧẏş ȧȧɠǿǿ"],"few":[{"t":"idOrVar","v":"value"}," ḓȧȧẏş ȧȧɠǿǿ"],"many":[{"t":"idOrVar","v":"value"}," ḓȧȧẏş ȧȧɠǿǿ"],"other":[{"t":"idOrVar","v":"value"}," ḓȧȧẏş ȧȧɠǿǿ"]},"$x":[{"t":"idOrVar","v":"plural"},"value"]},{"$i":"weeks-ago-long","$v":{"zero":"ŧħīīş ẇḗḗḗḗķ","one":"ŀȧȧşŧ ẇḗḗḗḗķ","two":[{"t":"idOrVar","v":"value"}," ẇḗḗḗḗķş ȧȧɠǿǿ"],"few":[{"t":"idOrVar","v":"value"}," ẇḗḗḗḗķş ȧȧɠǿǿ"],"many":[{"t":"idOrVar","v":"value"}," ẇḗḗḗḗķş ȧȧɠǿǿ"],"other":[{"t":"idOrVar","v":"value"}," ẇḗḗḗḗķş ȧȧɠǿǿ"]},"$x":[{"t":"idOrVar","v":"plural"},"value"]},{"$i":"months-ago-long","$v":{"zero":"ŧħīīş ḿǿǿƞŧħ","one":"ŀȧȧşŧ ḿǿǿƞŧħ","two":[{"t":"idOrVar","v":"value"}," ḿǿǿƞŧħş ȧȧɠǿǿ"],"few":[{"t":"idOrVar","v":"value"}," ḿǿǿƞŧħş ȧȧɠǿǿ"],"many":[{"t":"idOrVar","v":"value"}," ḿǿǿƞŧħş ȧȧɠǿǿ"],"other":[{"t":"idOrVar","v":"value"}," ḿǿǿƞŧħş ȧȧɠǿǿ"]},"$x":[{"t":"idOrVar","v":"plural"},"value"]},{"$i":"years-ago-long","$v":{"zero":"ŧħīīş ẏḗḗȧȧř","one":"ŀȧȧşŧ ẏḗḗȧȧř","two":[{"t":"idOrVar","v":"value"}," ẏḗḗȧȧřş ȧȧɠǿǿ"],"few":[{"t":"idOrVar","v":"value"}," ẏḗḗȧȧřş ȧȧɠǿǿ"],"many":[{"t":"idOrVar","v":"value"}," ẏḗḗȧȧřş ȧȧɠǿǿ"],"other":[{"t":"idOrVar","v":"value"}," ẏḗḗȧȧřş ȧȧɠǿǿ"]},"$x":[{"t":"idOrVar","v":"plural"},"value"]},{"$i":"minutes-until-long","$v":{"zero":"ƞǿǿẇ","one":"īīƞ ȧȧ ḿīīƞŭŭŧḗḗ","two":["īīƞ ",{"t":"idOrVar","v":"value"}," ḿīīƞŭŭŧḗḗş"],"few":["īīƞ ",{"t":"idOrVar","v":"value"}," ḿīīƞŭŭŧḗḗş"],"many":["īīƞ ",{"t":"idOrVar","v":"value"}," ḿīīƞŭŭŧḗḗş"],"other":["īīƞ ",{"t":"idOrVar","v":"value"}," ḿīīƞŭŭŧḗḗş"]},"$x":[{"t":"idOrVar","v":"plural"},"value"]},{"$i":"hours-until-long","$v":{"zero":"ƞǿǿẇ","one":"īīƞ ȧȧƞ ħǿǿŭŭř","two":["īīƞ ",{"t":"idOrVar","v":"value"}," ħǿǿŭŭřş"],"few":["īīƞ ",{"t":"idOrVar","v":"value"}," ħǿǿŭŭřş"],"many":["īīƞ ",{"t":"idOrVar","v":"value"}," ħǿǿŭŭřş"],"other":["īīƞ ",{"t":"idOrVar","v":"value"}," ħǿǿŭŭřş"]},"$x":[{"t":"idOrVar","v":"plural"},"value"]},{"$i":"days-until-long","$v":{"zero":"ŧǿǿḓȧȧẏ","one":"ŧǿǿḿǿǿřřǿǿẇ","two":["īīƞ ",{"t":"idOrVar","v":"value"}," ḓȧȧẏş"],"few":["īīƞ ",{"t":"idOrVar","v":"value"}," ḓȧȧẏş"],"many":["īīƞ ",{"t":"idOrVar","v":"value"}," ḓȧȧẏş"],"other":["īīƞ ",{"t":"idOrVar","v":"value"}," ḓȧȧẏş"]},"$x":[{"t":"idOrVar","v":"plural"},"value"]},{"$i":"weeks-until-long","$v":{"zero":"ŧħīīş ẇḗḗḗḗķ","one":"ƞḗḗẋŧ ẇḗḗḗḗķ","two":["īīƞ ",{"t":"idOrVar","v":"value"}," ẇḗḗḗḗķş"],"few":["īīƞ ",{"t":"idOrVar","v":"value"}," ẇḗḗḗḗķş"],"many":["īīƞ ",{"t":"idOrVar","v":"value"}," ẇḗḗḗḗķş"],"other":["īīƞ ",{"t":"idOrVar","v":"value"}," ẇḗḗḗḗķş"]},"$x":[{"t":"idOrVar","v":"plural"},"value"]},{"$i":"months-until-long","$v":{"zero":"ŧħīīş ḿǿǿƞŧħ","one":"ƞḗḗẋŧ ḿǿǿƞŧħ","two":["īīƞ ",{"t":"idOrVar","v":"value"}," ḿǿǿƞŧħş"],"few":["īīƞ ",{"t":"idOrVar","v":"value"}," ḿǿǿƞŧħş"],"many":["īīƞ ",{"t":"idOrVar","v":"value"}," ḿǿǿƞŧħş"],"other":["īīƞ ",{"t":"idOrVar","v":"value"}," ḿǿǿƞŧħş"]},"$x":[{"t":"idOrVar","v":"plural"},"value"]},{"$i":"years-until-long","$v":{"zero":"ŧħīīş ẏḗḗȧȧř","one":"ƞḗḗẋŧ ẏḗḗȧȧř","two":["īīƞ ",{"t":"idOrVar","v":"value"}," ẏḗḗȧȧřş"],"few":["īīƞ ",{"t":"idOrVar","v":"value"}," ẏḗḗȧȧřş"],"many":["īīƞ ",{"t":"idOrVar","v":"value"}," ẏḗḗȧȧřş"],"other":["īīƞ ",{"t":"idOrVar","v":"value"}," ẏḗḗȧȧřş"]},"$x":[{"t":"idOrVar","v":"plural"},"value"]},{"$i":"minutes-ago-short","$v":{"zero":"ĵŭŭşŧ ƞǿǿẇ","other":[{"t":"idOrVar","v":"value"},"ḿ ȧȧɠǿǿ"]},"$x":[{"t":"idOrVar","v":"plural"},"value"]},{"$i":"hours-ago-short","$v":{"zero":"ĵŭŭşŧ ƞǿǿẇ","other":[{"t":"idOrVar","v":"value"},"ħ ȧȧɠǿǿ"]},"$x":[{"t":"idOrVar","v":"plural"},"value"]},{"$i":"days-ago-short","$v":{"zero":"ŧǿǿḓȧȧẏ","other":[{"t":"idOrVar","v":"value"},"ḓ ȧȧɠǿǿ"]},"$x":[{"t":"idOrVar","v":"plural"},"value"]},{"$i":"minutes-until-short","$v":{"zero":"ƞǿǿẇ","other":["īīƞ ",{"t":"idOrVar","v":"value"},"ḿ"]},"$x":[{"t":"idOrVar","v":"plural"},"value"]},{"$i":"hours-until-short","$v":{"zero":"ƞǿǿẇ","other":["īīƞ ",{"t":"idOrVar","v":"value"},"ħ"]},"$x":[{"t":"idOrVar","v":"plural"},"value"]},{"$i":"days-until-short","$v":{"zero":"ŧǿǿḓȧȧẏ","other":["īīƞ ",{"t":"idOrVar","v":"value"},"ḓ"]},"$x":[{"t":"idOrVar","v":"plural"},"value"]},{"$i":"incorrectDate","$v":"(īīƞƈǿǿřřḗḗƈŧ ḓȧȧŧḗḗ)"},{"$i":"dateTimeFormat_%c","$v":"%a %b %e %Y %I:%M:%S %p"},{"$i":"dateTimeFormat_%x","$v":"%m/%d/%Y"},{"$i":"dateTimeFormat_%X","$v":"%I:%M:%S %p"},{"$i":"shortTimeFormat","$v":"%I:%M %p"},{"$i":"shortTimeFormat12","$v":"%I:%M %p"},{"$i":"shortTimeFormat24","$v":"%H:%M"},{"$i":"shortDateTimeFormat","$v":"%x %I:%M %p"},{"$i":"weekStartsOnMonday","$v":"0"},{"$i":"firstDayOfTheWeek","$v":"0"},{"$i":"time_am","$v":"ȦȧḾ"},{"$i":"time_pm","$v":"ƤḾ"}]