[{"$i":"stopped_download_title","$v":"Download stopped"},{"$i":"stopped_download_message","$v":"Download was stopped. Try downloading again?"},{"$i":"stopped_download_left_button","$v":"Cancel"},{"$i":"stopped_download_right_button","$v":"Try again"},{"$i":"failed_download_title","$v":"Download failed"},{"$i":"failed_download_message","$v":[{"t":"idOrVar","v":"name"}," failed to download. Try downloading again?"]},{"$i":"failed_download_left_button","$v":"Cancel"},{"$i":"failed_download_right_button","$v":"Try again"},{"$i":"stop_download_title","$v":"Stop download"},{"$i":"stop_download_message","$v":"Are you sure you want to stop the download?"},{"$i":"stop_download_left_button","$v":"No"},{"$i":"stop_download_right_button","$v":"Yes"},{"$i":"delete_download_title","$v":"Delete"},{"$i":"delete_download_message","$v":["Delete ",{"t":"idOrVar","v":"name"},"?"]},{"$i":"delete_download_left_button","$v":"Cancel"},{"$i":"delete_download_right_button","$v":"Delete"},{"$i":"delete_all_download_title","$v":"Delete"},{"$i":"delete_all_download_left_button","$v":"Cancel"},{"$i":"delete_all_download_right_button","$v":"Delete"},{"$i":"delete_all_download_message","$v":{"zero":"Delete no files?","one":"Delete one file?","two":["Delete ",{"t":"idOrVar","v":"number"}," files?"],"few":["Delete ",{"t":"idOrVar","v":"number"}," files?"],"many":["Delete ",{"t":"idOrVar","v":"number"}," files?"],"other":["Delete ",{"t":"idOrVar","v":"number"}," files?"]},"$x":[{"t":"idOrVar","v":"plural"},"number"]},{"$i":"unsupported_file_type_download_title","$v":"Unable to open"},{"$i":"unsupported_file_type_download_message","$v":["There isn’t an app that can open ",{"t":"idOrVar","v":"name"},". Would you like to save the file or delete it?"]},{"$i":"unsupported_file_type_download_left_button","$v":"Keep File"},{"$i":"unsupported_file_type_download_right_button","$v":"Delete"},{"$i":"file_not_found_download_title","$v":"File not found"},{"$i":"file_not_found_download_message","$v":"The file wasn’t found on the device"},{"$i":"file_not_found_download_right_button","$v":"OK"},{"$i":"unmounted_sdcard_2_download_title","$v":"Memory card in use"},{"$i":"unmounted_sdcard_2_download_message","$v":"Unplug the phone"},{"$i":"unmounted_sdcard_2_download_right_button","$v":"OK"},{"$i":"no_provider_download_title","$v":"Unable to share"},{"$i":"no_provider_download_message","$v":"No provider found"},{"$i":"no_provider_download_right_button","$v":"OK"},{"$i":"no_memory_download_title","$v":"SD Card is full"},{"$i":"no_memory_download_message","$v":"There is no more room on your SD card to save your download. Please remove some files before restarting the download."},{"$i":"no_memory_download_right_button","$v":"OK"},{"$i":"no_sdcard_found_2_download_title","$v":"No memory card found"},{"$i":"no_sdcard_found_2_download_message","$v":"Insert a memory card or select an alternate default media location in settings"},{"$i":"no_sdcard_found_2_download_right_button","$v":"OK"},{"$i":"file_open_error_download_title","$v":"Unable to open"},{"$i":"file_open_error_download_message","$v":["There is a problem opening ",{"t":"idOrVar","v":"name"},". Would you like to save the file or delete it?"]},{"$i":"file_open_error_download_left_button","$v":"Keep File"},{"$i":"file_open_error_download_right_button","$v":"Delete"},{"$i":"restart_download_error","$v":"There was an error while restarting the download. Please try to download again."},{"$i":"no-downloads","$v":"No downloads"},{"$i":"byteUnit-B","$v":"B"},{"$i":"byteUnit-KB","$v":"KB"},{"$i":"byteUnit-MB","$v":"MB"},{"$i":"byteUnit-GB","$v":"GB"},{"$i":"byteUnit-TB","$v":"TB"},{"$i":"byteUnit-PB","$v":"PB"},{"$i":"byteUnit-EB","$v":"EB"},{"$i":"byteUnit-ZB","$v":"ZB"},{"$i":"byteUnit-YB","$v":"YB"},{"$i":"fileSize","$v":[{"t":"idOrVar","v":"size"}," ",{"t":"idOrVar","v":"unit"}]},{"$i":"percentage","$v":[{"t":"idOrVar","v":"percentage"}," %"]},{"$i":"partialResult","$v":[{"t":"idOrVar","v":"partial"}," of ",{"t":"idOrVar","v":"total"}]},{"$i":"summary","$v":[{"t":"idOrVar","v":"date"}," - ",{"t":"idOrVar","v":"status"}]},{"$i":"download-stopped","$v":"Stopped"},{"$i":"download-failed","$v":"Download failed"},{"$i":"open_downloaded_file","$v":"Open"},{"$i":"share_downloaded_file","$v":"Share"},{"$i":"wallpaper_downloaded_file","$v":"Set as wallpaper"},{"$i":"ringtone_downloaded_file","$v":"Set as ringtone"},{"$i":"cancel_downloaded_file","$v":"Cancel"},{"$i":"brandShortName","$v":"B2G OS"},{"$i":"browserBrandShortName","$v":"Web Browser"},{"$i":"browserBrandFullName","$v":"Mozilla Web Browser"},{"$i":"ringtoneBrandName","$v":"Default"},{"$i":"ringtoneSectionBrandName","$v":"System"},{"$i":"weekday-0-long","$v":"Sunday"},{"$i":"weekday-1-long","$v":"Monday"},{"$i":"weekday-2-long","$v":"Tuesday"},{"$i":"weekday-3-long","$v":"Wednesday"},{"$i":"weekday-4-long","$v":"Thursday"},{"$i":"weekday-5-long","$v":"Friday"},{"$i":"weekday-6-long","$v":"Saturday"},{"$i":"weekday-0-short","$v":"Sun"},{"$i":"weekday-1-short","$v":"Mon"},{"$i":"weekday-2-short","$v":"Tue"},{"$i":"weekday-3-short","$v":"Wed"},{"$i":"weekday-4-short","$v":"Thu"},{"$i":"weekday-5-short","$v":"Fri"},{"$i":"weekday-6-short","$v":"Sat"},{"$i":"month-0-long","$v":"January"},{"$i":"month-1-long","$v":"February"},{"$i":"month-2-long","$v":"March"},{"$i":"month-3-long","$v":"April"},{"$i":"month-4-long","$v":"May"},{"$i":"month-5-long","$v":"June"},{"$i":"month-6-long","$v":"July"},{"$i":"month-7-long","$v":"August"},{"$i":"month-8-long","$v":"September"},{"$i":"month-9-long","$v":"October"},{"$i":"month-10-long","$v":"November"},{"$i":"month-11-long","$v":"December"},{"$i":"month-0-genitive","$v":"January"},{"$i":"month-1-genitive","$v":"February"},{"$i":"month-2-genitive","$v":"March"},{"$i":"month-3-genitive","$v":"April"},{"$i":"month-4-genitive","$v":"May"},{"$i":"month-5-genitive","$v":"June"},{"$i":"month-6-genitive","$v":"July"},{"$i":"month-7-genitive","$v":"August"},{"$i":"month-8-genitive","$v":"September"},{"$i":"month-9-genitive","$v":"October"},{"$i":"month-10-genitive","$v":"November"},{"$i":"month-11-genitive","$v":"December"},{"$i":"month-0-short","$v":"Jan"},{"$i":"month-1-short","$v":"Feb"},{"$i":"month-2-short","$v":"Mar"},{"$i":"month-3-short","$v":"Apr"},{"$i":"month-4-short","$v":"May"},{"$i":"month-5-short","$v":"Jun"},{"$i":"month-6-short","$v":"Jul"},{"$i":"month-7-short","$v":"Aug"},{"$i":"month-8-short","$v":"Sep"},{"$i":"month-9-short","$v":"Oct"},{"$i":"month-10-short","$v":"Nov"},{"$i":"month-11-short","$v":"Dec"},{"$i":"minutes-ago-long","$v":{"zero":"just now","one":"a minute ago","two":[{"t":"idOrVar","v":"value"}," minutes ago"],"few":[{"t":"idOrVar","v":"value"}," minutes ago"],"many":[{"t":"idOrVar","v":"value"}," minutes ago"],"other":[{"t":"idOrVar","v":"value"}," minutes ago"]},"$x":[{"t":"idOrVar","v":"plural"},"value"]},{"$i":"hours-ago-long","$v":{"zero":"just now","one":"an hour ago","two":[{"t":"idOrVar","v":"value"}," hours ago"],"few":[{"t":"idOrVar","v":"value"}," hours ago"],"many":[{"t":"idOrVar","v":"value"}," hours ago"],"other":[{"t":"idOrVar","v":"value"}," hours ago"]},"$x":[{"t":"idOrVar","v":"plural"},"value"]},{"$i":"days-ago-long","$v":{"zero":"today","one":"yesterday","two":[{"t":"idOrVar","v":"value"}," days ago"],"few":[{"t":"idOrVar","v":"value"}," days ago"],"many":[{"t":"idOrVar","v":"value"}," days ago"],"other":[{"t":"idOrVar","v":"value"}," days ago"]},"$x":[{"t":"idOrVar","v":"plural"},"value"]},{"$i":"weeks-ago-long","$v":{"zero":"this week","one":"last week","two":[{"t":"idOrVar","v":"value"}," weeks ago"],"few":[{"t":"idOrVar","v":"value"}," weeks ago"],"many":[{"t":"idOrVar","v":"value"}," weeks ago"],"other":[{"t":"idOrVar","v":"value"}," weeks ago"]},"$x":[{"t":"idOrVar","v":"plural"},"value"]},{"$i":"months-ago-long","$v":{"zero":"this month","one":"last month","two":[{"t":"idOrVar","v":"value"}," months ago"],"few":[{"t":"idOrVar","v":"value"}," months ago"],"many":[{"t":"idOrVar","v":"value"}," months ago"],"other":[{"t":"idOrVar","v":"value"}," months ago"]},"$x":[{"t":"idOrVar","v":"plural"},"value"]},{"$i":"years-ago-long","$v":{"zero":"this year","one":"last year","two":[{"t":"idOrVar","v":"value"}," years ago"],"few":[{"t":"idOrVar","v":"value"}," years ago"],"many":[{"t":"idOrVar","v":"value"}," years ago"],"other":[{"t":"idOrVar","v":"value"}," years ago"]},"$x":[{"t":"idOrVar","v":"plural"},"value"]},{"$i":"minutes-until-long","$v":{"zero":"now","one":"in a minute","two":["in ",{"t":"idOrVar","v":"value"}," minutes"],"few":["in ",{"t":"idOrVar","v":"value"}," minutes"],"many":["in ",{"t":"idOrVar","v":"value"}," minutes"],"other":["in ",{"t":"idOrVar","v":"value"}," minutes"]},"$x":[{"t":"idOrVar","v":"plural"},"value"]},{"$i":"hours-until-long","$v":{"zero":"now","one":"in an hour","two":["in ",{"t":"idOrVar","v":"value"}," hours"],"few":["in ",{"t":"idOrVar","v":"value"}," hours"],"many":["in ",{"t":"idOrVar","v":"value"}," hours"],"other":["in ",{"t":"idOrVar","v":"value"}," hours"]},"$x":[{"t":"idOrVar","v":"plural"},"value"]},{"$i":"days-until-long","$v":{"zero":"today","one":"tomorrow","two":["in ",{"t":"idOrVar","v":"value"}," days"],"few":["in ",{"t":"idOrVar","v":"value"}," days"],"many":["in ",{"t":"idOrVar","v":"value"}," days"],"other":["in ",{"t":"idOrVar","v":"value"}," days"]},"$x":[{"t":"idOrVar","v":"plural"},"value"]},{"$i":"weeks-until-long","$v":{"zero":"this week","one":"next week","two":["in ",{"t":"idOrVar","v":"value"}," weeks"],"few":["in ",{"t":"idOrVar","v":"value"}," weeks"],"many":["in ",{"t":"idOrVar","v":"value"}," weeks"],"other":["in ",{"t":"idOrVar","v":"value"}," weeks"]},"$x":[{"t":"idOrVar","v":"plural"},"value"]},{"$i":"months-until-long","$v":{"zero":"this month","one":"next month","two":["in ",{"t":"idOrVar","v":"value"}," months"],"few":["in ",{"t":"idOrVar","v":"value"}," months"],"many":["in ",{"t":"idOrVar","v":"value"}," months"],"other":["in ",{"t":"idOrVar","v":"value"}," months"]},"$x":[{"t":"idOrVar","v":"plural"},"value"]},{"$i":"years-until-long","$v":{"zero":"this year","one":"next year","two":["in ",{"t":"idOrVar","v":"value"}," years"],"few":["in ",{"t":"idOrVar","v":"value"}," years"],"many":["in ",{"t":"idOrVar","v":"value"}," years"],"other":["in ",{"t":"idOrVar","v":"value"}," years"]},"$x":[{"t":"idOrVar","v":"plural"},"value"]},{"$i":"minutes-ago-short","$v":{"zero":"just now","other":[{"t":"idOrVar","v":"value"},"m ago"]},"$x":[{"t":"idOrVar","v":"plural"},"value"]},{"$i":"hours-ago-short","$v":{"zero":"just now","other":[{"t":"idOrVar","v":"value"},"h ago"]},"$x":[{"t":"idOrVar","v":"plural"},"value"]},{"$i":"days-ago-short","$v":{"zero":"today","other":[{"t":"idOrVar","v":"value"},"d ago"]},"$x":[{"t":"idOrVar","v":"plural"},"value"]},{"$i":"minutes-until-short","$v":{"zero":"now","other":["in ",{"t":"idOrVar","v":"value"},"m"]},"$x":[{"t":"idOrVar","v":"plural"},"value"]},{"$i":"hours-until-short","$v":{"zero":"now","other":["in ",{"t":"idOrVar","v":"value"},"h"]},"$x":[{"t":"idOrVar","v":"plural"},"value"]},{"$i":"days-until-short","$v":{"zero":"today","other":["in ",{"t":"idOrVar","v":"value"},"d"]},"$x":[{"t":"idOrVar","v":"plural"},"value"]},{"$i":"incorrectDate","$v":"(incorrect date)"},{"$i":"dateTimeFormat_%c","$v":"%a %b %e %Y %I:%M:%S %p"},{"$i":"dateTimeFormat_%x","$v":"%m/%d/%Y"},{"$i":"dateTimeFormat_%X","$v":"%I:%M:%S %p"},{"$i":"shortTimeFormat","$v":"%I:%M %p"},{"$i":"shortTimeFormat12","$v":"%I:%M %p"},{"$i":"shortTimeFormat24","$v":"%H:%M"},{"$i":"shortDateTimeFormat","$v":"%x %I:%M %p"},{"$i":"weekStartsOnMonday","$v":"0"},{"$i":"firstDayOfTheWeek","$v":"0"},{"$i":"time_am","$v":"AM"},{"$i":"time_pm","$v":"PM"},{"$i":"title-app","$v":"App Permission"},{"$i":"title-web","$v":"Website Permission"},{"$i":"title-cam","$v":"Select Camera"},{"$i":"perm-alarms","$v":"Schedule Alarms"},{"$i":"perm-audio-capture","$v":"Microphone"},{"$i":"perm-audio-capture-appRequest","$v":["Would you like to share your microphone with ",{"t":"idOrVar","v":"app"},"?"]},{"$i":"perm-audio-capture-webRequest","$v":["Would you like to share your microphone with ",{"t":"idOrVar","v":"site"},"?"]},{"$i":"perm-audio-channel-content","$v":"Play Sounds"},{"$i":"perm-audio-channel-notification","$v":"Play Notification Sounds"},{"$i":"perm-audio-channel-ringer","$v":"Play Ringtone Sounds"},{"$i":"perm-background-sensors","$v":"Access Sensor Data"},{"$i":"perm-bluetooth","$v":"Bluetooth"},{"$i":"perm-browser","$v":"Inspect Web Pages"},{"$i":"perm-camera","$v":"Cameras"},{"$i":"perm-camera-selector-appRequest","$v":["Select a camera for ",{"t":"idOrVar","v":"app"},"."]},{"$i":"perm-camera-selector-webRequest","$v":["Select a camera for ",{"t":"idOrVar","v":"site"},"."]},{"$i":"perm-camera-appRequest","$v":[{"t":"idOrVar","v":"app"}," would like to use your camera."]},{"$i":"perm-camera-webRequest","$v":[{"t":"idOrVar","v":"site"}," would like to use your camera."]},{"$i":"perm-cellbroadcast","$v":"Cell Broadcasts"},{"$i":"perm-contacts","$v":"Contacts"},{"$i":"perm-contacts-appRequest","$v":[{"t":"idOrVar","v":"app"}," would like to access your contact list."]},{"$i":"perm-contacts-webRequest","$v":[{"t":"idOrVar","v":"site"}," would like to access your contact list."]},{"$i":"perm-desktop-notification","$v":"Notifications"},{"$i":"perm-desktop-notification-appRequest","$v":[{"t":"idOrVar","v":"app"}," would like to display notifications."]},{"$i":"perm-desktop-notification-webRequest","$v":[{"t":"idOrVar","v":"site"}," would like to display notifications."]},{"$i":"perm-device-storage-apps","$v":"Apps Storage"},{"$i":"perm-device-storage-music","$v":"Music Storage"},{"$i":"perm-device-storage-music-appRequest","$v":[{"t":"idOrVar","v":"app"}," would like to access your music."]},{"$i":"perm-device-storage-music-webRequest","$v":[{"t":"idOrVar","v":"site"}," would like to access your music."]},{"$i":"perm-device-storage-pictures","$v":"Image Storage"},{"$i":"perm-device-storage-pictures-appRequest","$v":[{"t":"idOrVar","v":"app"}," would like to access your images."]},{"$i":"perm-device-storage-pictures-webRequest","$v":[{"t":"idOrVar","v":"site"}," would like to access your images."]},{"$i":"perm-device-storage-sdcard","$v":"Memory Card Storage"},{"$i":"perm-device-storage-sdcard-appRequest","$v":[{"t":"idOrVar","v":"app"}," would like to access your memory card."]},{"$i":"perm-device-storage-sdcard-webRequest","$v":[{"t":"idOrVar","v":"site"}," would like to access your memory card."]},{"$i":"perm-device-storage-videos","$v":"Video Storage"},{"$i":"perm-device-storage-videos-appRequest","$v":[{"t":"idOrVar","v":"app"}," would like to access your videos."]},{"$i":"perm-device-storage-videos-webRequest","$v":[{"t":"idOrVar","v":"site"}," would like to access your videos."]},{"$i":"perm-embed-apps","$v":"Embed Apps"},{"$i":"perm-fmradio","$v":"FM Radio"},{"$i":"perm-fmradio-appRequest","$v":[{"t":"idOrVar","v":"app"}," would like to use the FM Radio."]},{"$i":"perm-fmradio-webRequest","$v":[{"t":"idOrVar","v":"site"}," would like to use the FM Radio."]},{"$i":"perm-geolocation","$v":"Geolocation"},{"$i":"perm-geolocation-appRequest","$v":[{"t":"idOrVar","v":"app"}," would like to know your location."]},{"$i":"perm-geolocation-more-info","$v":[{"t":"idOrVar","v":"brandShortName"}," uses data such as GPS, Wi-Fi, and mobile networks near you to help determine your approximate location. Data is sent to Mozilla and other service providers and will be used in the aggregate to improve those location databases.  Data may be stored on your device and data collection may occur even when no apps are running."]},{"$i":"perm-geolocation-webRequest","$v":[{"t":"idOrVar","v":"site"}," would like to know your location."]},{"$i":"perm-idle","$v":"See Idle Status"},{"$i":"perm-indexedDB-chrome-settings","$v":"Privileged IndexedDB"},{"$i":"perm-indexedDB-unlimited","$v":"Unlimited IndexedDB Storage"},{"$i":"perm-input-manage","$v":"Manage Keyboards"},{"$i":"perm-input","$v":"Act as a Keyboard"},{"$i":"perm-media-capture","$v":"Camera and Microphone"},{"$i":"perm-media-capture-appRequest","$v":["Would you like to share your camera and microphone with ",{"t":"idOrVar","v":"app"},"?"]},{"$i":"perm-media-capture-webRequest","$v":["Would you like to share your camera and microphone with ",{"t":"idOrVar","v":"site"},"?"]},{"$i":"perm-mobileconnection","$v":"Mobile Connection"},{"$i":"perm-mobileid","$v":"Mobile Identity"},{"$i":"perm-network-events","$v":"Network Events"},{"$i":"perm-open-remote-window","$v":"Start an App"},{"$i":"perm-permissions","$v":"Modify Apps Permissions"},{"$i":"perm-power","$v":"Power Settings"},{"$i":"perm-settings","$v":"Modify Settings"},{"$i":"perm-systemXHR","$v":"Cross-Origin Requests"},{"$i":"perm-telephony","$v":"Telephony"},{"$i":"perm-video-capture","$v":"Camera"},{"$i":"perm-video-capture-appRequest","$v":["Would you like to share your camera with ",{"t":"idOrVar","v":"app"},"?"]},{"$i":"perm-video-capture-webRequest","$v":["Would you like to share your camera with ",{"t":"idOrVar","v":"site"},"?"]},{"$i":"perm-voicemail","$v":"Control Voicemail"},{"$i":"perm-webapps-manage","$v":"Install Webapps"},{"$i":"perm-wifi-manage","$v":"Manage Wi-Fi"},{"$i":"perm-attention","$v":"Open Overlay Popups"},{"$i":"perm-audio-channel-alarm","$v":"Play Alarm Sounds"},{"$i":"perm-audio-channel-normal","$v":"Play Sounds"},{"$i":"perm-audio-channel-publicnotification","$v":"Play public notification sounds"},{"$i":"perm-audio-channel-telephony","$v":"Play Telephony Sounds"},{"$i":"perm-backgroundservice","$v":"Act as a Background Service"},{"$i":"perm-device-storage-crashes","$v":"Crash Data Storage"},{"$i":"perm-downloads","$v":"Access Downloads"},{"$i":"perm-embed-widgets","$v":"Embed Widgets"},{"$i":"perm-feature-detection","$v":"Feature Detection"},{"$i":"perm-firefox-accounts","$v":"Firefox Accounts"},{"$i":"perm-mobilenetwork","$v":"Mobile Network"},{"$i":"perm-moz-attention","$v":"Open Overlay Popups (moz)"},{"$i":"perm-moz-audio-channel-ringer","$v":"Play Ringtone Sounds (moz)"},{"$i":"perm-moz-audio-channel-telephony","$v":"Play Telephony Sounds (moz)"},{"$i":"perm-moz-firefox-accounts","$v":"Firefox Accounts (moz)"},{"$i":"perm-networkstats-manage","$v":"Control Usage Stats"},{"$i":"perm-nfc","$v":"NFC"},{"$i":"perm-nfc-hci-events","$v":"NFC HCI Events"},{"$i":"perm-nfc-manager","$v":"Manage NFC"},{"$i":"perm-phonenumberservice","$v":"Phone Number Service"},{"$i":"perm-push","$v":"Push API"},{"$i":"perm-resourcestats-manage","$v":"Resource Stats"},{"$i":"perm-sms","$v":"Send and Read SMS"},{"$i":"perm-speaker-control","$v":"Control Volume"},{"$i":"perm-storage","$v":"Access Storage"},{"$i":"perm-tcp-socket","$v":"TCP Sockets"},{"$i":"perm-test-permission","$v":"Test Permission"},{"$i":"perm-time","$v":"Set Date and Time"},{"$i":"perm-udp-socket","$v":"UDP Sockets"},{"$i":"perm-wappush","$v":"WAP Push"},{"$i":"tz-region","$v":"Region"},{"$i":"tz-city","$v":"City"},{"$i":"tzRegion-Africa","$v":"Africa"},{"$i":"tzRegion-America","$v":"America"},{"$i":"tzRegion-Antarctica","$v":"Antarctica"},{"$i":"tzRegion-Asia","$v":"Asia"},{"$i":"tzRegion-Atlantic","$v":"Atlantic Ocean"},{"$i":"tzRegion-Australia","$v":"Australia"},{"$i":"tzRegion-Europe","$v":"Europe"},{"$i":"tzRegion-Indian","$v":"Indian Ocean"},{"$i":"tzRegion-Pacific","$v":"Pacific Ocean"},{"$i":"ringtone-none","$v":"None"},{"$i":"ringer_bubble","$v":"Bubble"},{"$i":"ringer_chimer","$v":"Chimer"},{"$i":"ringer_cunning","$v":"Cunning"},{"$i":"ringer_dulco","$v":"Dulco"},{"$i":"ringer_firefox2","$v":[{"t":"idOrVar","v":"ringtoneBrandName"}]},{"$i":"ringer_garden","$v":"Garden"},{"$i":"ringer_marbled","$v":"Marbled"},{"$i":"ringer_opti","$v":"Opti"},{"$i":"ringer_pecko","$v":"Pecko"},{"$i":"ringer_pingy","$v":"Pingy"},{"$i":"ringer_poppop","$v":"Pop Pop"},{"$i":"ringer_sata","$v":"Sata"},{"$i":"ringer_simple","$v":"Clean"},{"$i":"ringer_standard1","$v":"Classic"},{"$i":"ringer_standard2","$v":"Classic Fast"},{"$i":"ringer_stutter","$v":"Stutter"},{"$i":"ringer_symmetry","$v":"Symmetry"},{"$i":"ringer_tailwind","$v":"Tail Wind"},{"$i":"ringer_thoughtful","$v":"Thoughtful"},{"$i":"ringer_wit","$v":"Wit"},{"$i":"ringer_zen","$v":"Zen"},{"$i":"notifier_bells","$v":"Bells"},{"$i":"notifier_bloom","$v":"Bloom"},{"$i":"notifier_chime","$v":"Chime"},{"$i":"notifier_clicka","$v":"Clicka"},{"$i":"notifier_digi","$v":"Digi"},{"$i":"notifier_dropplet","$v":"Dropplet"},{"$i":"notifier_firefox2","$v":[{"t":"idOrVar","v":"ringtoneBrandName"}]},{"$i":"notifier_hello","$v":"Hello"},{"$i":"notifier_lowmarble","$v":"Low Marble"},{"$i":"notifier_ping","$v":"Ping"},{"$i":"notifier_plickle","$v":"Plickle"},{"$i":"notifier_pocko","$v":"Pocko"},{"$i":"notifier_quado","$v":"Quado"},{"$i":"notifier_red","$v":"Red"},{"$i":"notifier_sato","$v":"Sato"},{"$i":"notifier_swipo","$v":"Swipo"},{"$i":"notifier_trickleup","$v":"Trickle Up"},{"$i":"notifier_trink","$v":"Trink"},{"$i":"notifier_verse","$v":"Verse"},{"$i":"settings","$v":"Settings"},{"$i":"advancedSettings","$v":"Advanced Settings"},{"$i":"default","$v":"Default"},{"$i":"enabled","$v":"Enabled"},{"$i":"enable","$v":"Enable"},{"$i":"disabled","$v":"Disabled"},{"$i":"error","$v":"Error"},{"$i":"ok","$v":"OK"},{"$i":"yes","$v":"Yes"},{"$i":"no","$v":"No"},{"$i":"reset","$v":"Reset"},{"$i":"factory-reset","$v":"Factory Reset"},{"$i":"cancel","$v":"Cancel"},{"$i":"close","$v":"Close"},{"$i":"back","$v":"Back"},{"$i":"continue","$v":"Continue"},{"$i":"skip","$v":"Skip"},{"$i":"pair","$v":"Pair"},{"$i":"add","$v":"Add"},{"$i":"done","$v":"Done"},{"$i":"set","$v":"Set"},{"$i":"notNow","$v":"Not now"},{"$i":"turnOn","$v":"Turn ON"},{"$i":"selectASIMCard","$v":"Select a SIM card"},{"$i":"sim1","$v":"SIM 1"},{"$i":"sim2","$v":"SIM 2"},{"$i":"unavailable","$v":"Not available"},{"$i":"confirmation","$v":"Confirmation"},{"$i":"simSettingsWithIndex","$v":["SIM ",{"t":"idOrVar","v":"index"}," Settings"]},{"$i":"simWithIndex","$v":["SIM ",{"t":"idOrVar","v":"index"}]},{"$i":"networkAndConnectivity","$v":"Network & Connectivity"},{"$i":"airplaneMode","$v":"Airplane Mode","ariaLabel":"Airplane Mode"},{"$i":"geolocation","$v":"Geolocation","ariaLabel":"Geolocation"},{"$i":"wifi","$v":"Wi-Fi"},{"$i":"wifi-header","$v":[{"t":"idOrVar","v":"wifi"}]},{"$i":"wifi-disabled","$v":"Turn Wi-Fi on to view available networks."},{"$i":"availableNetworks","$v":"Available Networks"},{"$i":"knownNetworks","$v":"Known Networks"},{"$i":"hiddenNetworks","$v":"Hidden Networks"},{"$i":"scanning","$v":"Searching…"},{"$i":"scanNetworks","$v":"Search Again"},{"$i":"fullStatus-initializing","$v":"Initializing…"},{"$i":"fullStatus-connecting","$v":["Connecting to ",{"t":"idOrVar","v":"ssid"},"…"]},{"$i":"fullStatus-associated","$v":"Obtaining an IP address…"},{"$i":"fullStatus-connected","$v":["Connected to ",{"t":"idOrVar","v":"ssid"}]},{"$i":"fullStatus-connectingfailed","$v":"Connection failed"},{"$i":"fullStatus-disconnected","$v":"Offline"},{"$i":"shortStatus-connecting","$v":"Connecting…"},{"$i":"shortStatus-associated","$v":"Obtaining an IP address…"},{"$i":"shortStatus-connected","$v":"Connected"},{"$i":"shortStatus-connectingfailed","$v":"Connection failed"},{"$i":"shortStatus-disconnected","$v":"Offline"},{"$i":"wifi-sleep","$v":"Wi-Fi Sleep"},{"$i":"wifi-sleep-description","$v":"Enable to automatically turn off Wi-Fi during sleep to save battery power."},{"$i":"manageNetworks","$v":"Manage Networks"},{"$i":"wifi-bad-credentials-title","$v":"Failed connecting to Wi-Fi"},{"$i":"wifi-bad-credentials-confirm","$v":["Unable to connect to ",{"t":"idOrVar","v":"ssid"},", authentication failed due to bad credentials. Please re-enter the network password."]},{"$i":"manageNetworks-header","$v":[{"t":"idOrVar","v":"manageNetworks"}]},{"$i":"manageCertificates","$v":"Manage Certificates"},{"$i":"manageCertificates-header","$v":[{"t":"idOrVar","v":"manageCertificates"}]},{"$i":"joinHiddenNetwork","$v":"Join Hidden Network"},{"$i":"securedBy","$v":["Secured by ",{"t":"idOrVar","v":"capabilities"}]},{"$i":"security","$v":"Security"},{"$i":"securityNone","$v":"None"},{"$i":"securityOpen","$v":"Open"},{"$i":"notInRange","$v":"Not in range"},{"$i":"ipAddress","$v":"IP address"},{"$i":"linkSpeed","$v":"Link speed"},{"$i":"linkSpeedMbs","$v":[{"t":"idOrVar","v":"linkSpeed"}," Mbit/s"]},{"$i":"signalStrength","$v":"Signal strength"},{"$i":"signalLevel0","$v":"Very weak"},{"$i":"signalLevel1","$v":"Weak"},{"$i":"signalLevel2","$v":"Average"},{"$i":"signalLevel3","$v":"Good"},{"$i":"signalLevel4","$v":"Very good"},{"$i":"forget","$v":"Forget"},{"$i":"forgetNetwork-dialog","$v":"Forget network?"},{"$i":"forgetNetwork-confirmation","$v":"Confirmation"},{"$i":"authentication","$v":"Authentication"},{"$i":"authentication-header","$v":[{"t":"idOrVar","v":"authentication"}]},{"$i":"eap","$v":"EAP method"},{"$i":"auth-phase2","$v":"Phase 2 authentication"},{"$i":"server-certificate","$v":"Server certificate"},{"$i":"import-certificate-msg","$v":"Notice: If you need to import new certificates, please go to \"Manage certificates\"."},{"$i":"identity","$v":"Identifier"},{"$i":"password","$v":"Password"},{"$i":"showPassword","$v":"Show password"},{"$i":"networkNotification","$v":"Network notification"},{"$i":"networkNotification-expl","$v":"Notify me when an open network is available"},{"$i":"macAddress","$v":"MAC Address"},{"$i":"deviceInfo_software","$v":[{"t":"idOrVar","v":"brandShortName"}," ",{"t":"idOrVar","v":"os"}]},{"$i":"macUnavailable","$v":"Not available"},{"$i":"noNetworksFound","$v":"No networks found"},{"$i":"noKnownNetworks","$v":"No known networks"},{"$i":"edit","$v":"Edit"},{"$i":"certificateList","$v":"Certificate List"},{"$i":"noImportedCertificates","$v":"No certificates imported"},{"$i":"deleteCertificate","$v":"Delete Certificate"},{"$i":"importCertificate","$v":"Import Certificate"},{"$i":"selectCertificateFile","$v":"Select Certificate File"},{"$i":"enterCertificateNickname","$v":"Enter certificate nick name"},{"$i":"nickname","$v":"Nick name"},{"$i":"enter-certificate-name-msg","$v":"You can change the nick name or keep the default name."},{"$i":"certificate-deletion-failed","$v":"Certificate deletion failed"},{"$i":"certificate-deletion-failed-description","$v":"This may be due to a storage issue, for example."},{"$i":"certificate-import-failed","$v":"Certificate import failed"},{"$i":"certificate-import-failed-description","$v":"This may be due to a damaged certificate file, for example."},{"$i":"wpsMessage","$v":"Connect with WPS"},{"$i":"wpsMessage-header","$v":[{"t":"idOrVar","v":"wpsMessage"}]},{"$i":"fullStatus-wps-inprogress","$v":"WPS is in progress…"},{"$i":"fullStatus-wps-canceled","$v":"WPS was canceled"},{"$i":"fullStatus-wps-timedout","$v":"WPS timed out"},{"$i":"fullStatus-wps-failed-error","$v":["WPS failed [",{"t":"idOrVar","v":"error"},"]"]},{"$i":"fullStatus-wps-overlapped","$v":"Another WPS PBC AP was found"},{"$i":"wpsDescription2","$v":"Automatic Wi-Fi setup"},{"$i":"wpsMethodSelection","$v":"Select a WPS method:"},{"$i":"wpsPbcLabel","$v":"Button connection"},{"$i":"wpsMyPinLabel","$v":"My PIN connection"},{"$i":"wpsApPinLabel","$v":"AP PIN connection"},{"$i":"wpsPinDescription","$v":"PIN is 4 or 8 digits"},{"$i":"wpsPinInput","$v":["Input ",{"t":"idOrVar","v":"pin"}," to an opposite device"]},{"$i":"wpsPinAps","$v":"Select an opposite device"},{"$i":"wpsAnyAp","$v":"Any"},{"$i":"wpsCancelMessage","$v":"Cancel WPS"},{"$i":"wpsCancelFailedMessageError","$v":["Failed to cancel WPS [",{"t":"idOrVar","v":"error"},"]"]},{"$i":"callSettings","$v":"Call Settings"},{"$i":"callSettings-header","$v":[{"t":"idOrVar","v":"callSettings"}]},{"$i":"callSettingsQuery","$v":"Requesting network info…"},{"$i":"callSettingsQueryError","$v":"Error in query"},{"$i":"voiceMail","$v":"Voicemail"},{"$i":"voiceMail-header","$v":[{"t":"idOrVar","v":"voiceMail"}]},{"$i":"voiceMail-number","$v":"Voicemail Number"},{"$i":"voiceMail-number-notSet","$v":"Not set"},{"$i":"voicePrivacyMode","$v":"Voice Privacy Mode"},{"$i":"callWaiting","$v":"Call Waiting"},{"$i":"confirmCallWaitingTitle","$v":"Unable to confirm call waiting preferences"},{"$i":"confirmCallWaitingDesc","$v":"The device is currently unable to communicate with the carrier. Try setting the preference again."},{"$i":"callForwarding","$v":"Call Forwarding"},{"$i":"callForwarding-header","$v":[{"t":"idOrVar","v":"callForwarding"}]},{"$i":"callForwardingForward","$v":"Forward"},{"$i":"callForwardingUnconditional","$v":"Always forward"},{"$i":"callForwardingUnconditionalShort","$v":"Always"},{"$i":"callForwardingMobileBusy","$v":"Forward when busy"},{"$i":"callForwardingMobileBusyShort","$v":"When busy"},{"$i":"callForwardingNoReply","$v":"Forward when unanswered"},{"$i":"callForwardingNoReplyShort","$v":"When unanswered"},{"$i":"callForwardingNotReachable","$v":"Forward when unreachable"},{"$i":"callForwardingNotReachableShort","$v":"When unreachable"},{"$i":"callForwardingForwardingVoiceToNumber","innerHTML":{"$v":["Voice calls to <bdi>",{"t":"idOrVar","v":"number"},"</bdi>"]}},{"$i":"callForwardingNotForwarding","$v":"Disabled"},{"$i":"callForwardingConfirmTitle","$v":"Call forwarding confirmation message"},{"$i":"cf-alwaysUseThisNumber","$v":"Always use this number"},{"$i":"cf-numberWhenUnreachable","$v":"Number when unreachable"},{"$i":"cf-numberWhenUnanswered","$v":"Number when unanswered"},{"$i":"cf-numberWhenBusy","$v":"Number when busy"},{"$i":"callForwardingInvalidNumberError","$v":"This phone number is invalid."},{"$i":"callForwardingSetSuccess","$v":"Operation successfully set."},{"$i":"callForwardingSetForbidden","$v":"Your operator does not support that operation."},{"$i":"callForwardingSetError","$v":"Call settings error."},{"$i":"callerId","$v":"Caller ID"},{"$i":"callBarring","$v":"Call Barring"},{"$i":"callBarring-header","$v":[{"t":"idOrVar","v":"callBarring"}]},{"$i":"callBarring-outgoing","$v":"Outgoing calls"},{"$i":"callBarring-baoc","$v":"All"},{"$i":"callBarring-boic","$v":"International"},{"$i":"callBarring-boicExhc","$v":"International except Home Country"},{"$i":"callBarring-incoming","$v":"Incoming calls"},{"$i":"callBarring-baic","$v":"All"},{"$i":"callBarring-baicR","$v":"All while roaming"},{"$i":"callBarring-passcode","$v":"Passcode"},{"$i":"callBarring-change-passcode","$v":"Change passcode"},{"$i":"callBarring-passcode-enter","$v":"Enter passcode"},{"$i":"callBarring-passcode-unknown","$v":"In case you don't know your passcode, please contact your carrier"},{"$i":"callBarring-current-passcode","$v":"Current passcode"},{"$i":"callBarring-new-passcode","$v":"New passcode"},{"$i":"callBarring-create-passcode","$v":"Create a Passcode"},{"$i":"callBarring-confirm-passcode","$v":"Confirm passcode"},{"$i":"callBarring-passcode-error-generic","$v":"Passcode error."},{"$i":"callBarring-passcode-error-incorrect","$v":"Passcode is incorrect."},{"$i":"callBarring-passcode-error-mismatch","$v":"Passcode doesn’t match."},{"$i":"callBarring-update-item-error","$v":["Error while updating the item: ",{"t":"idOrVar","v":"error"},"."]},{"$i":"callBarring-change-passcode-success","$v":"Passcode changed."},{"$i":"callerId-default","$v":"Network default"},{"$i":"callerId-hide","$v":"Hide number"},{"$i":"callerId-show","$v":"Show number"},{"$i":"fdn","$v":"Fixed dialing numbers"},{"$i":"fdnSettings","$v":"Fixed Dialing Numbers"},{"$i":"fdnSettings-header","$v":[{"t":"idOrVar","v":"fdnSettings"}]},{"$i":"fdn-authorizedNumbers","$v":"Authorized numbers"},{"$i":"fdn-authorizedNumbers-header","$v":[{"t":"idOrVar","v":"fdn-authorizedNumbers"}]},{"$i":"fdn-authorizedNumbers-desc","$v":"List of numbers that can be called"},{"$i":"fdn-explanation1","$v":"Restrict which numbers can be dialed from this phone."},{"$i":"fdn-explanation2","$v":"(Emergency numbers will always be dialable)"},{"$i":"fdnEnable","$v":"Enable FDN"},{"$i":"fdnDisable","$v":"Disable FDN"},{"$i":"fdnReset","$v":"Reset PIN2"},{"$i":"fdnAttemptMsg3","$v":{"one":"You have one try left to enter the correct code before locking the SIM card.","two":["You have ",{"t":"idOrVar","v":"n"}," tries left to enter the correct code before locking the SIM card."],"few":["You have ",{"t":"idOrVar","v":"n"}," tries left to enter the correct code before locking the SIM card."],"many":["You have ",{"t":"idOrVar","v":"n"}," tries left to enter the correct code before locking the SIM card."],"other":["You have ",{"t":"idOrVar","v":"n"}," tries left to enter the correct code before locking the SIM card."]},"$x":[{"t":"idOrVar","v":"plural"},"n"]},{"$i":"fdnLastChanceMsg","$v":"This is your last chance to enter the correct PIN2. Otherwise, you must enter the PUK2 code to use this SIM card."},{"$i":"fdnErrorMsg","$v":"The PIN2 code is incorrect."},{"$i":"fdnContact-name","$v":"name"},{"$i":"fdnContact-number","$v":"number"},{"$i":"fdnContact-submit","$v":"submit"},{"$i":"fdnAction-add","$v":"Add contact"},{"$i":"fdnAction-call","$v":"Call"},{"$i":"fdnAction-edit","$v":"Edit contact"},{"$i":"fdnAction-edit-header","$v":"Edit contact"},{"$i":"fdnAction-delete","$v":"Delete contact"},{"$i":"fdnNoFDNFreeRecord","$v":"Maximum FDN reached. You cannot add more numbers."},{"$i":"messagingSettings","$v":"Messaging Settings"},{"$i":"messagingSettings-header","$v":[{"t":"idOrVar","v":"messagingSettings"}]},{"$i":"message-confirmation","$v":"Message Confirmation"},{"$i":"message-delivery-reports","$v":"Delivery Reports"},{"$i":"message-delivery-reports-details","$v":"Request notification of delivery for each message sent"},{"$i":"message-read-reports","$v":"Read Reports"},{"$i":"message-read-reports-details","$v":"Request read report for each message sent"},{"$i":"mmsTitle","innerHTML":"&#x202a;Multimedia Messaging (MMS)&#x202c;"},{"$i":"auto-retrieve","$v":"Auto Retrieve"},{"$i":"auto-retrieve-details","$v":"Automatically retrieve messages"},{"$i":"manual-retrieve","$v":"Off"},{"$i":"auto-roaming-retrieve","$v":"On with roaming"},{"$i":"auto-no-roaming-retrieve","$v":"On without roaming"},{"$i":"autoConfigure","$v":"Auto-configure"},{"$i":"wapPushMessages","$v":"WAP Push Messages"},{"$i":"wapPush","$v":"WAP Push"},{"$i":"cellBroadcastMessages","$v":"Cell Broadcast Messages"},{"$i":"cellBroadcast","$v":"Cell Broadcast"},{"$i":"emergencyAlert","$v":"Emergency Alert"},{"$i":"messagingInformation","$v":"Information"},{"$i":"messaging-SMSC","$v":"Service Center"},{"$i":"messaging-sim-settings","$v":["SIM ",{"t":"idOrVar","v":"index"}," Settings"]},{"$i":"unknown-SMSC","$v":"Info not available"},{"$i":"cellularAndData","$v":"Cellular & Data"},{"$i":"cellularAndData-header","$v":[{"t":"idOrVar","v":"cellularAndData"}]},{"$i":"dataNetwork","$v":"Carrier"},{"$i":"dataConnectivity","$v":"Data"},{"$i":"dataConnection","$v":"Data Connection"},{"$i":"dataRoaming","$v":"Data Roaming"},{"$i":"networkOperator","$v":"Network Operator"},{"$i":"networkOperator-header","$v":[{"t":"idOrVar","v":"networkOperator"}]},{"$i":"availableOperators","$v":"Network Operators In The Area"},{"$i":"preferredNetworkTypeAlertTitle","$v":"Preferred network type"},{"$i":"preferredNetworkTypeAlertErrorMessage","$v":"Network type could not be set"},{"$i":"operator-networkType","$v":"Network Type"},{"$i":"operator-networkType-auto","$v":"Automatic"},{"$i":"operator-networkType-prefer3G","$v":"3G preferred"},{"$i":"operator-networkType-2G","$v":"2G only"},{"$i":"operator-networkType-3G","$v":"3G only"},{"$i":"operator-networkType-GSM","$v":"GSM"},{"$i":"operator-networkType-WCDMA","$v":"WCDMA"},{"$i":"operator-networkType-CDMA","$v":"CDMA"},{"$i":"operator-networkType-EVDO","$v":"EVDO"},{"$i":"operator-networkType-LTE","$v":"LTE"},{"$i":"operator-networkType-preferWCDMA","$v":"WCDMA preferred"},{"$i":"operator-networkType-auto-2G-3G","$v":"Auto (2G/3G)"},{"$i":"operator-networkType-auto-3G-4G","$v":"Auto (3G/4G)"},{"$i":"operator-networkType-auto-CDMA-EVDO","$v":"Auto (CDMA/EVDO)"},{"$i":"operator-networkType-auto-WCDMA-GSM","$v":"Auto (WCDMA/GSM)"},{"$i":"operator-networkType-auto-LTE-WCDMA-GSM","$v":"Auto (LTE/WCDMA/GSM)"},{"$i":"operator-networkType-auto-LTE-WCDMA","$v":"Auto (LTE/WCDMA)"},{"$i":"operator-networkType-auto-LTE-CDMA-EVDO","$v":"Auto (LTE/CDMA/EVDO)"},{"$i":"operator-networkType-auto-WCDMA-GSM-CDMA-EVDO","$v":"Auto (WCDMA/GSM/CDMA/EVDO)"},{"$i":"operator-autoSelect","$v":"Automatic Selection"},{"$i":"operator-networkSelect-auto","$v":"Automatic"},{"$i":"operator-networkSelect-manual","$v":"Manual"},{"$i":"operator-turnAutoSelectOff","$v":"Turn automatic selection off to view available network operators."},{"$i":"operator-info-connecting","$v":"Connecting…"},{"$i":"operator-info-failed","$v":"Connection failed"},{"$i":"operator-info-connected","$v":"Connected"},{"$i":"operator-info-available","$v":"Available"},{"$i":"operator-info-current","$v":"Connected"},{"$i":"operator-info-forbidden","$v":"Forbidden"},{"$i":"operator-info-unknown","$v":"Unknown state"},{"$i":"operator-roamingPreference","$v":"Roaming preference"},{"$i":"operator-roamingPreference-home","$v":"Home"},{"$i":"operator-roamingPreference-any","$v":"Any"},{"$i":"operator-roamingPreference-affiliated","$v":"Affiliated"},{"$i":"apn","$v":"APN"},{"$i":"apnSettings","$v":"APN Settings"},{"$i":"apnSettings-header","$v":[{"t":"idOrVar","v":"apnSettings"}]},{"$i":"dataSettings","$v":"Data Settings"},{"$i":"dataSettings-header","$v":[{"t":"idOrVar","v":"dataSettings"}]},{"$i":"suplSettings","$v":"A-GPS Settings"},{"$i":"suplSettings-header","$v":[{"t":"idOrVar","v":"suplSettings"}]},{"$i":"messageSettings","$v":"Message Settings"},{"$i":"messageSettings-header","$v":[{"t":"idOrVar","v":"messageSettings"}]},{"$i":"dunSettings","$v":"Tethering Settings"},{"$i":"dunSettings-header","$v":[{"t":"idOrVar","v":"dunSettings"}]},{"$i":"imsSettings","$v":"IMS Settings"},{"$i":"imsSettings-header2","$v":[{"t":"idOrVar","v":"imsSettings"}]},{"$i":"apn-editor-header","$v":"APN Editor"},{"$i":"mmsport","$v":"MMS port"},{"$i":"mmsproxy","$v":"MMS proxy"},{"$i":"mmsc","$v":"MMSC"},{"$i":"httpProxyHost","$v":"HTTP proxy host"},{"$i":"httpProxyPort","$v":"HTTP proxy port"},{"$i":"custom","$v":"(custom settings)"},{"$i":"apn-authType","$v":"Authentication"},{"$i":"apn-authType-notDefined","$v":"Not defined"},{"$i":"apn-authType-none","$v":"None"},{"$i":"apn-authType-pap","$v":"PAP"},{"$i":"apn-authType-chap","$v":"CHAP"},{"$i":"apn-authType-papOrChap","$v":"PAP or CHAP"},{"$i":"apn-protocol","$v":"Protocol"},{"$i":"apn-roaming-protocol","$v":"Roaming Protocol"},{"$i":"apn-protocol-notDefined","$v":"Not defined"},{"$i":"apn-protocol-ip","$v":"IPv4"},{"$i":"apn-protocol-ipv6","$v":"IPv6"},{"$i":"apn-protocol-ipv4v6","$v":"IPv4/IPv6"},{"$i":"apn-type","$v":"APN Type"},{"$i":"dataConnection-warning-head","$v":"Turn ON data connection?"},{"$i":"dataConnection-warning-message","$v":"Applications will automatically fetch data via data connection when required. Additional data charges may apply."},{"$i":"dataRoaming-warning-head","$v":"Turn ON data roaming?"},{"$i":"dataRoaming-warning-message","$v":"Depending on your service agreement, extra charges may apply for data when you are in a roaming area."},{"$i":"change-apn-warning-message1","$v":"Depending on your service agreement, changing your APN setting may result in extra charges when roaming. Do you want to proceed?"},{"$i":"reset-apn-warning-title","$v":"Reset to Default"},{"$i":"reset-apn-warning-message","$v":"This resets the settings to default values. This cannot be undone."},{"$i":"state-unknown","$v":"Unknown state"},{"$i":"state-available","$v":"Available"},{"$i":"state-connected","$v":"Connected"},{"$i":"state-current","$v":"Connected"},{"$i":"state-forbidden","$v":"Forbidden"},{"$i":"delete-apn-confirm","$v":"Delete this APN?"},{"$i":"delete-apn","$v":"Delete"},{"$i":"add-apn","$v":"Add New APN"},{"$i":"reset-apn","$v":"Reset to Default"},{"$i":"apnSettings-reset","$v":"APN settings reset"},{"$i":"bluetooth","$v":"Bluetooth"},{"$i":"bluetooth-header","$v":[{"t":"idOrVar","v":"bluetooth"}]},{"$i":"bluetooth-enable-msg","$v":"Turn Bluetooth on to view devices in the area."},{"$i":"bluetooth-paired-devices","$v":"Paired devices"},{"$i":"bluetooth-devices-in-area","$v":"Devices in the area"},{"$i":"bluetooth-visible-to-all","$v":"Visible to all"},{"$i":"bluetooth-name-maxlength-alert","$v":["Your device name exceeds ",{"t":"idOrVar","v":"length"}," characters. Please retry again."]},{"$i":"bluetooth-address","$v":"Bluetooth Address"},{"$i":"bluetooth-address-unavailable","$v":"Not available"},{"$i":"bt-status-nopaired","$v":"No devices paired"},{"$i":"bt-status-turnoff","$v":"Turned off"},{"$i":"bt-status-paired","$v":{"zero":[{"t":"idOrVar","v":"name"}],"one":[{"t":"idOrVar","v":"name"},", +",{"t":"idOrVar","v":"n"}," more"],"two":[{"t":"idOrVar","v":"name"},", +",{"t":"idOrVar","v":"n"}," more"],"few":[{"t":"idOrVar","v":"name"},", +",{"t":"idOrVar","v":"n"}," more"],"many":[{"t":"idOrVar","v":"name"},", +",{"t":"idOrVar","v":"n"}," more"],"other":[{"t":"idOrVar","v":"name"},", +",{"t":"idOrVar","v":"n"}," more"]},"$x":[{"t":"idOrVar","v":"plural"},"n"]},{"$i":"device-status-tap-connect","$v":"Tap to connect"},{"$i":"device-status-pairing","$v":"Pairing with device…"},{"$i":"device-status-waiting","$v":"Waiting for other device…"},{"$i":"device-status-paired","$v":"Paired"},{"$i":"device-status-connecting","$v":"Connecting…"},{"$i":"device-status-connected","$v":"Connected"},{"$i":"device-status-connected-media","$v":"Connected to media audio"},{"$i":"device-option-unpair","$v":"Unpair"},{"$i":"device-option-confirm","$v":"Confirm"},{"$i":"device-option-unpair-confirmation","$v":"Confirmation"},{"$i":"device-option-unpair-device","$v":"Unpair device?"},{"$i":"device-option-connect","$v":"Connect"},{"$i":"device-option-disconnect","$v":"Disconnect"},{"$i":"search-for-device","$v":"Searching for devices…"},{"$i":"search-device","$v":"Search for devices"},{"$i":"rename-device","$v":"Rename my device"},{"$i":"unnamed-device","$v":"Unknown device"},{"$i":"change-btdevice-name","$v":"Change device name"},{"$i":"change-btdevice-name-desc","$v":"This name will appear on your other Bluetooth devices"},{"$i":"bluetooth-new-name","$v":"New name"},{"$i":"error-pair-title","$v":"Unable to pair devices"},{"$i":"error-pair-pincode","$v":"Unable to pair with the device. Check that the PIN is correct."},{"$i":"error-pair-toofast","$v":"Unable to pair with the device. Too many requests."},{"$i":"error-connect-title","$v":"Unable to connect devices"},{"$i":"error-connect-msg","$v":"Check that the device you’re trying to connect with is still in range and has Bluetooth turned on."},{"$i":"unpair-title","$v":"Unpair a connected device?"},{"$i":"unpair-msg","$v":"You are currently connected to this device. Unpairing will also disconnect from it."},{"$i":"nfc","$v":"NFC","ariaLabel":"NFC"},{"$i":"SSIDCannotBeEmpty","$v":"The SSID cannot be empty"},{"$i":"internetSharing","$v":"Internet Sharing"},{"$i":"internetSharing-header","$v":[{"t":"idOrVar","v":"internetSharing"}]},{"$i":"internetSharing-usb","$v":"USB"},{"$i":"internetSharing-wifi","$v":"Wi-Fi"},{"$i":"wifi-hotspot","$v":"Wi-Fi Hotspot"},{"$i":"wifi-name","$v":"Name"},{"$i":"wifi-password","$v":"Password"},{"$i":"wifi-security","$v":"Security"},{"$i":"usb-tethering","$v":"USB Tethering"},{"$i":"hotspotSettings","$v":"Hotspot Settings"},{"$i":"wifi-auth-username","$v":"Username"},{"$i":"wifi-auth-password","$v":"Password"},{"$i":"wifi-join-username","$v":"Username"},{"$i":"wifi-join-password","$v":"Password"},{"$i":"hotspotSettings-header","$v":[{"t":"idOrVar","v":"hotspotSettings"}]},{"$i":"ssid-name","$v":"SSID Network Name"},{"$i":"hotspot-open","$v":"open"},{"$i":"hotspot-wpa-psk","innerHTML":"WPA (TKIP)"},{"$i":"hotspot-wpa2-psk","innerHTML":"WPA2 (AES)"},{"$i":"hotspot-password-desc","$v":"The password must have at least 8 characters."},{"$i":"personalization","$v":"Personalization"},{"$i":"sound","$v":"Sound","ariaLabel":"Sound"},{"$i":"sound-header","$v":[{"t":"idOrVar","v":"sound"}]},{"$i":"volume","$v":"Volume"},{"$i":"tones","$v":"Tones"},{"$i":"touch-tones","$v":"Audible touch tones"},{"$i":"touch-tone-short","$v":"Short"},{"$i":"touch-tone-long","$v":"Long"},{"$i":"select-tone","$v":"Select a tone"},{"$i":"ringtones","$v":"Ringtones"},{"$i":"alerts","$v":"Alerts"},{"$i":"manage-tones","$v":"Manage Tones"},{"$i":"other-sounds","$v":"Other Sounds"},{"$i":"unlock-screen","$v":"Unlock screen"},{"$i":"camera","$v":"Camera"},{"$i":"sent-message","$v":"Sent Message"},{"$i":"alarm-sound","$v":"Alarm"},{"$i":"ringtone-and-notification-sound","$v":"Ringtones & Notifications"},{"$i":"media-sound","$v":"Media"},{"$i":"saving-tone","$v":"Saving…"},{"$i":"no-ringtone-app","$v":"We were unable to find a ringtone app to manage ringtones!"},{"$i":"display","$v":"Display","ariaLabel":"Display"},{"$i":"display-header","$v":[{"t":"idOrVar","v":"display"}]},{"$i":"brightness","$v":"Brightness"},{"$i":"brightness-autoAdjust","$v":"Adjust automatically"},{"$i":"lockScreen","$v":"Lock Screen"},{"$i":"wallpaper","$v":"Wallpaper"},{"$i":"screen-timeout","$v":"Screen Timeout"},{"$i":"one-minute","$v":"1 minute"},{"$i":"two-minutes","$v":"2 minutes"},{"$i":"five-minutes","$v":"5 minutes"},{"$i":"ten-minutes","$v":"10 minutes"},{"$i":"never","$v":"never"},{"$i":"lock-orientation","$v":"Lock Orientation"},{"$i":"navigation","$v":"Navigation","ariaLabel":"Navigation"},{"$i":"navigation-header","$v":[{"t":"idOrVar","v":"navigation"}]},{"$i":"edge-swipe-navigation","$v":"Edge Swipe Navigation"},{"$i":"edge-swipe-navigation-enable-msg","$v":"Drag from the left or right edge of the screen to jump between apps."},{"$i":"notifications","$v":"Notifications","ariaLabel":"Notifications"},{"$i":"notifications-header","$v":[{"t":"idOrVar","v":"notifications"}]},{"$i":"lockscreen-notifications","$v":"Show on lock screen"},{"$i":"notifications-resend","$v":"Show after reboot"},{"$i":"dateAndTime","$v":"Date & Time"},{"$i":"dateAndTime-header","$v":[{"t":"idOrVar","v":"dateAndTime"}]},{"$i":"setTimeAutomatically","$v":"Set Automatically"},{"$i":"setTimeManually","$v":"Set Manually"},{"$i":"timezoneMessage","$v":"Time Zone"},{"$i":"dateMessage","$v":"Date"},{"$i":"timeMessage","$v":"Time"},{"$i":"selectTimezoneContinent","$v":"Select continent"},{"$i":"selectTimezone","$v":"Select time zone"},{"$i":"time-format","$v":"Format"},{"$i":"time-format-time","$v":"Time Format"},{"$i":"hour-12","$v":"12-hour"},{"$i":"hour-24","$v":"24-hour"},{"$i":"languageAndRegion","$v":"Language & Region"},{"$i":"language","$v":"Language"},{"$i":"language-header","$v":[{"t":"idOrVar","v":"language"}]},{"$i":"region","$v":"Region"},{"$i":"more-languages","$v":"Get More Languages"},{"$i":"sample-format","$v":"Sample Format"},{"$i":"longDateFormat","$v":"%A, %B %d, %Y"},{"$i":"shortDateFormat","$v":"%B %d, %Y"},{"$i":"simManager","$v":"SIM Manager"},{"$i":"simManager-header","$v":[{"t":"idOrVar","v":"simManager"}]},{"$i":"simSettings","$v":"SIM Settings"},{"$i":"sim-manager-outgoing-calls","$v":"Outgoing Calls"},{"$i":"sim-manager-outgoing-call-desc","$v":"Calls will be sent from"},{"$i":"sim-manager-outgoing-messages","$v":"Outgoing Messages"},{"$i":"sim-manager-outgoing-messages-desc","$v":"SMS will be sent from"},{"$i":"sim-manager-outgoing-data","$v":"Data"},{"$i":"sim-manager-outgoing-data-description","$v":"Data service network and Marketplace payments"},{"$i":"sim-manager-always-ask","$v":"Always ask"},{"$i":"sim-pin-locked","$v":"SIM PIN locked"},{"$i":"no-operator","$v":"No operator"},{"$i":"cant-disable-simcard-alert","$v":"At least one SIM should be activated at a time"},{"$i":"disable-simcard-confirm","$v":["SIM ",{"t":"idOrVar","v":"disableCardIndex"}," can’t receive any calls and messages. Outgoing calls and outgoing messages which are set to SIM ",{"t":"idOrVar","v":"disableCardIndex"}," will be disabled."]},{"$i":"change-outgoing-data-confirm","$v":"The current data transfer will be suspended. Continue anyway?"},{"$i":"homescreen","$v":"Homescreen","ariaLabel":"Homescreen"},{"$i":"vertical-homescreen-header","$v":"Homescreen"},{"$i":"vertical-homescreen-layout","$v":"Layout"},{"$i":"vertical-homescreen-icon-layout","$v":"Icon Layout"},{"$i":"vertical-homescreen-three-columns","$v":"Three Columns"},{"$i":"vertical-homescreen-four-columns","$v":"Four Columns"},{"$i":"notice","$v":"Notice"},{"$i":"search","$v":"Search","ariaLabel":"Search"},{"$i":"search-header","$v":"Search"},{"$i":"search-engine","$v":"Search Engine"},{"$i":"search-suggestions","$v":"Search Suggestions"},{"$i":"search-suggestions-description","$v":"The characters you type when entering a search are sent to multiple search providers and will be used to send you search suggestions. Additional data charges may apply when using this feature."},{"$i":"homescreens","$v":"Homescreens","ariaLabel":"Homescreens"},{"$i":"homescreens-header","$v":[{"t":"idOrVar","v":"homescreens"}]},{"$i":"changeHomescreen","$v":"Change homescreen"},{"$i":"changeHomescreenButton","$v":"Change"},{"$i":"description","$v":"Description"},{"$i":"keyboardSettings","$v":"Keyboard Settings"},{"$i":"selectedKeyboards","$v":"Selected Keyboards"},{"$i":"keyboards","$v":"Keyboards"},{"$i":"keyboards-header","$v":[{"t":"idOrVar","v":"keyboards"}]},{"$i":"numberKeyboardLayouts","$v":"Number layouts"},{"$i":"optionKeyboardLayouts","$v":"Option layouts"},{"$i":"keypad","$v":"Keypad"},{"$i":"dialpad","$v":"Dial Pad"},{"$i":"selectKeyboards","$v":"Select Keyboards"},{"$i":"selectKeyboards-header","$v":[{"t":"idOrVar","v":"selectKeyboards"}]},{"$i":"mustHaveOneKeyboard","$v":["At least one ",{"t":"idOrVar","v":"type"}," keyboard should be selected"]},{"$i":"keyboardType-text","$v":"text"},{"$i":"keyboardType-url","$v":"url"},{"$i":"keyboardType-number","$v":"number"},{"$i":"defaultKeyboardEnabled","$v":[{"t":"idOrVar","v":"appName"}," ",{"t":"idOrVar","v":"layoutName"}," is set as default input method"]},{"$i":"themes","$v":"Themes","ariaLabel":"Themes"},{"$i":"themes-header","$v":[{"t":"idOrVar","v":"themes"}]},{"$i":"fxa","$v":"Firefox Accounts"},{"$i":"accounts","$v":"Account Management"},{"$i":"fxa-accounts","$v":"Firefox Accounts"},{"$i":"fxa-accounts-header","$v":[{"t":"idOrVar","v":"fxa-accounts"}]},{"$i":"fxa-overview","$v":"Your Firefox Account lets you use features like Find My Device and apps like the Firefox Marketplace."},{"$i":"fxa-invitation","$v":"Create Account or Sign In"},{"$i":"fxa-confirm-account","$v":"Confirm Your Account"},{"$i":"fxa-verification-email-sent-msg","$v":["We will send an email to: ",{"t":"idOrVar","v":"email"}]},{"$i":"fxa-please-verify","$v":"Click the verification link in your email to confirm your account."},{"$i":"fxa-cancel-confirmation","$v":"Cancel Account Confirmation"},{"$i":"fxa-resend-alert","$v":["A verification link has been sent to ",{"t":"idOrVar","v":"email"},"."]},{"$i":"fxa-dont-see-email","$v":["Don’t see an email? ",{"t":"idOrVar","v":"resend"},"."]},{"$i":"fxa-resend","$v":"Resend"},{"$i":"fxa-about","$v":"About"},{"$i":"fxa-logged-in-text","$v":["Signed in as ",{"t":"idOrVar","v":"email"}]},{"$i":"fxa-signed-in-header","$v":"Signed In"},{"$i":"fxa-marketplace-app","$v":"Marketplace"},{"$i":"fxa-find-my-device-app","$v":"Find My Device"},{"$i":"fxa-options","$v":"Options"},{"$i":"fxa-sign-out","$v":"Sign Out"},{"$i":"fxa-confirm-email","$v":["Please confirm ",{"t":"idOrVar","v":"email"}]},{"$i":"findmydevice","$v":"Find My Device"},{"$i":"findmydevice-create-account","$v":"Create account or sign in"},{"$i":"findmydevice-enable","$v":"Enable Find My Device"},{"$i":"findmydevice-about","$v":"About Find My Device"},{"$i":"findmydevice-enable-geolocation-prompt","$v":"Enable Geolocation?"},{"$i":"findmydevice-enable-geolocation-description","$v":"To view your device's location, you must enable geolocation tracking."},{"$i":"findmydevice-geolocation-enabled","$v":"Geolocation Enabled"},{"$i":"findmydevice-enable-network","$v":"This device is currently offline. Connect to a network and try again."},{"$i":"findmydevice-error","$v":"A Find My Device error has occurred."},{"$i":"findmydevice-please-try","$v":"Please try again."},{"$i":"findmydevice-please-tap","$v":"Please tap to try again."},{"$i":"privacyAndSecurity","$v":"Privacy & Security"},{"$i":"passcode-lock","$v":"Passcode Lock"},{"$i":"passcode-lock-desc","$v":["Passcode: ",{"t":"idOrVar","v":"code"}]},{"$i":"screenLock","$v":"Screen Lock"},{"$i":"screenLock-header","$v":[{"t":"idOrVar","v":"screenLock"}]},{"$i":"simSecurity","$v":"SIM Security"},{"$i":"simSecurity-header","$v":[{"t":"idOrVar","v":"simSecurity"}]},{"$i":"appPermissions","$v":"App Permissions","ariaLabel":"App Permissions"},{"$i":"appPermissions-header","$v":[{"t":"idOrVar","v":"appPermissions"}]},{"$i":"author","$v":"Author"},{"$i":"permissions","$v":"Permissions"},{"$i":"revoke","$v":"Revoke"},{"$i":"ask","$v":"Ask"},{"$i":"deny","$v":"Deny"},{"$i":"allow","$v":"Grant"},{"$i":"uninstallApp","$v":"Uninstall App"},{"$i":"phone","$v":"Phone"},{"$i":"messages","$v":"Messages"},{"$i":"vibrate","$v":"Vibrate"},{"$i":"ring","$v":"Ring"},{"$i":"change","$v":"Change"},{"$i":"create","$v":"Create"},{"$i":"create-a-passcode","$v":"Create a Passcode"},{"$i":"passcode","$v":"Passcode"},{"$i":"passcode-heading","$v":"Passcode"},{"$i":"enter-passcode","$v":"Enter passcode"},{"$i":"new-passcode","$v":"New passcode"},{"$i":"current-passcode","$v":"Current passcode"},{"$i":"incorrect-passcode","$v":"Passcode is incorrect"},{"$i":"passcode-doesnt-match","$v":"Passcode doesn’t match. Try again."},{"$i":"confirm-passcode","$v":"Confirm Passcode"},{"$i":"immediately","$v":"Immediately"},{"$i":"after-one-minute","$v":"After 1 minute"},{"$i":"after-five-minutes","$v":"After 5 minutes"},{"$i":"after-fifteen-minutes","$v":"After 15 minutes"},{"$i":"after-thirty-minutes","$v":"After 30 minutes"},{"$i":"after-one-hour","$v":"After 1 hour"},{"$i":"require-passcode","$v":"Require passcode"},{"$i":"change-passcode","$v":"Change passcode"},{"$i":"noSimCard","$v":"No SIM card"},{"$i":"simPin","$v":"SIM PIN"},{"$i":"simPin2","$v":"SIM PIN2"},{"$i":"simPinWithIndex","$v":["SIM ",{"t":"idOrVar","v":"index"}," PIN"]},{"$i":"pukCode","$v":"PUK code"},{"$i":"puk2Code","$v":"PUK2 code"},{"$i":"whatIsSimPin","$v":"What is a SIM PIN?"},{"$i":"simPinIntro1","$v":"A SIM PIN prevents access to the SIM card cellular data networks. When it’s enabled, any device containing the SIM card will request the PIN upon restart."},{"$i":"simPinIntro2","$v":"A SIM PIN is not the same as the passcode used to unlock the device."},{"$i":"changeSimPin","$v":"Change PIN"},{"$i":"simPinChangedSuccessfully","$v":"SIM PIN changed successfully"},{"$i":"simPinChangedSuccessfullyWithIndex","$v":["SIM ",{"t":"idOrVar","v":"index"}," PIN changed successfully"]},{"$i":"pinTitle","$v":"Enter SIM PIN"},{"$i":"pin2Title","$v":"Enter SIM PIN2"},{"$i":"pukTitle","$v":"Enter PUK code"},{"$i":"puk2Title","$v":"Enter PUK2 code"},{"$i":"newpinTitle","$v":"New PIN"},{"$i":"inputCodeRetriesLeft","$v":{"one":"Last try.","two":[{"t":"idOrVar","v":"n"}," tries left."],"few":[{"t":"idOrVar","v":"n"}," tries left."],"many":[{"t":"idOrVar","v":"n"}," tries left."],"other":[{"t":"idOrVar","v":"n"}," tries left."]},"$x":[{"t":"idOrVar","v":"plural"},"n"]},{"$i":"pinAttemptMsg3","$v":{"one":"You have one try left to enter the correct code before locking the SIM card.","two":["You have ",{"t":"idOrVar","v":"n"}," tries left to enter the correct code before locking the SIM card."],"few":["You have ",{"t":"idOrVar","v":"n"}," tries left to enter the correct code before locking the SIM card."],"many":["You have ",{"t":"idOrVar","v":"n"}," tries left to enter the correct code before locking the SIM card."],"other":["You have ",{"t":"idOrVar","v":"n"}," tries left to enter the correct code before locking the SIM card."]},"$x":[{"t":"idOrVar","v":"plural"},"n"]},{"$i":"pinLastChanceMsg","$v":"This is your last chance to enter the correct PIN. Otherwise, you must enter the PUK code to use this SIM card."},{"$i":"simCardLockedMsg","$v":"The SIM card is locked."},{"$i":"simCardBlockedMsg","$v":"The SIM card is blocked."},{"$i":"enterPukMsg","$v":"You must enter the Personal Unlocking Key (PUK) code for the SIM card. Refer to your SIM card documentation or contact your carrier for more information."},{"$i":"enterPuk2Msg","$v":"You must enter the Personal Unlocking Key (PUK2) code for the SIM card. Refer to your SIM card documentation or contact your carrier for more information."},{"$i":"pukErrorMsg","$v":"The PUK code is incorrect."},{"$i":"pukAttemptMsg3","$v":{"one":"You have one try left to enter the correct code before this SIM card will be permanently unusable. Refer to your SIM card documentation or contact your carrier for more information.","two":["You have ",{"t":"idOrVar","v":"n"}," tries left to enter the correct code before this SIM card will be permanently unusable. Refer to your SIM card documentation or contact your carrier for more information."],"few":["You have ",{"t":"idOrVar","v":"n"}," tries left to enter the correct code before this SIM card will be permanently unusable. Refer to your SIM card documentation or contact your carrier for more information."],"many":["You have ",{"t":"idOrVar","v":"n"}," tries left to enter the correct code before this SIM card will be permanently unusable. Refer to your SIM card documentation or contact your carrier for more information."],"other":["You have ",{"t":"idOrVar","v":"n"}," tries left to enter the correct code before this SIM card will be permanently unusable. Refer to your SIM card documentation or contact your carrier for more information."]},"$x":[{"t":"idOrVar","v":"plural"},"n"]},{"$i":"pukLastChanceMsg","$v":"Last chance to enter the correct PUK code. Your SIM card will be permanently unusable if you enter in the wrong PUK code. Refer to your SIM card documentation or contact your carrier for more information."},{"$i":"newSimPinMsg","$v":"Create PIN (must contain 4 to 8 digits)"},{"$i":"newSimPin2Msg","$v":"Create PIN2 (must contain 4 to 8 digits)"},{"$i":"confirmNewSimPinMsg","$v":"Confirm new PIN"},{"$i":"confirmNewSimPin2Msg","$v":"Confirm new PIN2"},{"$i":"newPinErrorMsg","$v":"PINs don’t match"},{"$i":"simLockedPhone","$v":"SIM-locked phone"},{"$i":"unknownSimCardState","$v":"Unknown SIM card state"},{"$i":"simCardNotReady","$v":"SIM card not ready"},{"$i":"simCardIllegal","$v":"Unauthorized SIM card"},{"$i":"genericLockError","$v":"An unknown error occurred"},{"$i":"doNotTrack","$v":"Do Not Track"},{"$i":"doNotTrack-header","$v":[{"t":"idOrVar","v":"doNotTrack"}]},{"$i":"doNotTrackActions","$v":"Tell websites and apps that I do not want to be tracked"},{"$i":"allowTracking","$v":"Tell websites and apps that I want to be tracked"},{"$i":"doNotHavePrefOnTracking","$v":"Do not tell websites and apps anything about my tracking preferences"},{"$i":"doNotTrack-dt","$v":"How does Do Not Track work?"},{"$i":"doNotTrack-dd1","$v":"When you turn on Do Not Track, your device tells every website and app (as well as advertisers and other content providers) that you do not want your behavior tracked."},{"$i":"doNotTrack-dd2","$v":"Turning on Do Not Track will not affect your ability to sign in to websites nor cause your device to forget your private information, such as the contents of shopping carts, location information or sign-in information."},{"$i":"browsingPrivacy","$v":"Browsing Privacy","ariaLabel":"Browsing Privacy"},{"$i":"browsingPrivacy-header","$v":[{"t":"idOrVar","v":"browsingPrivacy"}]},{"$i":"confirm-clear-title","$v":"Confirmation"},{"$i":"clear-browsing-history","$v":"Clear browsing history"},{"$i":"confirm-clear-browsing-history","$v":"Clear browsing history?"},{"$i":"clear-cookies-and-stored-data","$v":"Clear cookies and stored data"},{"$i":"confirm-clear-cookies-and-stored-data","$v":"Clear cookies and other data stored by sites on this device?"},{"$i":"clear","$v":"Clear"},{"$i":"privacy-controls","$v":"Privacy Controls"},{"$i":"no-privacy-controls","$v":"No privacy controls app found"},{"$i":"storage","$v":"Storage"},{"$i":"enableUSBStorage1","$v":"USB Storage"},{"$i":"umsUnplugToDisable","$v":"Unplug USB cable to disable"},{"$i":"appStorage","$v":"Application Storage"},{"$i":"appStorage-header","$v":[{"t":"idOrVar","v":"appStorage"}]},{"$i":"storageSize","$v":[{"t":"idOrVar","v":"size"}," ",{"t":"idOrVar","v":"unit"}]},{"$i":"availableSize","$v":{"zero":[{"t":"idOrVar","v":"size"}," ",{"t":"idOrVar","v":"unit"}," available"],"one":[{"t":"idOrVar","v":"size"}," ",{"t":"idOrVar","v":"unit"}," available"],"two":[{"t":"idOrVar","v":"size"}," ",{"t":"idOrVar","v":"unit"}," available"],"few":[{"t":"idOrVar","v":"size"}," ",{"t":"idOrVar","v":"unit"}," available"],"many":[{"t":"idOrVar","v":"size"}," ",{"t":"idOrVar","v":"unit"}," available"],"other":[{"t":"idOrVar","v":"size"}," ",{"t":"idOrVar","v":"unit"}," available"]},"$x":[{"t":"idOrVar","v":"plural"},"size"]},{"$i":"apps-total-space","$v":"Total Space"},{"$i":"apps-used-space","$v":"Used"},{"$i":"apps-free-space","$v":"Left"},{"$i":"storage-details","$v":"Photos, videos and music are stored separately from apps. See media storage for details."},{"$i":"ums-shared-volumes","$v":[{"t":"idOrVar","v":"list"}," shared"]},{"$i":"transferProtocol-header","$v":"Transfer Protocol"},{"$i":"protocol-mtp","$v":"Media Transfer Protocol (MTP)"},{"$i":"protocol-ums","$v":"USB Mass Storage (UMS)"},{"$i":"mediaStorage","$v":"Media Storage"},{"$i":"mediaStorage-header","$v":[{"t":"idOrVar","v":"mediaStorage"}]},{"$i":"storage-name-internal","$v":"Internal Storage"},{"$i":"storage-name-external-0","$v":"SD Card Storage"},{"$i":"storage-name-external-1","$v":"SD Card Storage 2"},{"$i":"short-storage-name-internal","$v":"Internal"},{"$i":"short-storage-name-external-0","$v":"SD Card"},{"$i":"short-storage-name-external-1","$v":"SD Card 2"},{"$i":"music-space","$v":"Music"},{"$i":"pictures-space","$v":"Pictures"},{"$i":"videos-space","$v":"Movies"},{"$i":"left-space","$v":"Space left"},{"$i":"free-space","$v":"Space left"},{"$i":"total-space","$v":"Total space"},{"$i":"size-not-available","$v":"Not available"},{"$i":"no-storage","$v":"No storage found"},{"$i":"advanced","$v":"Advanced"},{"$i":"ums-warning-title","$v":"Enable USB storage?"},{"$i":"default-media-location","$v":"Default Media Location"},{"$i":"default-media-location-msg","$v":"Choose where photos, videos, music and downloads are stored by default."},{"$i":"change-default-media-location-confirmation","$v":"Changing the default media storage location will affect where all media will be saved by default. Existing data will remain in its current location. Do you want to proceed?"},{"$i":"eject-sdcard-external-0","$v":"Eject SD card"},{"$i":"eject-sdcard-external-1","$v":"Eject SD card 2"},{"$i":"format-sdcard-internal","$v":"Format internal storage"},{"$i":"format-sdcard-external-0","$v":"Format SD card"},{"$i":"format-sdcard-external-1","$v":"Format SD card 2"},{"$i":"formatting","$v":"Formatting…"},{"$i":"unmount-sdcard-confirmation","$v":"You will not be able to access content on the SD card after you unmount it. Do you want to proceed?"},{"$i":"format-sdcard-title","$v":"Format SD card"},{"$i":"format-sdcard-message","$v":"This will erase all data stored on your SD card, such as music and photos."},{"$i":"format-sdcard-internal-title","$v":"Format internal storage"},{"$i":"format-sdcard-internal-message","$v":"This will erase all data stored on your internal storage, such as music and photos."},{"$i":"format-sdcard-btnformat","$v":"Format"},{"$i":"sdcardUnmounted","$v":"SD card unmounted"},{"$i":"ums-partial-support-warning-title","$v":"Warning: USB Mass Storage may not work"},{"$i":"ums-partial-support-warning-msg-1","$v":"USB Mass Storage will only work correctly with an external SD card. If you'd like to be able to access both your internal and external storage, you must use MTP."},{"$i":"ums-partial-support-warning-msg-2","$v":"Press \"OK\" to switch to USB Mass Storage, or \"Cancel\" to remain in MTP mode."},{"$i":"device","$v":"Device"},{"$i":"help","$v":"Help","ariaLabel":"Help"},{"$i":"deviceInfo","$v":"Device Information","ariaLabel":"Device Information"},{"$i":"deviceInfo-header","$v":[{"t":"idOrVar","v":"deviceInfo"}]},{"$i":"deviceInfo-IMEI","$v":"IMEI"},{"$i":"deviceInfo-IMEI-with-index","innerHTML":{"$v":["IMEI ",{"t":"idOrVar","v":"index"},": <bdi>",{"t":"idOrVar","v":"imei"},"</bdi>"]}},{"$i":"deviceInfo-ICCID","$v":"ICCID"},{"$i":"deviceInfo-ICCID-with-index","innerHTML":{"$v":["SIM ",{"t":"idOrVar","v":"index"},": <bdi>",{"t":"idOrVar","v":"iccid"},"</bdi>"]}},{"$i":"deviceInfo-MSISDN","$v":"Phone Number"},{"$i":"deviceInfo-MSISDN-with-index","innerHTML":{"$v":["SIM ",{"t":"idOrVar","v":"index"},": <bdi>",{"t":"idOrVar","v":"msisdn"},"</bdi>"]}},{"$i":"deviceInfo-ICCID-unavailable-sim","$v":["SIM ",{"t":"idOrVar","v":"index"},": Not available"]},{"$i":"downloads","$v":"Downloads","ariaLabel":"Downloads"},{"$i":"downloads-header","$v":[{"t":"idOrVar","v":"downloads"}]},{"$i":"unknown-phoneNumber","$v":"Unknown"},{"$i":"unknown-phoneNumber-sim","$v":["SIM ",{"t":"idOrVar","v":"index"},": Unknown"]},{"$i":"gitInfo","$v":"Git Commit Info"},{"$i":"model-name","$v":"Model"},{"$i":"os-version","$v":"OS Version"},{"$i":"firmware_revision","$v":"Firmware Revision"},{"$i":"hardware_manufacturer","$v":"Hardware Manufacturer"},{"$i":"hardware_platform","$v":"Hardware Platform"},{"$i":"hardware_revision","$v":"Hardware Revision"},{"$i":"platform_version","$v":"Platform Version"},{"$i":"build-id","$v":"Build Identifier"},{"$i":"update-channel","$v":"Update Channel"},{"$i":"build_number","$v":"Build Number"},{"$i":"update-url","$v":"Update URL"},{"$i":"last-updated","$v":"Last Updated"},{"$i":"more-info","$v":"More Information"},{"$i":"more-info-header","$v":[{"t":"idOrVar","v":"more-info"}]},{"$i":"softwareUpdates","$v":"Software Updates"},{"$i":"check-update-daily","$v":"Daily"},{"$i":"check-update-weekly","$v":"Weekly"},{"$i":"check-update-monthly","$v":"Monthly"},{"$i":"check-for-updates","$v":"Check for Updates"},{"$i":"check-update-now","$v":"Check Now"},{"$i":"update-status","$v":"Update status"},{"$i":"no-network-when-update","$v":"Connect to the Internet to proceed with your update."},{"$i":"checking-for-update","$v":"Checking for updates…"},{"$i":"no-updates","$v":"No updates were found"},{"$i":"retry-when-online","$v":"Network is offline. Will check again when the network is online."},{"$i":"already-latest-version","$v":["This is already the latest version of ",{"t":"idOrVar","v":"brandShortName"}]},{"$i":"check-error","$v":"There was an error when checking for updates."},{"$i":"aboutBrowserOS","$v":["About ",{"t":"idOrVar","v":"brandShortName"}]},{"$i":"browser-os-desc","$v":[{"t":"idOrVar","v":"brandShortName"}," is the free and open source operating system from Mozilla. Our mission is to promote openness, innovation and opportunity by keeping the power of the Web in your hands."]},{"$i":"learn-more","$v":"Learn More"},{"$i":"reset-head","$v":"Reset"},{"$i":"reset-warning-title","$v":"CAUTION"},{"$i":"your-rights","$v":"Your Rights"},{"$i":"your-rights-header","$v":[{"t":"idOrVar","v":"your-rights"}]},{"$i":"about-your-rights-0","$v":[{"t":"idOrVar","v":"brandShortName"}," is built on free and open source software by a community of thousands from all over the world. There are a few things you should know:"]},{"$i":"about-your-rights-1","$v":[{"t":"idOrVar","v":"brandShortName"}," is made available to you under the terms of several open source licenses including the Mozilla Public License. A device running ",{"t":"idOrVar","v":"brandShortName"}," may also contain proprietary software from third parties. Any code provided under open licenses give you the right to modify the source code and distribute your modified versions as long as you comply with their terms."]},{"$i":"about-your-rights-2","$v":["You are not granted any trademark rights or licenses to the trademarks of the Mozilla Foundation or any party, including without limitation the ",{"t":"idOrVar","v":"brandShortName"}," name or logo."]},{"$i":"about-your-rights-3","$v":["Some features in ",{"t":"idOrVar","v":"brandShortName"},", such as the Crash Reporter, give you the option to provide feedback to Mozilla. By choosing to submit feedback, you give Mozilla permission to use the feedback to improve its products, to publish the feedback on its websites, and to distribute the feedback."]},{"$i":"about-legal-info","$v":"Legal Information"},{"$i":"about-credit-info","$v":"Credits"},{"$i":"about-legal-info-header","$v":[{"t":"idOrVar","v":"about-legal-info"}]},{"$i":"open-source-notices","$v":"Open Source Notices"},{"$i":"open-source-notices-header","$v":[{"t":"idOrVar","v":"open-source-notices"}]},{"$i":"obtaining-source-code","$v":"Obtaining Source Code"},{"$i":"obtaining-source-code-header","$v":[{"t":"idOrVar","v":"obtaining-source-code"}]},{"$i":"about-mozilla","$v":"Mozilla"},{"$i":"about-other","$v":"Other"},{"$i":"your-privacy","$v":"Your Privacy"},{"$i":"your-privacy-header","$v":[{"t":"idOrVar","v":"your-privacy"}]},{"$i":"licensing-1","$v":"Binaries of this product have been made available to you by the Mozilla Project, under the Mozilla Public License 2.0 (MPL). Know your rights."},{"$i":"licensing-2","$v":"All of the source code to this product is available under licenses that are both free and open source. Most of it is available under the Mozilla Public License 2.0 (MPL)."},{"$i":"licensing-3","$v":"The remainder of the software that is not under the Mozilla Public License 2.0 MPL is available under one of a variety of other licenses. Those that require reproduction of the license text in the distribution are given below. (Note: Your copy of this product may not contain code covered by one or more of the licenses listed here, depending on the exact product and version you choose.)"},{"$i":"licensing-MPL","$v":"Mozilla Public License 2.0"},{"$i":"licensing-Apache","$v":"Apache License 2.0"},{"$i":"developer","$v":"Developer","ariaLabel":"Developer"},{"$i":"developer-header","$v":[{"t":"idOrVar","v":"developer"}]},{"$i":"hud-settings-button","$v":"Developer HUD"},{"$i":"hud-settings-header","$v":[{"t":"idOrVar","v":"hud-settings-button"}]},{"$i":"hud-devtools","$v":"Developer Tools"},{"$i":"hud-devtools-header","$v":[{"t":"idOrVar","v":"hud-devtools"}]},{"$i":"hud-hide","$v":"Hide All HUD Elements"},{"$i":"hud-logging","$v":"Log Changes in ADB"},{"$i":"hud-system","$v":"Show System HUD"},{"$i":"hud-problems","$v":"Problems"},{"$i":"hud-warnings","$v":"Warnings"},{"$i":"hud-errors","$v":"Errors"},{"$i":"hud-security","$v":"Security Issues"},{"$i":"hud-performance","$v":"Performance"},{"$i":"hud-reflows","$v":"Reflows"},{"$i":"hud-jank","$v":"Jank"},{"$i":"jank-threshold","$v":"Jank Threshold"},{"$i":"hud-fps","$v":"Frames per Second"},{"$i":"hud-ttl","$v":"Time to Load"},{"$i":"hud-memory","$v":"Memory"},{"$i":"hud-uss","$v":"Unique Set Size"},{"$i":"hud-appmemory","$v":"App Memory"},{"$i":"hud-jsobjects","$v":"JS Objects"},{"$i":"hud-jsstrings","$v":"JS Strings"},{"$i":"hud-jsother","$v":"JS Other"},{"$i":"hud-dom","$v":"DOM"},{"$i":"hud-style","$v":"Style"},{"$i":"hud-other","$v":"Other"},{"$i":"software","$v":"Software"},{"$i":"devSettings","$v":"Developer Settings"},{"$i":"debug","$v":"Debug"},{"$i":"developer-menu","$v":"Developer Menu"},{"$i":"developer-tools","$v":"Developer Tools"},{"$i":"graphics","$v":"Graphics"},{"$i":"hardware-composer","$v":"Hardware Composer"},{"$i":"paint-flashing","$v":"Flash Repainted Area"},{"$i":"dumps-layers","$v":"Dump Layers Tree"},{"$i":"dumps-layerscope","$v":"Dump LayerScope"},{"$i":"apz-overscroll","$v":"Overscrolling"},{"$i":"tiling","$v":"Tiling"},{"$i":"low-precision","$v":"Low Precision Painting"},{"$i":"low-opacity","$v":"Low Precision Transparency"},{"$i":"draw-tile-borders","$v":"Draw Tile Borders"},{"$i":"draw-layer-borders","$v":"Draw Layer Borders"},{"$i":"log-animations","$v":"Log Slow Animations"},{"$i":"remote-debugging-usb","$v":"Debugging via USB"},{"$i":"devtools-wifi","$v":"DevTools via Wi-Fi"},{"$i":"devtools-device-name","$v":"DevTools Wi-Fi Device Name"},{"$i":"devtools-qps","$v":"Pseudo-Localization"},{"$i":"debugger-disabled","$v":"Disabled"},{"$i":"debugger-adb-only","$v":"ADB only"},{"$i":"debugger-adb-and-devtools","$v":"ADB and DevTools"},{"$i":"wifi-debugging","$v":"Wi-Fi Output in ADB"},{"$i":"bluetooth-debugging","$v":"Bluetooth Output in ADB"},{"$i":"bluetooth-snoop-debugging","$v":"Bluetooth HCI Sniffing Logs to SD Card"},{"$i":"nfc-debugging","$v":"NFC Output in ADB"},{"$i":"ril-debugging","$v":"RIL Output in ADB"},{"$i":"network-debugging","$v":"Network Output in ADB"},{"$i":"mms-debugging","$v":"MMS Output in ADB"},{"$i":"console-enabled","$v":"Console Enabled"},{"$i":"cards-view-screenshots","$v":"Cards View: Screenshots"},{"$i":"geolocation-debugging-enabled","$v":"Geolocation Output in ADB"},{"$i":"geolocation-debugging-gps-locations-ignored","$v":"Ignore GPS Locations"},{"$i":"use-reviewer-certs","$v":"Use Marketplace Reviewer Certs"},{"$i":"shake-to-log","$v":"Shake to Save System Log"},{"$i":"enable-logshake-qa","$v":"Enable LogShake QA Mode"},{"$i":"launch-ftu","$v":"Launch First Time Use"},{"$i":"no-ftu","$v":"No first time use app found"},{"$i":"software-home-button","$v":"Software Home Button"},{"$i":"home-gesture","$v":"Home Gesture"},{"$i":"continuous-transition","$v":"Continuous Transition"},{"$i":"debug-gaia-enabled","$v":"Gaia Debug Traces"},{"$i":"showScreenReaderSettings","$v":"Show Screen Reader Settings"},{"$i":"app-transition","$v":"App Transition"},{"$i":"app-suspending","$v":"App Suspending"},{"$i":"copypaste","$v":"Copy/Paste"},{"$i":"multi-screen","$v":"Multi-Screen"},{"$i":"verbose-app-permissions","$v":"Verbose App Permissions"},{"$i":"pinning-the-web","$v":"Enable Pinning the Web"},{"$i":"window-management","$v":"Window Management"},{"$i":"unlock-privileges","$v":"Unlock Privileges"},{"$i":"factory-reset-devtools","$v":"Factory Reset and Enable Full DevTools"},{"$i":"reset-devtools-warning-title","$v":"CAUTION"},{"$i":"service-worker-scope","$v":"Scope"},{"$i":"service-worker-script-spec","$v":"Script spec"},{"$i":"service-worker-current-worker-url","$v":"Current worker URL"},{"$i":"service-worker-active-cache-name","$v":"Active cache name"},{"$i":"service-worker-waiting-cache-name","$v":"Waiting cache name"},{"$i":"service-worker-update","$v":"Update"},{"$i":"service-worker-unregister","$v":"Unregister"},{"$i":"service-worker-no-registrations","$v":"No service workers found"},{"$i":"developer-menu-disabled-warning-title","$v":"Developer menu not enabled"},{"$i":"developer-menu-disabled-warning-msg-1","$v":"Developer Mode can't be enabled without the developer menu first being enabled."},{"$i":"developer-menu-disabled-warning-msg-2","$v":"Please enable it from Settings > Device Information > More Information > Developer Menu."},{"$i":"enable-full-dev-mode-first-warning-title","$v":"Would you like to enable developer mode?"},{"$i":"enable-full-dev-mode-first-warning-msg-1","$v":"THIS WILL DELETE ALL YOUR DATA AND FACTORY RESET YOUR DEVICE."},{"$i":"enable-full-dev-mode-first-warning-msg-2","$v":"THIS WILL DISABLE ALL SECURITY MEASURES ON YOUR DEVICE."},{"$i":"enable-full-dev-mode-first-warning-msg-3","$v":"YOU CANNOT DISABLE THIS MODE AFTER ENABLING IT."},{"$i":"enable-full-dev-mode-final-warning-title","$v":"Are you sure you want to enable developer mode?"},{"$i":"enable-full-dev-mode-final-warning-msg","$v":{"one":["Tap 'Enable' ",{"t":"idOrVar","v":"count"}," more time to continue."],"two":["Tap 'Enable' ",{"t":"idOrVar","v":"count"}," more times to continue."],"few":["Tap 'Enable' ",{"t":"idOrVar","v":"count"}," more times to continue."],"many":["Tap 'Enable' ",{"t":"idOrVar","v":"count"}," more times to continue."],"other":["Tap 'Enable' ",{"t":"idOrVar","v":"count"}," more times to continue."]},"$x":[{"t":"idOrVar","v":"plural"},"count"]},{"$i":"downloads-edit","$v":"Edit downloads"},{"$i":"downloads-select-all","$v":"Select all"},{"$i":"downloads-deselect-all","$v":"Deselect all"},{"$i":"downloads-delete","$v":"Delete"},{"$i":"battery","$v":"Battery"},{"$i":"battery-header","$v":[{"t":"idOrVar","v":"battery"}]},{"$i":"batteryLevel","$v":"Current Level"},{"$i":"batteryLevel-percent-unplugged","$v":[{"t":"idOrVar","v":"level"},"%"]},{"$i":"batteryLevel-percent-charging","$v":[{"t":"idOrVar","v":"level"},"% (charging)"]},{"$i":"batteryLevel-percent-charged","$v":[{"t":"idOrVar","v":"level"},"% (charged)"]},{"$i":"powerSaveModeTitle","$v":"Power Save Mode"},{"$i":"powerSaveMode","$v":"Power Save Mode"},{"$i":"powerSave-threshold","$v":[{"t":"idOrVar","v":"level"},"% battery left"]},{"$i":"turnOnAuto","$v":"Turn On Automatically"},{"$i":"accessibility","$v":"Accessibility","ariaLabel":"Accessibility"},{"$i":"accessibility-header","$v":[{"t":"idOrVar","v":"accessibility"}]},{"$i":"screenReader","$v":"Screen Reader"},{"$i":"screenReader-header","$v":[{"t":"idOrVar","v":"screenReader"}]},{"$i":"screenReader-toggle","$v":[{"t":"idOrVar","v":"screenReader"}]},{"$i":"colorFilter","$v":"Color Filter"},{"$i":"colorFilter-header","$v":[{"t":"idOrVar","v":"colorFilter"}]},{"$i":"colorFilter-toggle","$v":[{"t":"idOrVar","v":"colorFilter"}]},{"$i":"screenReader-captions","$v":"Display speech"},{"$i":"screenReader-enable-msg","$v":"When the screen reader is enabled, your device will provide spoken feedback to assist blind and low-vision users."},{"$i":"screen-reader-speech-volume","$v":"Speech Volume"},{"$i":"screen-reader-speech-rate","$v":"Speech Rate"},{"$i":"screenReader-confirm-title-start","$v":"Start Screen Reader?"},{"$i":"screenReader-confirm-description-start","$v":"Activating the screen reader will change the way your touch screen works. Touch anywhere to hear the item under your finger, and double tap to activate."},{"$i":"screenReader-confirm-button-start","$v":"Start"},{"$i":"screenReader-confirm-title-stop","$v":"Stop Screen Reader?"},{"$i":"screenReader-confirm-description-stop","$v":"Stopping the screen reader will end all speech feedback."},{"$i":"screenReader-confirm-button-stop","$v":"Stop"},{"$i":"colorFilter-invert","$v":"Invert"},{"$i":"colorFilter-grayscale","$v":"Grayscale"},{"$i":"colorFilter-contrast","$v":"Contrast"},{"$i":"improveBrowserOS","$v":["Improve ",{"t":"idOrVar","v":"brandShortName"}],"ariaLabel":{"$v":["Improve ",{"t":"idOrVar","v":"brandShortName"}]}},{"$i":"improveBrowserOSTitle","$v":["Improve ",{"t":"idOrVar","v":"brandShortName"}]},{"$i":"sendMozillaFeedback","$v":"Send Mozilla Feedback"},{"$i":"performanceAndUsageData","$v":"Performance and Usage Data"},{"$i":"sharePerformanceAndUsageData","$v":"Submit data"},{"$i":"appUsageByRegion","$v":"App usage by region"},{"$i":"crashReports","$v":"Crash Reports"},{"$i":"crashReports-header","$v":[{"t":"idOrVar","v":"crashReports"}]},{"$i":"crashReportInfo","$v":"Sending Mozilla a report when a crash occurs helps us fix the problem for everyone. Reports are sent over Wi-Fi only."},{"$i":"alwaysSendReport","$v":"Always send a report"},{"$i":"neverSendReport","$v":"Never send a report"},{"$i":"askToSendReport2","$v":"Ask each time"},{"$i":"crash-reports-description-1","$v":"A crash report contains some details about the crash and your device, as well as a snapshot of the state of your device when it crashed."},{"$i":"crash-reports-description-2","$v":"This may include things like open pages and apps, text typed into forms and the content of open messages, recent browsing history, or geolocation used by an open app."},{"$i":"crash-reports-description-3-start","$v":"We use crash reports to try to fix problems and improve our products. We handle your information as we describe in our "},{"$i":"crash-reports-description-3-privacy","$v":"privacy policy"},{"$i":"crash-reports-description-3-end","$v":"."},{"$i":"sendFeedbackTitle","$v":"Submit Your Feedback"},{"$i":"feedback-description","$v":"Your feedback will help us to improve Firefox OS."},{"$i":"feedback-happy","$v":"Happy"},{"$i":"feedback-sad","$v":"Sad"},{"$i":"feedback-mood-description","$v":"How do you feel?"},{"$i":"feedback_whyfeel_happy","$v":"Why do you feel happy?"},{"$i":"feedback_whyfeel_sad","$v":"Why do you feel sad?"},{"$i":"feedback-mood-explain","$v":"Please tell us in detail."},{"$i":"feedback-public-description","$v":"The content of your feedback will be public, so please be sure not include any personal information."},{"$i":"feedback-contactyou","$v":"Check here to let us contact you from your email."},{"$i":"email-address1","$v":"Email address:"},{"$i":"email-keepprivate","$v":"Don’t worry. Your email will always be kept private."},{"$i":"feedback-sendbtn","$v":"Send Feedback"},{"$i":"feedback-errormessage-connect-error","$v":"Sorry, the system can’t send your suggestion due to a data connection error. Please try again when the issue is resolved."},{"$i":"feedback-errormessage-server-off","$v":"Sorry, the system can’t send your suggestion because the server shut down. Please wait a moment and try again."},{"$i":"feedback-errormessage-timeout","$v":"Sorry, the system can’t send your suggestion because of a timeout. Please restart and try again."},{"$i":"feedback-errormessage-wrong-email","$v":"Sorry, the system can’t send your suggestion because the email address is missing or due to a formatting error. Please use a valid email address and try again."},{"$i":"feedback-errormessage-empty-comment","$v":"Sorry, the system can’t send your suggestion because the comment field is empty. Please enter some text and try again."},{"$i":"feedback-complete-msg","$v":"Thanks for the feedback! We use it to help create better experiences in future releases of Firefox OS."},{"$i":"feedback-errormessage-unknown-error","$v":"Something went wrong. Please try again."},{"$i":"online-support","$v":"Online support:"},{"$i":"call-support","$v":"Call support:"},{"$i":"user-guide","$v":"User Guide"},{"$i":"default-support","$v":"Please contact your local provider for support."},{"$i":"operatorServices","$v":"Operator Services"},{"$i":"operatorServices-help","$v":"Help"},{"$i":"operatorServices-helpmenu","$v":"Help menu"},{"$i":"stkAppsNotAvailable","$v":"SIM card applications not available."},{"$i":"simToolkit","$v":"SIM toolkit"},{"$i":"stkItemsNaiSetUpCall","$v":"Set Up Call"},{"$i":"stkItemsNaiSendSs","$v":"Send SS"},{"$i":"stkItemsNaiSendUssd","$v":"Send USSD"},{"$i":"stkItemsNaiSendSms","$v":"Send SMS"},{"$i":"stkItemsNaiSendDtmf","$v":"Send DTMF"},{"$i":"stkItemsNaiLaunchBrowser","$v":"Launch Browser"},{"$i":"stkItemsNaiPlayTone","$v":"Play Tone"},{"$i":"stkItemsNaiDisplayText","$v":"Display Text"},{"$i":"stkItemsNaiGetInkey","$v":"Get Inkey"},{"$i":"stkItemsNaiGetInput","$v":"Get Input"},{"$i":"stkItemsNaiSelectItem","$v":"Select Item"},{"$i":"stkItemsNaiSetUpMenu","$v":"Set Up Menu"},{"$i":"stkItemsNaiProvideLocalInfo","$v":"Provide Local Info"},{"$i":"stkItemsNaiSetIdleModeText","$v":"Set Idle Mode Text"},{"$i":"stkItemsNaiPerformCardApdu","$v":"Perform Card APDU"},{"$i":"stkItemsNaiPowerOnCard","$v":"Power On Card"},{"$i":"stkItemsNaiPowerOffCard","$v":"Power Off Card"},{"$i":"stkItemsNaiGetReaderStatus","$v":"Get Reader Status"},{"$i":"stkItemsNaiOpenChannel","$v":"Open Channel"},{"$i":"stkItemsNaiCloseChannel","$v":"Close Channel"},{"$i":"stkItemsNaiReceiveData","$v":"Receive Data"},{"$i":"stkItemsNaiSendData","$v":"Send Data"},{"$i":"stkItemsNaiGetChannelStatus","$v":"Get Channel Status"},{"$i":"stkItemsNaiEndOfTheProactiveSession","$v":"End of the proactive session"},{"$i":"stkEntry","ariaLabel":{"$v":[{"t":"idOrVar","v":"title"}]}},{"$i":"is-warning-storage-header","$v":"USB storage"},{"$i":"is-warning-tethering-header","$v":"USB tethering"},{"$i":"is-warning-wifi-header","$v":"Wi-Fi hotspot"},{"$i":"is-warning-storage-tethering-message","$v":"Enabling USB storage will disable USB tethering. Do you want to enable USB storage?"},{"$i":"is-warning-tethering-storage-message","$v":"Enabling USB tethering will disable USB storage. Do you want to enable USB tethering?"},{"$i":"is-warning-tethering-wifi-message","$v":"Enabling USB tethering will disable Wi-Fi hotspot. Do you want to enable USB tethering?"},{"$i":"is-warning-wifi-tethering-message","$v":"Enabling Wi-Fi hotspot will disable USB tethering. Do you want to enable Wi-Fi hotspot?"},{"$i":"settings-dialog-alert","$v":"Alert"},{"$i":"settings-dialog-confirm","$v":"Confirm"},{"$i":"settings-dialog-prompt","$v":"Prompt"},{"$i":"settings-alert-dialog-header","$v":[{"t":"idOrVar","v":"settings-dialog-alert"}]},{"$i":"settings-confirm-dialog-header","$v":[{"t":"idOrVar","v":"settings-dialog-confirm"}]},{"$i":"settings-prompt-dialog-header","$v":[{"t":"idOrVar","v":"settings-dialog-prompt"}]},{"$i":"accessible-app-icon","ariaLabel":{"$v":["Icon for ",{"t":"idOrVar","v":"appName"}," app"]}},{"$i":"addon","$v":"Add-on"},{"$i":"addons","$v":"Add-ons","ariaLabel":"Add-ons"},{"$i":"addons-header","$v":[{"t":"idOrVar","v":"addons"}]},{"$i":"addon-details-header1","$v":[{"t":"idOrVar","v":"appName"}]},{"$i":"addon-enable","$v":"Enable Add-on"},{"$i":"addon-description-header","$v":"Description"},{"$i":"addon-developer-name","$v":[{"t":"idOrVar","v":"developerName"}]},{"$i":"addon-targets","$v":"Affected Apps"},{"$i":"addon-options","$v":"Options"},{"$i":"addon-delete","$v":"Delete Add-on"},{"$i":"addon-share","$v":"Share Add-on"},{"$i":"addon-share-no-provider","$v":"No sharing app available"},{"$i":"addon-no-description","$v":"This add-on does not include a description in its manifest file."},{"$i":"addon-no-targets","$v":"This add-on does not affect any installed apps."},{"$i":"addon-restart-apps-to-disable","$v":"Add-on disabled; restart affected apps."},{"$i":"addon-reboot-required","$v":"This add-on affected system apps; you must reboot your device to fully disable it."},{"$i":"addon-rename","$v":"Rename"},{"$i":"addon-rename-input","$v":"Enter add-on name"},{"$i":"addon-rename-desc","$v":"Change the name of your add-on"},{"$i":"achievements","$v":"Achievements","ariaLabel":"achievements"},{"$i":"achievements-customize-champ-name","$v":"Customize Champ"},{"$i":"achievements-customize-champ-description","$v":"Open Customizer in an app"},{"$i":"achievements-add-on-all-star-name","$v":"Add-on All-Star"},{"$i":"achievements-add-on-all-star-description","$v":"Use Customizer to create your own add-on"},{"$i":"achievements-fab-finder-name","$v":"Fab Finder"},{"$i":"achievements-fab-finder-description","$v":"Install an app or add-on from Hackerplace"},{"$i":"achievements-content-commander-name","$v":"Content Commander"},{"$i":"achievements-content-commander-description","$v":"Submit an app or add-on to Hackerplace"},{"$i":"achievements-sharing-is-caring-name","$v":"Sharing is Caring"},{"$i":"achievements-sharing-is-caring-description","$v":"Share your apps and add-ons with the Sharing app"},{"$i":"achievements-creative-kind-name","$v":"Creative Kind"},{"$i":"achievements-creative-kind-description","$v":"Use Theme Editor to create a new theme"},{"$i":"service-workers-interception","$v":"Intercept requests"},{"$i":"service-workers-testing","$v":"Allow over HTTP"},{"$i":"addButton","ariaLabel":"Add"},{"$i":"closeButton","ariaLabel":"Close"},{"$i":"changeWallpaperButton","ariaLabel":"Change wallpaper"},{"$i":"editButton","ariaLabel":"Edit"},{"$i":"wifiSection","ariaLabel":"Wi-Fi"},{"$i":"simManagerSection","ariaLabel":"SIM Manager"},{"$i":"callSettingsSection","ariaLabel":"Call Settings"},{"$i":"messagingSettingsSection","ariaLabel":"Messaging Settings"},{"$i":"cellularAndDataSection","ariaLabel":"Cellular & Data"},{"$i":"bluetoothSection","ariaLabel":"Bluetooth"},{"$i":"internetSharingSection","ariaLabel":"Internet Sharing"},{"$i":"dateAndTimeSection","ariaLabel":"Date & Time"},{"$i":"languageSection","ariaLabel":"Language"},{"$i":"keyboardsSection","ariaLabel":"Keyboards"},{"$i":"fxa-accountsSection","ariaLabel":"Firefox Accounts"},{"$i":"findmydeviceSection","ariaLabel":"Find My Device"},{"$i":"screenLockSection","ariaLabel":"Screen Lock"},{"$i":"simSecuritySection","ariaLabel":"SIM Security"},{"$i":"doNotTrackSection","ariaLabel":"Do Not Track"},{"$i":"privacySection","ariaLabel":"Privacy Controls"},{"$i":"enableStorageSection","ariaLabel":"USB storage"},{"$i":"mediaStorageSection","ariaLabel":"Media Storage"},{"$i":"appStorageSection","ariaLabel":"Application Storage"},{"$i":"batterySection","ariaLabel":"Battery"},{"$i":"internetSharing-usb-desc","$v":"Share my phone’s Internet connection with a USB-connected device."},{"$i":"internetSharing-wifi-desc","$v":"Allow other devices to share my phone’s Internet connection by connecting via Wi-Fi."},{"$i":"unplayable-ringtone","$v":"The ringtone was not changed because the selected file can not be played on this phone."},{"$i":"findmydevice-signup-description","$v":"Find My Device allows you to locate, lock or erase your phone"},{"$i":"findmydevice-settings-description","$v":"Find My Device allows you to locate, lock or erase your phone from a web site:"},{"$i":"findmydevice-active-tracking","$v":"Your phone is being tracked by another device through the website."},{"$i":"findmydevice-not-tracking","$v":"No devices are actively tracking your phone through the website."},{"$i":"ums-confirm","$v":"Enabling USB storage allows another computer or device connected using USB to access files on this phone."},{"$i":"reset-device","$v":"Reset Phone"},{"$i":"reset-warning-body","$v":"Resetting will erase all your data, including any apps you’ve purchased. The phone will be restored to its factory condition. None of your settings or data will be saved."},{"$i":"reset-devtools-warning-body","$v":"Resetting will erase all your data, including any apps you’ve purchased. None of your settings or data will be saved. But your phone will have unrestricted developer tools, allowing you to modify and debug system applications."},{"$i":"unreset-devtools-warning-body","$v":"Resetting will erase all your data, including any apps you’ve purchased. None of your settings or data will be saved. Your phone will no longer have unrestricted developer tools. You will no longer be able to to modify or debug system applications."},{"$i":"powerSave-explanation","$v":"Turning on power save mode turns off the phone’s data, Bluetooth and Geolocation connections to extend battery life. You can still turn these services back on manually."},{"$i":"performanceAndUsageDataInfo","$v":["Help us improve ",{"t":"idOrVar","v":"brandShortName"}," by sharing data about your phone and the way you use it."]},{"$i":"device-status-connected-device","$v":"Connected to phone audio"},{"$i":"device-status-connected-device-media","$v":"Connected to phone/media audio"}]