[{"$i":"title","$v":"Ķḗḗẏƀǿǿȧȧřḓ"},{"$i":"settingsPageTitle","$v":"Ɓŭŭīīŀŧ-īīƞ Ķḗḗẏƀǿǿȧȧřḓ"},{"$i":"ok","$v":"ǾǿĶ"},{"$i":"keyboardSettings","$v":"Ķḗḗẏƀǿǿȧȧřḓ şḗḗŧŧīīƞɠş"},{"$i":"cancel","$v":"Ƈȧȧƞƈḗḗŀ"},{"$i":"delete","$v":"Ḓḗḗŀḗḗŧḗḗ"},{"$i":"vibration","$v":"Ṽīīƀřȧȧŧīīǿǿƞ"},{"$i":"clickSound","$v":"Ƈŀīīƈķ şǿǿŭŭƞḓ"},{"$i":"autoCorrect","$v":"Ȧȧŭŭŧǿǿ ƈǿǿřřḗḗƈŧīīǿǿƞ"},{"$i":"wordSuggestion","$v":"Ẇǿǿřḓ şŭŭɠɠḗḗşŧīīǿǿƞ"},{"$i":"userDictionary","$v":"Ŭŭşḗḗř ḓīīƈŧīīǿǿƞȧȧřẏ"},{"$i":"handwritingKeyboard","$v":"Ħȧȧƞḓẇřīīŧīīƞɠ"},{"$i":"strokeWidth","$v":"Şŧřǿǿķḗḗ Ẇīīḓŧħ"},{"$i":"responseSpeed","$v":"Řḗḗşƥǿǿƞşḗḗ Şƥḗḗḗḗḓ"},{"$i":"wordSuggestions2","ariaLabel":"Ẇǿǿřḓ şŭŭɠɠḗḗşŧīīǿǿƞş"},{"$i":"dismiss2","ariaLabel":"Ḓīīşḿīīşş"},{"$i":"alternateLayoutKey2","ariaLabel":"ḿǿǿřḗḗ ƞŭŭḿƀḗḗřş ȧȧƞḓ şẏḿƀǿǿŀş"},{"$i":"basicLayoutKey2","ariaLabel":"ŀḗḗŧŧḗḗřş"},{"$i":"upperCaseKey2","ariaLabel":"şħīīƒŧ"},{"$i":"backSpaceKey2","ariaLabel":"ḓḗḗŀḗḗŧḗḗ"},{"$i":"spaceKey2","ariaLabel":"şƥȧȧƈḗḗ"},{"$i":"returnKey2","ariaLabel":"řḗḗŧŭŭřƞ"},{"$i":"periodKey2","ariaLabel":"ƥḗḗřīīǿǿḓ"},{"$i":"commaKey2","ariaLabel":"ƈǿǿḿḿȧȧ"},{"$i":"colonKey2","ariaLabel":"ƈǿǿŀǿǿƞ"},{"$i":"semicolonKey2","ariaLabel":"şḗḗḿīīƈǿǿŀǿǿƞ"},{"$i":"questionMarkKey2","ariaLabel":"ɋŭŭḗḗşŧīīǿǿƞ ḿȧȧřķ"},{"$i":"exclamationPointKey2","ariaLabel":"ḗḗẋƈŀȧȧḿȧȧŧīīǿǿƞ ƥǿǿīīƞŧ"},{"$i":"leftBracketKey2","ariaLabel":"ŀḗḗƒŧ ƀřȧȧƈķḗḗŧ"},{"$i":"rightBracketKey2","ariaLabel":"řīīɠħŧ ƀřȧȧƈķḗḗŧ"},{"$i":"doubleQuoteKey2","ariaLabel":"ḓǿǿŭŭƀŀḗḗ ɋŭŭǿǿŧḗḗ"},{"$i":"leftDoubleAngleQuoteKey2","ariaLabel":"ŀḗḗƒŧ ḓǿǿŭŭƀŀḗḗ ȧȧƞɠŀḗḗ ɋŭŭǿǿŧḗḗ"},{"$i":"rightDoubleAngleQuoteKey2","ariaLabel":"řīīɠħŧ ḓǿǿŭŭƀŀḗḗ ȧȧƞɠŀḗḗ ɋŭŭǿǿŧḗḗ"},{"$i":"userDictionaryPanelHeader","$v":"Ŭŭşḗḗř Ḓīīƈŧīīǿǿƞȧȧřẏ"},{"$i":"userDictionaryNoWord","$v":"Ƞǿǿ ẇǿǿřḓş īīƞ ŧħḗḗ ŭŭşḗḗř ḓīīƈŧīīǿǿƞȧȧřẏ."},{"$i":"userDictionaryAddNow","$v":"Ȧȧḓḓ ȧȧ ẇǿǿřḓ ƞǿǿẇ."},{"$i":"userDictionaryAddButton","ariaLabel":"ȧȧḓḓ ẇǿǿřḓ"},{"$i":"userDictionaryAdd","$v":"Ȧȧḓḓ Ẇǿǿřḓ"},{"$i":"userDictionaryEdit","$v":"Ḗḗḓīīŧ Ẇǿǿřḓ"},{"$i":"userDictionarySaveButton","$v":"Şȧȧṽḗḗ"},{"$i":"userDictionaryDeleteButton","$v":"Ḓḗḗŀḗḗŧḗḗ"},{"$i":"userDictionaryDeletePrompt","$v":["Ḓḗḗŀḗḗŧḗḗ ẇǿǿřḓ “",{"t":"idOrVar","v":"word"},"”?"]},{"$i":"installed-keyboards-title","$v":"Īīƞşŧȧȧŀŀḗḗḓ Ķḗḗẏƀǿǿȧȧřḓş"},{"$i":"more-keyboards-title","$v":"Ḿǿǿřḗḗ Ķḗḗẏƀǿǿȧȧřḓş"},{"$i":"enablePrompt","$v":["Ḗḗƞȧȧƀŀḗḗ ",{"t":"idOrVar","v":"keyboard"}," ƞǿǿẇ?"]},{"$i":"enablePromptEnable","$v":"Ḗḗƞȧȧƀŀḗḗ"},{"$i":"enablePromptNotNow","$v":"Ƞǿǿŧ Ƞǿǿẇ"},{"$i":"dataConnectionPrompt","$v":"Ẇħḗḗƞ ŭŭşīīƞɠ ȧȧ ḓȧȧŧȧȧ ƈǿǿƞƞḗḗƈŧīīǿǿƞ, ȧȧḓḓīīŧīīǿǿƞȧȧŀ ƈǿǿşŧş ḿȧȧẏ ȧȧƥƥŀẏ. Ḓǿǿ ẏǿǿŭŭ ẇȧȧƞŧ ŧǿǿ ƈǿǿƞŧīīƞŭŭḗḗ?"},{"$i":"rememberMyChoice","$v":"Řḗḗḿḗḗḿƀḗḗř ḿẏ ƈħǿǿīīƈḗḗ"},{"$i":"dataConnectionPromptCancel","$v":"Ƈȧȧƞƈḗḗŀ"},{"$i":"dataConnectionPromptContinue","$v":"Ƈǿǿƞŧīīƞŭŭḗḗ"},{"$i":"downloadFailed","$v":"Ḓǿǿẇƞŀǿǿȧȧḓ ƒȧȧīīŀḗḗḓ."},{"$i":"removePrompt","$v":["Řḗḗḿǿǿṽḗḗ ķḗḗẏƀǿǿȧȧřḓ ",{"t":"idOrVar","v":"keyboard"},"?"]},{"$i":"removePromptRemove","$v":"Řḗḗḿǿǿṽḗḗ"},{"$i":"removePromptCancel","$v":"Ƈȧȧƞƈḗḗŀ"},{"$i":"preInstalledStatus","$v":[{"t":"idOrVar","v":"size"}," ",{"t":"idOrVar","v":"sizeUnit"}]},{"$i":"installableStatus","$v":[{"t":"idOrVar","v":"size"}," ",{"t":"idOrVar","v":"sizeUnit"}]},{"$i":"downloadingStatus","$v":["Ḓǿǿẇƞŀǿǿȧȧḓīīƞɠ… (",{"t":"idOrVar","v":"loadedSize"}," ",{"t":"idOrVar","v":"loadedSizeUnit"},"/",{"t":"idOrVar","v":"totalSize"}," ",{"t":"idOrVar","v":"totalSizeUnit"},")"]},{"$i":"installedStatus","$v":[{"t":"idOrVar","v":"size"}," ",{"t":"idOrVar","v":"sizeUnit"}]},{"$i":"removingStatus","$v":"Řḗḗḿǿǿṽīīƞɠ…"},{"$i":"downloadButton","ariaLabel":"ḓǿǿẇƞŀǿǿȧȧḓ"},{"$i":"cancelDownloadButton","ariaLabel":"ƈȧȧƞƈḗḗŀ ḓǿǿẇƞŀǿǿȧȧḓ"},{"$i":"removeButton","ariaLabel":"řḗḗḿǿǿṽḗḗ"},{"$i":"byteUnit-B","$v":"Ɓẏŧḗḗş"},{"$i":"byteUnit-KB","$v":"ĶƁ"},{"$i":"byteUnit-MB","$v":"ḾƁ"},{"$i":"byteUnit-GB","$v":"ƓƁ"}]