[{"$i":"topup-confirmation-title2","$v":"Usage"},{"$i":"topup-confirmation-message","$v":"Top-up confirmed"},{"$i":"topup-incorrectcode-title2","$v":"Usage"},{"$i":"topup-incorrectcode-message3","$v":"Incorrect top-up code entered."},{"$i":"updating","$v":"Updating"},{"$i":"updating-ellipsis","$v":"Updating…"},{"$i":"yesterday","$v":"Yesterday"},{"$i":"today","$v":"Today"},{"$i":"never","$v":"Never"},{"$i":"magnitude","$v":[{"t":"idOrVar","v":"value"}," ",{"t":"idOrVar","v":"unit"}]},{"$i":"currency","$v":[{"t":"idOrVar","v":"currency"},{"t":"idOrVar","v":"value"}]},{"$i":"widget","$v":"Usage Widget"},{"$i":"widget-authed-sim-heading","$v":["New ",{"t":"idOrVar","v":"provider"}," SIM inserted"]},{"$i":"widget-authed-sim-meta","$v":"Tap to track your phone and internet usage."},{"$i":"widget-nonauthed-sim-heading","$v":"New SIM inserted"},{"$i":"widget-nonauthed-sim-meta","$v":"Tap to track your internet usage."},{"$i":"widget-airplane-mode-heading","$v":"Airplane Mode"},{"$i":"widget-airplane-mode-meta","$v":"Please, turn off airplane mode to enable Usage."},{"$i":"widget-no-sim2-heading","$v":"No SIM inserted"},{"$i":"widget-no-sim2-meta","$v":"Insert a SIM to enable Usage."},{"$i":"widget-sim-locked-heading","$v":"Locked SIM card"},{"$i":"widget-sim-locked-meta","$v":"Unlock your SIM to enable Usage."},{"$i":"widget-unknown-heading","$v":"Error"},{"$i":"widget-unknown-meta","$v":"Please, make sure airplane mode is off."},{"$i":"fte","$v":"Usage First Time Experience"},{"$i":"fte-authed-sim","$v":"Save money by keeping track of your phone and internet usage."},{"$i":"fte-nonauthed-sim","$v":"Save money by keeping track of your internet usage."},{"$i":"fte-no-sim","$v":"Get clear information about how much internet you’re using."},{"$i":"fte-sim-info2","$v":"Information shown on Usage comes directly from this device. Check with your mobile service provider for detailed account information."},{"$i":"fte-plantype-title","$v":"Type of Contract"},{"$i":"fte-plantype-hint","$v":"Select the type of contract you have with your mobile service provider."},{"$i":"fte-prepaid2-title","$v":"Low Balance Alert"},{"$i":"fte-prepaid2-hint","$v":"Set an alert to avoid running out of credit."},{"$i":"fte-prepaid3-title","$v":"Data Report and Alert"},{"$i":"fte-prepaid3-hint","$v":"Receive reports about your Internet usage and set an alert to avoid using too much."},{"$i":"fte-postpaid2-title","$v":"Phone and Data Report"},{"$i":"fte-postpaid2-hint","$v":"Receive reports about your phone and Internet usage."},{"$i":"fte-postpaid3-title","$v":"Data Alert"},{"$i":"fte-postpaid3-hint","$v":"Set an alert to avoid using too much data."},{"$i":"fte-onlydata2-title","$v":"Data Report"},{"$i":"fte-onlydata2-hint","$v":"Receive reports about your internet usage."},{"$i":"fte-onlydata3-title","$v":"Data Alert"},{"$i":"fte-onlydata3-hint","$v":"Set an alert to avoid using too much data."},{"$i":"phone-activity","$v":"Phone Activity"},{"$i":"balance","$v":"Balance"},{"$i":"on-roaming-message2","$v":"Roaming: no automatic balance update. You might be charged for updating manually."},{"$i":"balance-error-message2","$v":"Balance didn’t update correctly. Try updating manually."},{"$i":"airplane-mode-error-message2","$v":"Turn off airplane mode to update your balance or top up."},{"$i":"disable-airplane-mode","$v":"Do you want to disable Airplane mode to update or top up?"},{"$i":"no-coverage-error-message2","$v":"You need phone coverage to update your balance or top up."},{"$i":"top-up","$v":"Top Up"},{"$i":"enter-top-up-code","$v":"Enter the top-up code"},{"$i":"top-up-code-explanation2","$v":"Find it on the scratch card or directly in your receipt."},{"$i":"wait-for-confirmation","$v":"You will receive a confirmation message"},{"$i":"incorrect-code2","$v":"Make sure the code is correct and try again."},{"$i":"topup-error2","$v":"There was a problem sending the code. Please, try again."},{"$i":"application-error-title","$v":"Service unavailable"},{"$i":"application-error-message","$v":"Contact your company representative"},{"$i":"service-unavailable-title","$v":"Service unavailable"},{"$i":"service-unavailable-message","$v":"Neither update nor top-up is possible at the moment. Please try later."},{"$i":"data-usage","$v":"Data usage"},{"$i":"update-button","$v":"Update"},{"$i":"topup-button2","$v":"Use top-up code"},{"$i":"topup-ussd-button2","$v":"Open top-up menu"},{"$i":"ok","$v":"OK"},{"$i":"top-up-in-progress2","$v":"Your top-up is being processed."},{"$i":"top-up-timed-out2","$v":"Update your balance to confirm. If balance is unchanged, try topping up again."},{"$i":"on-topup-not-confirmed-title","$v":"Top-up not confirmed"},{"$i":"on-topup-not-confirmed-message","$v":"Try updating your balance or retry top-up."},{"$i":"send","$v":"send"},{"$i":"plantype-setup-title","$v":"My phone and Internet plan is"},{"$i":"prepaid","$v":"Prepaid"},{"$i":"postpaid","$v":"Postpaid"},{"$i":"phoneactivity","$v":"Phone activity"},{"$i":"short-date-format","$v":"%b, %d"},{"$i":"long-date-format","$v":"%B %d, %Y"},{"$i":"sms-sent","$v":"SMS sent"},{"$i":"call-made","$v":"Calls made"},{"$i":"settings","$v":"Settings"},{"$i":"settings-button","ariaLabel":"Settings"},{"$i":"low-balance-alert","$v":"Low balance alert"},{"$i":"low-balance-explanation2","$v":"When balance is below"},{"$i":"phone-and-internet-data-report","$v":"Phone and Internet data report"},{"$i":"internet-data-report","$v":"Internet data report"},{"$i":"starting-on","$v":"Starting on"},{"$i":"cancel","$v":"Cancel"},{"$i":"monthly","$v":"Monthly"},{"$i":"weekly","$v":"Weekly"},{"$i":"monday","$v":"Monday"},{"$i":"tuesday","$v":"Tuesday"},{"$i":"wednesday","$v":"Wednesday"},{"$i":"thursday","$v":"Thursday"},{"$i":"friday","$v":"Friday"},{"$i":"saturday","$v":"Saturday"},{"$i":"sunday","$v":"Sunday"},{"$i":"billing-cycle-ends","$v":"Billing cycle ends"},{"$i":"tracking-will-reset","$v":"Tracking will reset on this date"},{"$i":"yes","$v":"Yes"},{"$i":"done","$v":"Done"},{"$i":"confirmation","$v":"Confirmation"},{"$i":"reset-wifi-confirmation-warning","$v":["Your current Wi-Fi data usage is ",{"t":"idOrVar","v":"wifiData"},". Clear it all?"]},{"$i":"reset-mobile-confirmation-warning","$v":["Your current mobile data usage is ",{"t":"idOrVar","v":"mobileData"},". Clear it all?"]},{"$i":"reset-all-confirmation-warning","$v":["Your current data usages are ",{"t":"idOrVar","v":"mobileData"}," on mobile, ",{"t":"idOrVar","v":"wifiData"}," on Wi-Fi. Clear it all?"]},{"$i":"reset-telephony-confirmation-warning","$v":"All current data will be deleted. Are you sure you want to reset?"},{"$i":"reset","$v":"Reset"},{"$i":"reset-wifi","$v":"Reset Wi-Fi usage"},{"$i":"reset-mobile","$v":"Reset mobile usage"},{"$i":"reset-all","$v":"Reset mobile & Wi-Fi data"},{"$i":"not-set","$v":"Not set"},{"$i":"used","$v":"Used"},{"$i":"limit-passed","$v":"Limit passed"},{"$i":"limit","$v":"Limit"},{"$i":"data-limit-header","$v":"Data usage limit"},{"$i":"data-limit-alert","$v":"Data use alert"},{"$i":"data-limit-value2","$v":"When use is above"},{"$i":"data-limit-dialog-title2","$v":"Enter a mobile data limit alert"},{"$i":"data-limit-dialog-explanation2","$v":"Connection speeds reduce after the limit is reached. Check with your data provider to set an appropriate alert level."},{"$i":"data-limit-input-label","ariaLabel":"Data limit"},{"$i":"wifi-usage","$v":"Wi-Fi usage"},{"$i":"mobile-usage","$v":"Mobile usage"},{"$i":"wifi-usage-settings","$v":"Wi-Fi usage"},{"$i":"mobile-usage-settings","$v":"Mobile usage"},{"$i":"im-prepaid","$v":"I’m Pre-paid"},{"$i":"im-postpaid","$v":"I’m Post-paid"},{"$i":"reset-data-usage","$v":"Reset data usage"},{"$i":"reset-report","$v":"Reset report"},{"$i":"next","$v":"Next"},{"$i":"back","$v":"Back"},{"$i":"lets-go","$v":"Let’s go!"},{"$i":"alert","$v":"Alert"},{"$i":"alert-limit","$v":"Alert Limit"},{"$i":"fte-welcome-title","$v":"Welcome"},{"$i":"data-limit-notification-title2","$v":[{"t":"idOrVar","v":"limit"}," of data used"]},{"$i":"data-limit-notification-text2","$v":"You’ve reached the limit you selected"},{"$i":"low-balance-notification-title","$v":"Low balance"},{"$i":"low-balance-notification-text","$v":[{"t":"idOrVar","v":"remaining"}," remaining phone credit"]},{"$i":"zero-balance-message","$v":"Balance has reached zero, no phone credit remaining."},{"$i":"not-available","$v":"Not available"},{"$i":"usage","$v":"Usage"},{"$i":"internet","$v":"Internet"},{"$i":"phone","$v":"Phone"},{"$i":"loading-interface-data","$v":"Loading interface data. Please retry in a while."},{"$i":"data-limit","$v":["Data Limit (",{"t":"idOrVar","v":"value"},")"]},{"$i":"data-available2","$v":{"zero":[{"t":"idOrVar","v":"value"}," ",{"t":"idOrVar","v":"unit"}," available"],"one":[{"t":"idOrVar","v":"value"}," ",{"t":"idOrVar","v":"unit"}," available"],"two":[{"t":"idOrVar","v":"value"}," ",{"t":"idOrVar","v":"unit"}," available"],"few":[{"t":"idOrVar","v":"value"}," ",{"t":"idOrVar","v":"unit"}," available"],"many":[{"t":"idOrVar","v":"value"}," ",{"t":"idOrVar","v":"unit"}," available"],"other":[{"t":"idOrVar","v":"value"}," ",{"t":"idOrVar","v":"unit"}," available"]},"$x":[{"t":"idOrVar","v":"plural"},"value"]},{"$i":"over-limit","$v":{"one":[{"t":"idOrVar","v":"value"}," ",{"t":"idOrVar","v":"unit"}," over limit"],"two":[{"t":"idOrVar","v":"value"}," ",{"t":"idOrVar","v":"unit"}," over limit"],"few":[{"t":"idOrVar","v":"value"}," ",{"t":"idOrVar","v":"unit"}," over limit"],"many":[{"t":"idOrVar","v":"value"}," ",{"t":"idOrVar","v":"unit"}," over limit"],"other":[{"t":"idOrVar","v":"value"}," ",{"t":"idOrVar","v":"unit"}," over limit"]},"$x":[{"t":"idOrVar","v":"plural"},"value"]},{"$i":"verbose-chart-date-format","$v":[{"t":"idOrVar","v":"em-month"}," ",{"t":"idOrVar","v":"monthday-number"}]},{"$i":"day-hour-format","$v":[{"t":"idOrVar","v":"day"},", ",{"t":"idOrVar","v":"time"}]},{"$i":"B","$v":"B"},{"$i":"KB","$v":"KB"},{"$i":"MB","$v":"MB"},{"$i":"GB","$v":"GB"},{"$i":"unit-MB","ariaLabel":"MB"},{"$i":"unit-GB","ariaLabel":"GB"},{"$i":"app-usage-list-header","$v":"Mobile usage per app"},{"$i":"app-usage-no-data","$v":"You have not used any mobile data yet. Usage for each application will show up here when you do."},{"$i":"data-used-since","$v":[{"t":"idOrVar","v":"amount"}," of data used since ",{"t":"idOrVar","v":"start-date"}]},{"$i":"data-used-this-week","$v":[{"t":"idOrVar","v":"amount"}," of data used this week"]},{"$i":"data-used-this-month","$v":[{"t":"idOrVar","v":"amount"}," of data used this month"]},{"$i":"data-usage-other-apps","$v":"Others"},{"$i":"data-usage-browser-app","$v":"Browser"},{"$i":"limit-layer-MB","ariaLabel":{"$v":["Limit of ",{"t":"idOrVar","v":"value"}," MB"]}},{"$i":"limit-layer-GB","ariaLabel":{"$v":["Limit of ",{"t":"idOrVar","v":"value"}," GB"]}},{"$i":"warning-layer","ariaLabel":{"$v":[{"t":"idOrVar","v":"value"}," left"]}},{"$i":"limit-exceeded-layer","ariaLabel":{"$v":["Exceeded by ",{"t":"idOrVar","v":"value"}]}},{"$i":"today-layer","ariaLabel":{"$v":["Today is ",{"t":"idOrVar","v":"today"}]}},{"$i":"axis-layer","ariaLabel":{"$v":["From ",{"t":"idOrVar","v":"from"}," to ",{"t":"idOrVar","v":"to"}]}}]