[{"$i":"messages","$v":"Ḿḗḗşşȧȧɠḗḗş"},{"$i":"deleteMessages-title","$v":"Ḓḗḗŀḗḗŧḗḗ ḿḗḗşşȧȧɠḗḗş"},{"$i":"selectThreads-title","$v":"Şḗḗŀḗḗƈŧ"},{"$i":"edit","$v":"Ḗḗḓīīŧ"},{"$i":"back","$v":"Ɓȧȧƈķ"},{"$i":"cancel","$v":"Ƈȧȧƞƈḗḗŀ"},{"$i":"undo","$v":"Ŭŭƞḓǿǿ"},{"$i":"done","$v":"Ḓǿǿƞḗḗ"},{"$i":"delete","$v":"Ḓḗḗŀḗḗŧḗḗ"},{"$i":"delete-thread","$v":"Ḓḗḗŀḗḗŧḗḗ ŧħřḗḗȧȧḓ"},{"$i":"mark-as-read","$v":"Ḿȧȧřķ ȧȧş řḗḗȧȧḓ"},{"$i":"mark-as-unread","$v":"Ḿȧȧřķ ȧȧş ŭŭƞřḗḗȧȧḓ"},{"$i":"deleting-messages","$v":"Ḓḗḗŀḗḗŧīīƞɠ…"},{"$i":"select-all","$v":"Şḗḗŀḗḗƈŧ ȧȧŀŀ"},{"$i":"deselect-all","$v":"Ḓḗḗşḗḗŀḗḗƈŧ ȧȧŀŀ"},{"$i":"selected-threads","$v":{"zero":"ƞǿǿƞḗḗ şḗḗŀḗḗƈŧḗḗḓ","one":[{"t":"idOrVar","v":"n"}," şḗḗŀḗḗƈŧḗḗḓ"],"two":[{"t":"idOrVar","v":"n"}," şḗḗŀḗḗƈŧḗḗḓ"],"few":[{"t":"idOrVar","v":"n"}," şḗḗŀḗḗƈŧḗḗḓ"],"many":[{"t":"idOrVar","v":"n"}," şḗḗŀḗḗƈŧḗḗḓ"],"other":[{"t":"idOrVar","v":"n"}," şḗḗŀḗḗƈŧḗḗḓ"]},"$x":[{"t":"idOrVar","v":"plural"},"n"]},{"$i":"selected-messages","$v":{"zero":"ƞǿǿƞḗḗ şḗḗŀḗḗƈŧḗḗḓ","one":[{"t":"idOrVar","v":"n"}," şḗḗŀḗḗƈŧḗḗḓ"],"two":[{"t":"idOrVar","v":"n"}," şḗḗŀḗḗƈŧḗḗḓ"],"few":[{"t":"idOrVar","v":"n"}," şḗḗŀḗḗƈŧḗḗḓ"],"many":[{"t":"idOrVar","v":"n"}," şḗḗŀḗḗƈŧḗḗḓ"],"other":[{"t":"idOrVar","v":"n"}," şḗḗŀḗḗƈŧḗḗḓ"]},"$x":[{"t":"idOrVar","v":"plural"},"n"]},{"$i":"selectThreads-label","$v":"Şḗḗŀḗḗƈŧ Ŧħřḗḗȧȧḓş"},{"$i":"selectMessages-label","$v":"Şḗḗŀḗḗƈŧ Ḿḗḗşşȧȧɠḗḗş"},{"$i":"settings","$v":"Şḗḗŧŧīīƞɠş"},{"$i":"add-subject","$v":"Ȧȧḓḓ şŭŭƀĵḗḗƈŧ"},{"$i":"remove-subject","$v":"Řḗḗḿǿǿṽḗḗ şŭŭƀĵḗḗƈŧ"},{"$i":"to","$v":"Ŧǿǿ:"},{"$i":"new","$v":"Ƞḗḗẇ"},{"$i":"message","$v":"Ḿḗḗşşȧȧɠḗḗ"},{"$i":"messagesInput","placeholder":"Ḿḗḗşşȧȧɠḗḗ"},{"$i":"messagesSubjectInput_placeholder","$v":"Şŭŭƀĵḗḗƈŧ"},{"$i":"converted-to-mms","$v":"Ƈǿǿƞṽḗḗřŧīīƞɠ ŧǿǿ ḿŭŭŀŧīīḿḗḗḓīīȧȧ ḿḗḗşşȧȧɠḗḗ."},{"$i":"converted-to-sms","$v":"Ƈǿǿƞṽḗḗřŧīīƞɠ ŧǿǿ ŧḗḗẋŧ ḿḗḗşşȧȧɠḗḗ."},{"$i":"messages-max-length-text","$v":"Ẏǿǿŭŭ’ṽḗḗ řḗḗȧȧƈħḗḗḓ ŧħḗḗ ḿȧȧẋīīḿŭŭḿ ŀḗḗƞɠŧħ."},{"$i":"messages-max-subject-length-text","$v":"Ḿȧȧẋīīḿŭŭḿ ŀḗḗƞɠŧħ ǿǿƒ şŭŭƀĵḗḗƈŧ řḗḗȧȧƈħḗḗḓ."},{"$i":"multimedia-message-exceeded-max-length","$v":["Ẏǿǿŭŭ’ṽḗḗ ḗḗẋƈḗḗḗḗḓḗḗḓ ŧħḗḗ ",{"t":"idOrVar","v":"mmsSize"}," ĶƁ şīīẑḗḗ ŀīīḿīīŧ ǿǿƒ ȧȧ şīīƞɠŀḗḗ ḿŭŭŀŧīīḿḗḗḓīīȧȧ ḿḗḗşşȧȧɠḗḗ. Řḗḗḿǿǿṽḗḗ ȧȧŧŧȧȧƈħḿḗḗƞŧş ǿǿř şħǿǿřŧḗḗƞ ŧħḗḗ ḿḗḗşşȧȧɠḗḗ ŧǿǿ şḗḗƞḓ īīŧ."]},{"$i":"newMessage","$v":"Ƞḗḗẇ ḿḗḗşşȧȧɠḗḗ"},{"$i":"sendMessage","$v":"Şḗḗƞḓ ḿḗḗşşȧȧɠḗḗ"},{"$i":"sendMMSToEmail","$v":"Şḗḗƞḓ ḿŭŭŀŧīīḿḗḗḓīīȧȧ ḿḗḗşşȧȧɠḗḗ"},{"$i":"no-recipient","$v":"(Ƞǿǿ řḗḗƈīīƥīīḗḗƞŧ)"},{"$i":"recipient","$v":{"one":[{"t":"idOrVar","v":"n"}," řḗḗƈīīƥīīḗḗƞŧ"],"two":[{"t":"idOrVar","v":"n"}," řḗḗƈīīƥīīḗḗƞŧş"],"few":[{"t":"idOrVar","v":"n"}," řḗḗƈīīƥīīḗḗƞŧş"],"many":[{"t":"idOrVar","v":"n"}," řḗḗƈīīƥīīḗḗƞŧş"],"other":[{"t":"idOrVar","v":"n"}," řḗḗƈīīƥīīḗḗƞŧş"]},"$x":[{"t":"idOrVar","v":"plural"},"n"]},{"$i":"attachmentSizeB","$v":[{"t":"idOrVar","v":"n"}," Ɓ"]},{"$i":"attachmentSizeKB","$v":[{"t":"idOrVar","v":"n"}," ĶƁ"]},{"$i":"attachmentSizeMB","$v":[{"t":"idOrVar","v":"n"}," ḾƁ"]},{"$i":"attachmentOpenError","$v":"Ŧħḗḗřḗḗ īīş ƞǿǿ ȧȧƥƥŀīīƈȧȧŧīīǿǿƞ ȧȧṽȧȧīīŀȧȧƀŀḗḗ ŧǿǿ ǿǿƥḗḗƞ ŧħīīş ƒīīŀḗḗ ŧẏƥḗḗ."},{"$i":"remove","$v":"Řḗḗḿǿǿṽḗḗ"},{"$i":"participant","$v":{"one":[{"t":"idOrVar","v":"n"}," ƥȧȧřŧīīƈīīƥȧȧƞŧ"],"two":[{"t":"idOrVar","v":"n"}," ƥȧȧřŧīīƈīīƥȧȧƞŧş"],"few":[{"t":"idOrVar","v":"n"}," ƥȧȧřŧīīƈīīƥȧȧƞŧş"],"many":[{"t":"idOrVar","v":"n"}," ƥȧȧřŧīīƈīīƥȧȧƞŧş"],"other":[{"t":"idOrVar","v":"n"}," ƥȧȧřŧīīƈīīƥȧȧƞŧş"]},"$x":[{"t":"idOrVar","v":"plural"},"n"]},{"$i":"message-report","$v":"Ḿḗḗşşȧȧɠḗḗ řḗḗƥǿǿřŧ"},{"$i":"message-type-sms","$v":"Ŧḗḗẋŧ Ḿḗḗşşȧȧɠḗḗ (ŞḾŞ)"},{"$i":"message-type-mms","$v":"Ḿŭŭŀŧīīḿḗḗḓīīȧȧ Ḿḗḗşşȧȧɠḗḗ (ḾḾŞ)"},{"$i":"sms-report-description","$v":["Ẏǿǿŭŭř Ŧḗḗẋŧ Ḿḗḗşşȧȧɠḗḗ (ŞḾŞ), ẇȧȧş şḗḗƞŧ ǿǿƞ ",{"t":"idOrVar","v":"datetime"}]},{"$i":"mms-report-description","$v":["Ẏǿǿŭŭř Ḿŭŭŀŧīīḿḗḗḓīīȧȧ Ḿḗḗşşȧȧɠḗḗ (ḾḾŞ), şŭŭƀĵḗḗƈŧ ",{"t":"idOrVar","v":"subject"},", ẇȧȧş şḗḗƞŧ ǿǿƞ ",{"t":"idOrVar","v":"datetime"}]},{"$i":"mms-no-subject-report-description","$v":["Ẏǿǿŭŭř Ḿŭŭŀŧīīḿḗḗḓīīȧȧ Ḿḗḗşşȧȧɠḗḗ (ḾḾŞ), ẇȧȧş şḗḗƞŧ ǿǿƞ ",{"t":"idOrVar","v":"datetime"}]},{"$i":"message-subject","$v":"Şŭŭƀĵḗḗƈŧ:"},{"$i":"report-status-error","$v":"Ḿḗḗşşȧȧɠḗḗ ƈǿǿŭŭŀḓ ƞǿǿŧ ƀḗḗ şḗḗƞŧ"},{"$i":"report-status-not-downloaded","$v":"ƞǿǿŧ ḓǿǿẇƞŀǿǿȧȧḓḗḗḓ"},{"$i":"report-status-delivered","$v":"Ḓḗḗŀīīṽḗḗřḗḗḓ:"},{"$i":"report-status-read","$v":"Řḗḗȧȧḓ:"},{"$i":"report-status-pending","$v":"Řḗḗƥǿǿřŧ řḗḗɋŭŭḗḗşŧḗḗḓ"},{"$i":"report-status-rejected","$v":"Ḿḗḗşşȧȧɠḗḗ řḗḗĵḗḗƈŧḗḗḓ"},{"$i":"message-size-was","$v":"Ḿḗḗşşȧȧɠḗḗ şīīẑḗḗ:"},{"$i":"report-to-title","$v":"Ŧǿǿ"},{"$i":"report-from-title","$v":"Ƒřǿǿḿ"},{"$i":"message-sent","$v":"Şḗḗƞŧ:"},{"$i":"message-sending","$v":[{"t":"idOrVar","v":"message-delivery-status-sending"}]},{"$i":"message-received","$v":"Řḗḗƈḗḗīīṽḗḗḓ:"},{"$i":"message-via","$v":"Ṽīīȧȧ:"},{"$i":"message-resend","$v":"Řḗḗşḗḗƞḓ"},{"$i":"search","$v":"Şḗḗȧȧřƈħ"},{"$i":"unknown-contact-title","$v":"Ŭŭƞķƞǿǿẇƞ Ƈǿǿƞŧȧȧƈŧ"},{"$i":"phone-type-separator","$v":", "},{"$i":"phone-carrier-separator","$v":" "},{"$i":"thread-participant-separator","$v":", "},{"$i":"replace-draft","$v":"Řḗḗƥŀȧȧƈḗḗ ḗḗẋīīşŧīīƞɠ Ḓřȧȧƒŧ"},{"$i":"save-as-draft","$v":"Şȧȧṽḗḗ ȧȧş Ḓřȧȧƒŧ"},{"$i":"delete-draft","$v":"Ḓḗḗŀḗḗŧḗḗ ḓřȧȧƒŧ"},{"$i":"discard-sms","$v":"Ȧȧřḗḗ ẏǿǿŭŭ şŭŭřḗḗ ẏǿǿŭŭ ẇȧȧƞŧ ŧǿǿ ḓīīşƈȧȧřḓ ŧħīīş ḿḗḗşşȧȧɠḗḗ?"},{"$i":"discard-new-message","$v":"Ḓīīşƈȧȧřḓ ŧħḗḗ ḿḗḗşşȧȧɠḗḗ ẏǿǿŭŭ’řḗḗ ƈǿǿḿƥǿǿşīīƞɠ ȧȧƞḓ ǿǿƥḗḗƞ ŧħḗḗ ƞḗḗẇ ḿḗḗşşȧȧɠḗḗ?"},{"$i":"resend-confirmation","$v":"Ŧħḗḗ ḿḗḗşşȧȧɠḗḗ ƈǿǿŭŭŀḓ ƞǿǿŧ ƀḗḗ şḗḗƞŧ. Ŧřẏ ȧȧɠȧȧīīƞ?"},{"$i":"resend-message","$v":"Řḗḗşḗḗƞḓ ŧħīīş ḿḗḗşşȧȧɠḗḗ"},{"$i":"deleteMessage-confirmation","$v":"Ḓḗḗŀḗḗŧḗḗ şḗḗŀḗḗƈŧḗḗḓ ḿḗḗşşȧȧɠḗḗ?"},{"$i":"deleteMessages-confirmation-message","$v":{"zero":"Ƥŀḗḗȧȧşḗḗ şḗḗŀḗḗƈŧ ḿḗḗşşȧȧɠḗḗş ŧǿǿ ƀḗḗ ḓḗḗŀḗḗŧḗḗḓ.","one":"Ḓḗḗŀḗḗŧḗḗ şḗḗŀḗḗƈŧḗḗḓ ḿḗḗşşȧȧɠḗḗ?","two":["Ḓḗḗŀḗḗŧḗḗ ",{"t":"idOrVar","v":"n"}," şḗḗŀḗḗƈŧḗḗḓ ḿḗḗşşȧȧɠḗḗş?"],"few":["Ḓḗḗŀḗḗŧḗḗ ",{"t":"idOrVar","v":"n"}," şḗḗŀḗḗƈŧḗḗḓ ḿḗḗşşȧȧɠḗḗş?"],"many":["Ḓḗḗŀḗḗŧḗḗ ",{"t":"idOrVar","v":"n"}," şḗḗŀḗḗƈŧḗḗḓ ḿḗḗşşȧȧɠḗḗş?"],"other":["Ḓḗḗŀḗḗŧḗḗ ",{"t":"idOrVar","v":"n"}," şḗḗŀḗḗƈŧḗḗḓ ḿḗḗşşȧȧɠḗḗş?"]},"$x":[{"t":"idOrVar","v":"plural"},"n"]},{"$i":"deleteThreads-confirmation-message","$v":{"zero":"Ƥŀḗḗȧȧşḗḗ şḗḗŀḗḗƈŧ ḿḗḗşşȧȧɠḗḗ ŧħřḗḗȧȧḓş ŧǿǿ ƀḗḗ ḓḗḗŀḗḗŧḗḗḓ.","one":"Ḓḗḗŀḗḗŧḗḗ şḗḗŀḗḗƈŧḗḗḓ ḿḗḗşşȧȧɠḗḗ ŧħřḗḗȧȧḓ?","two":["Ḓḗḗŀḗḗŧḗḗ ",{"t":"idOrVar","v":"n"}," şḗḗŀḗḗƈŧḗḗḓ ḿḗḗşşȧȧɠḗḗ ŧħřḗḗȧȧḓş?"],"few":["Ḓḗḗŀḗḗŧḗḗ ",{"t":"idOrVar","v":"n"}," şḗḗŀḗḗƈŧḗḗḓ ḿḗḗşşȧȧɠḗḗ ŧħřḗḗȧȧḓş?"],"many":["Ḓḗḗŀḗḗŧḗḗ ",{"t":"idOrVar","v":"n"}," şḗḗŀḗḗƈŧḗḗḓ ḿḗḗşşȧȧɠḗḗ ŧħřḗḗȧȧḓş?"],"other":["Ḓḗḗŀḗḗŧḗḗ ",{"t":"idOrVar","v":"n"}," şḗḗŀḗḗƈŧḗḗḓ ḿḗḗşşȧȧɠḗḗ ŧħřḗḗȧȧḓş?"]},"$x":[{"t":"idOrVar","v":"plural"},"n"]},{"$i":"new-message-notice-text","$v":"Ƞḗḗẇ ḿḗḗşşȧȧɠḗḗ ƒřǿǿḿ"},{"$i":"new-message-notice-a-text","$v":"Řḗḗȧȧḓ īīŧ"},{"$i":"noMessages-title","$v":"Ƞǿǿ ḿḗḗşşȧȧɠḗḗş"},{"$i":"noMessages-text","$v":"Şŧȧȧřŧ ƈǿǿḿḿŭŭƞīīƈȧȧŧīīƞɠ ƞǿǿẇ"},{"$i":"sendDefaultErrorTitle","$v":"Ḿḗḗşşȧȧɠḗḗ ƞǿǿŧ şḗḗƞŧ"},{"$i":"sendDefaultErrorBody","$v":"Ŧħḗḗřḗḗ ẇȧȧş ȧȧ ƥřǿǿƀŀḗḗḿ şḗḗƞḓīīƞɠ ŧħḗḗ ḿḗḗşşȧȧɠḗḗ. Ƥŀḗḗȧȧşḗḗ ŧřẏ ȧȧɠȧȧīīƞ."},{"$i":"sendDefaultErrorBtnOk","$v":"ǾǿĶ"},{"$i":"sendMissingSimCardTitle","$v":"Ḿīīşşīīƞɠ ŞĪīḾ ƈȧȧřḓ"},{"$i":"sendMissingSimCardBody","$v":"Īīƞşḗḗřŧ ȧȧ ṽȧȧŀīīḓ ŞĪīḾ ƈȧȧřḓ ŧǿǿ ƈǿǿƞŧīīƞŭŭḗḗ."},{"$i":"sendMissingSimCardBtnOk","$v":"ǾǿĶ"},{"$i":"sendFlightModeTitle","$v":"Ȧȧīīřƥŀȧȧƞḗḗ ḿǿǿḓḗḗ ȧȧƈŧīīṽȧȧŧḗḗḓ"},{"$i":"sendFlightModeBody","$v":"Ŧŭŭřƞ ǿǿƒƒ ȧȧīīřƥŀȧȧƞḗḗ ḿǿǿḓḗḗ ŧǿǿ şḗḗƞḓ ḿḗḗşşȧȧɠḗḗş."},{"$i":"sendFlightModeBtnOk","$v":"ǾǿĶ"},{"$i":"radioDisabledToDownloadTitle","$v":[{"t":"idOrVar","v":"sendFlightModeTitle"}]},{"$i":"radioDisabledToDownloadBody","$v":"Ŧŭŭřƞ ǿǿƒƒ ȧȧīīřƥŀȧȧƞḗḗ ḿǿǿḓḗḗ ŧǿǿ ḓǿǿẇƞŀǿǿȧȧḓ ȧȧŧŧȧȧƈħḿḗḗƞŧş."},{"$i":"radioDisabledToDownloadBtnOk","$v":[{"t":"idOrVar","v":"sendFlightModeBtnOk"}]},{"$i":"fdnErrorTitle","$v":"ƑḒȠ ȧȧƈŧīīṽḗḗ"},{"$i":"sms-counter-notice-label","$v":["Ḗḗḓīīŧīīƞɠ ŞḾŞ ",{"t":"idOrVar","v":"number"}]},{"$i":"fdnErrorBody","innerHTML":{"$v":{"one":"ƑḒȠ (Ƒīīẋḗḗḓ Ḓīīȧȧŀīīƞɠ Ƞŭŭḿƀḗḗřş) īīş ȧȧƈŧīīṽȧȧŧḗḗḓ. Ḿȧȧķḗḗ şŭŭřḗḗ ŧħḗḗ ŞḾŞ ƈḗḗƞŧḗḗř ȧȧƞḓ ŧħḗḗ ƒǿǿŀŀǿǿẇīīƞɠ řḗḗƈīīƥīīḗḗƞŧ ȧȧřḗḗ īīƞ ẏǿǿŭŭř ƑḒȠ ŀīīşŧ:","two":"ƑḒȠ (Ƒīīẋḗḗḓ Ḓīīȧȧŀīīƞɠ Ƞŭŭḿƀḗḗřş) īīş ȧȧƈŧīīṽȧȧŧḗḗḓ. Ḿȧȧķḗḗ şŭŭřḗḗ ŧħḗḗ ŞḾŞ ƈḗḗƞŧḗḗř ȧȧƞḓ ŧħḗḗ ƒǿǿŀŀǿǿẇīīƞɠ řḗḗƈīīƥīīḗḗƞŧş ȧȧřḗḗ īīƞ ẏǿǿŭŭř ƑḒȠ ŀīīşŧ:","few":"ƑḒȠ (Ƒīīẋḗḗḓ Ḓīīȧȧŀīīƞɠ Ƞŭŭḿƀḗḗřş) īīş ȧȧƈŧīīṽȧȧŧḗḗḓ. Ḿȧȧķḗḗ şŭŭřḗḗ ŧħḗḗ ŞḾŞ ƈḗḗƞŧḗḗř ȧȧƞḓ ŧħḗḗ ƒǿǿŀŀǿǿẇīīƞɠ řḗḗƈīīƥīīḗḗƞŧş ȧȧřḗḗ īīƞ ẏǿǿŭŭř ƑḒȠ ŀīīşŧ:","many":"ƑḒȠ (Ƒīīẋḗḗḓ Ḓīīȧȧŀīīƞɠ Ƞŭŭḿƀḗḗřş) īīş ȧȧƈŧīīṽȧȧŧḗḗḓ. Ḿȧȧķḗḗ şŭŭřḗḗ ŧħḗḗ ŞḾŞ ƈḗḗƞŧḗḗř ȧȧƞḓ ŧħḗḗ ƒǿǿŀŀǿǿẇīīƞɠ řḗḗƈīīƥīīḗḗƞŧş ȧȧřḗḗ īīƞ ẏǿǿŭŭř ƑḒȠ ŀīīşŧ:","other":"ƑḒȠ (Ƒīīẋḗḗḓ Ḓīīȧȧŀīīƞɠ Ƞŭŭḿƀḗḗřş) īīş ȧȧƈŧīīṽȧȧŧḗḗḓ. Ḿȧȧķḗḗ şŭŭřḗḗ ŧħḗḗ ŞḾŞ ƈḗḗƞŧḗḗř ȧȧƞḓ ŧħḗḗ ƒǿǿŀŀǿǿẇīīƞɠ řḗḗƈīīƥīīḗḗƞŧş ȧȧřḗḗ īīƞ ẏǿǿŭŭř ƑḒȠ ŀīīşŧ:"},"$x":[{"t":"idOrVar","v":"plural"},"n"]}},{"$i":"fdnErrorBtnOk","$v":"ǾǿĶ"},{"$i":"switchSimToRetrieveTitle","$v":"Şẇīīŧƈħ ḓȧȧŧȧȧ ƈǿǿƞƞḗḗƈŧīīǿǿƞ"},{"$i":"switchSimToRetrieveBody","$v":["Şẇīīŧƈħ ŧħḗḗ ḓȧȧŧȧȧ ƈǿǿƞƞḗḗƈŧīīǿǿƞ ŧǿǿ ŞĪīḾ ",{"t":"idOrVar","v":"nonActiveSimId"}," ŧǿǿ řḗḗŧřīīḗḗṽḗḗ ŧħḗḗ ḾḾŞ. Ŧħḗḗ ƈŭŭřřḗḗƞŧ ḓȧȧŧȧȧ ŧřȧȧƞşƒḗḗř ǿǿƞ ŞĪīḾ ",{"t":"idOrVar","v":"activeSimId"}," ẇīīŀŀ ƀḗḗ şŭŭşƥḗḗƞḓḗḗḓ. Ƈǿǿƞŧīīƞŭŭḗḗ ȧȧƞẏẇȧȧẏ?"]},{"$i":"switchSimToRetrieveBtnOk","$v":"Ŀȧȧŧḗḗř"},{"$i":"switchSimToRetrieveConfirm","$v":"ǾǿĶ"},{"$i":"switchSimToSendTitle","$v":[{"t":"idOrVar","v":"switchSimToRetrieveTitle"}]},{"$i":"switchSimToSendBody","$v":["Şẇīīŧƈħ ŧħḗḗ ḓȧȧŧȧȧ ƈǿǿƞƞḗḗƈŧīīǿǿƞ ŧǿǿ ŞĪīḾ ",{"t":"idOrVar","v":"nonActiveSimId"}," ŧǿǿ şḗḗƞḓ ŧħḗḗ ḾḾŞ. Ŧħḗḗ ƈŭŭřřḗḗƞŧ ḓȧȧŧȧȧ ŧřȧȧƞşƒḗḗř ǿǿƞ ŞĪīḾ ",{"t":"idOrVar","v":"activeSimId"}," ẇīīŀŀ ƀḗḗ şŭŭşƥḗḗƞḓḗḗḓ. Ƈǿǿƞŧīīƞŭŭḗḗ ȧȧƞẏẇȧȧẏ?"]},{"$i":"switchSimToSendBtnOk","$v":[{"t":"idOrVar","v":"switchSimToRetrieveBtnOk"}]},{"$i":"switchSimToSendConfirm","$v":[{"t":"idOrVar","v":"switchSimToRetrieveConfirm"}]},{"$i":"sendNoSignalErrorTitle","$v":"Ƞǿǿ ƞḗḗŧẇǿǿřķ ƈǿǿṽḗḗřȧȧɠḗḗ"},{"$i":"sendNoSignalErrorBody","$v":"Ḿȧȧķḗḗ şŭŭřḗḗ ẏǿǿŭŭ ħȧȧṽḗḗ ȧȧ ḿǿǿƀīīŀḗḗ şīīɠƞȧȧŀ ȧȧƞḓ ŧřẏ ȧȧɠȧȧīīƞ."},{"$i":"sendNoSignalErrorBtnOk","$v":"ǾǿĶ"},{"$i":"sendNotFoundErrorTitle","$v":"Ḿḗḗşşȧȧɠḗḗ ƞǿǿŧ ƒǿǿŭŭƞḓ"},{"$i":"sendNotFoundErrorBody","$v":"Ŧħḗḗ ḿḗḗşşȧȧɠḗḗ ẏǿǿŭŭ’řḗḗ ŀǿǿǿǿķīīƞɠ ƒǿǿř īīş ƞǿǿ ŀǿǿƞɠḗḗř ȧȧṽȧȧīīŀȧȧƀŀḗḗ."},{"$i":"sendNotFoundErrorBtnOk","$v":"ǾǿĶ"},{"$i":"sendInvalidAddressErrorTitle","$v":"Īīƞṽȧȧŀīīḓ ƞŭŭḿƀḗḗř"},{"$i":"sendInvalidAddressErrorBody","$v":"Ḿȧȧķḗḗ şŭŭřḗḗ ŧħḗḗ ḿǿǿƀīīŀḗḗ ƞŭŭḿƀḗḗř ẏǿǿŭŭ’řḗḗ şḗḗƞḓīīƞɠ ŧǿǿ īīş ṽȧȧŀīīḓ."},{"$i":"sendInvalidAddressErrorBtnOk","$v":"ǾǿĶ"},{"$i":"simNotMatchedErrorTitle","$v":"Ŭŭƞȧȧƀŀḗḗ ŧǿǿ ḓǿǿẇƞŀǿǿȧȧḓ"},{"$i":"simNotMatchedErrorBody","$v":"Ƥŀḗḗȧȧşḗḗ ḿȧȧķḗḗ şŭŭřḗḗ ŧħḗḗ ŞĪīḾ ƈȧȧřḓ īīƞşḗḗřŧḗḗḓ īīş ŧħḗḗ ǿǿƞḗḗ ŭŭşḗḗḓ ŧǿǿ řḗḗƈḗḗīīṽḗḗ ŧħīīş ḿḗḗşşȧȧɠḗḗ."},{"$i":"simNotMatchedErrorBtnOk","$v":"ǾǿĶ"},{"$i":"deleted-sms","$v":"Ŧħīīş ḿḗḗşşȧȧɠḗḗ ħȧȧş ȧȧŀřḗḗȧȧḓẏ ƀḗḗḗḗƞ ḓḗḗŀḗḗŧḗḗḓ."},{"$i":"view-attachment-image","$v":"Ṽīīḗḗẇ"},{"$i":"view-attachment-audio","$v":"Ŀīīşŧḗḗƞ"},{"$i":"view-attachment-video","$v":"Ṽīīḗḗẇ"},{"$i":"view-attachment-other","$v":"Ṽīīḗḗẇ"},{"$i":"remove-attachment-image","$v":"Řḗḗḿǿǿṽḗḗ īīḿȧȧɠḗḗ"},{"$i":"remove-attachment-audio","$v":"Řḗḗḿǿǿṽḗḗ ȧȧŭŭḓīīǿǿ"},{"$i":"remove-attachment-video","$v":"Řḗḗḿǿǿṽḗḗ ṽīīḓḗḗǿǿ"},{"$i":"remove-attachment-other","$v":"Řḗḗḿǿǿṽḗḗ ȧȧŧŧȧȧƈħḿḗḗƞŧ"},{"$i":"replace-attachment-image","$v":"Řḗḗƥŀȧȧƈḗḗ īīḿȧȧɠḗḗ"},{"$i":"replace-attachment-audio","$v":"Řḗḗƥŀȧȧƈḗḗ ȧȧŭŭḓīīǿǿ"},{"$i":"replace-attachment-video","$v":"Řḗḗƥŀȧȧƈḗḗ ṽīīḓḗḗǿǿ"},{"$i":"replace-attachment-other","$v":"Řḗḗƥŀȧȧƈḗḗ ȧȧŧŧȧȧƈħḿḗḗƞŧ"},{"$i":"unsent-message-title","$v":"Ŭŭƞşḗḗƞŧ Ḿḗḗşşȧȧɠḗḗ"},{"$i":"unsent-message-text","$v":"Ẏǿǿŭŭř ƥřḗḗṽīīǿǿŭŭş ḿḗḗşşȧȧɠḗḗ ẇȧȧş ƞǿǿŧ şḗḗƞŧ. Ḓǿǿ ẏǿǿŭŭ ẇȧȧƞŧ ŧǿǿ ḓīīşƈȧȧřḓ ŧħḗḗ ŭŭƞşḗḗƞŧ ḿḗḗşşȧȧɠḗḗ ȧȧƞḓ ƈǿǿƞŧīīƞŭŭḗḗ?"},{"$i":"unsent-message-option-edit","$v":"Ḗḗḓīīŧ"},{"$i":"unsent-message-option-discard","$v":"Ḓīīşƈȧȧřḓ"},{"$i":"message-options","$v":"Ḿḗḗşşȧȧɠḗḗ ǿǿƥŧīīǿǿƞş"},{"$i":"thread-options","$v":"Ŧħřḗḗȧȧḓ ǿǿƥŧīīǿǿƞş"},{"$i":"forward","$v":"Ƒǿǿřẇȧȧřḓ"},{"$i":"view-message-report","$v":"Ṽīīḗḗẇ ḿḗḗşşȧȧɠḗḗ řḗḗƥǿǿřŧ"},{"$i":"select-text","$v":"Şḗḗŀḗḗƈŧ ŧḗḗẋŧ"},{"$i":"mobile","$v":"Ḿǿǿƀīīŀḗḗ"},{"$i":"home","$v":"Ħǿǿḿḗḗ"},{"$i":"work","$v":"Ẇǿǿřķ"},{"$i":"personal","$v":"Ƥḗḗřşǿǿƞȧȧŀ"},{"$i":"faxHome","$v":"Ƒȧȧẋ ħǿǿḿḗḗ"},{"$i":"faxOffice","$v":"Ƒȧȧẋ ǿǿƒƒīīƈḗḗ"},{"$i":"faxOther","$v":"Ƒȧȧẋ ǿǿŧħḗḗř"},{"$i":"another","$v":"Ȧȧƞǿǿŧħḗḗř"},{"$i":"other","$v":"Ǿǿŧħḗḗř"},{"$i":"today","$v":"ŧǿǿḓȧȧẏ"},{"$i":"todayWithTime","$v":["ŧǿǿḓȧȧẏ ",{"t":"idOrVar","v":"time"}]},{"$i":"yesterday","$v":"ẏḗḗşŧḗḗřḓȧȧẏ"},{"$i":"yesterdayWithTime","$v":["ẏḗḗşŧḗḗřḓȧȧẏ ",{"t":"idOrVar","v":"time"}]},{"$i":"addToExistingContact","$v":"Ȧȧḓḓ ŧǿǿ ȧȧƞ ḗḗẋīīşŧīīƞɠ ƈǿǿƞŧȧȧƈŧ"},{"$i":"createNewContact","$v":"Ƈřḗḗȧȧŧḗḗ ƞḗḗẇ ƈǿǿƞŧȧȧƈŧ"},{"$i":"viewContact","$v":"Ṽīīḗḗẇ ƈǿǿƞŧȧȧƈŧ"},{"$i":"call","$v":"Ƈȧȧŀŀ"},{"$i":"sendEmail","$v":"Şḗḗƞḓ ḗḗḿȧȧīīŀ"},{"$i":"mms-message","$v":"ḾḾŞ ḿḗḗşşȧȧɠḗḗ"},{"$i":"notDownloaded-title","$v":"Ḿḗḗşşȧȧɠḗḗ īīş ƞǿǿŧ ḓǿǿẇƞŀǿǿȧȧḓḗḗḓ ẏḗḗŧ."},{"$i":"tobedownloaded-attachment","$v":["Ẏǿǿŭŭ řḗḗƈḗḗīīṽḗḗḓ ȧȧ ḿŭŭŀŧīīḿḗḗḓīīȧȧ ḿḗḗşşȧȧɠḗḗ. Ẏǿǿŭŭ ƈȧȧƞ ŭŭşḗḗ ŧħḗḗ ŀīīƞķ ƀḗḗŀǿǿẇ ŧǿǿ ḓǿǿẇƞŀǿǿȧȧḓ īīŧş ƈǿǿƞŧḗḗƞŧ ŭŭƞŧīīŀ ",{"t":"idOrVar","v":"date"},"."]},{"$i":"expired-attachment","$v":["Şǿǿřřẏ, ŧħḗḗ ḿḗḗşşȧȧɠḗḗ ḗḗẋƥīīřḗḗḓ ǿǿƞ ",{"t":"idOrVar","v":"date"}," ȧȧƞḓ ƈȧȧƞƞǿǿŧ ƀḗḗ ḓǿǿẇƞŀǿǿȧȧḓḗḗḓ."]},{"$i":"download-attachment","$v":"Ḓǿǿẇƞŀǿǿȧȧḓ"},{"$i":"downloading-attachment","$v":"Ḓǿǿẇƞŀǿǿȧȧḓīīƞɠ…"},{"$i":"unnamed-attachment","$v":"ŭŭƞŧīīŧŀḗḗḓ"},{"$i":"mms-label","$v":"ḾḾŞ"},{"$i":"attached-files-too-large","$v":{"zero":["Ŧħḗḗ ƒīīŀḗḗş ẏǿǿŭŭ ħȧȧṽḗḗ şḗḗŀḗḗƈŧḗḗḓ ḗḗẋƈḗḗḗḗḓ ŧħḗḗ ",{"t":"idOrVar","v":"mmsSize"}," ĶƁ şīīẑḗḗ ŀīīḿīīŧ ǿǿƒ ȧȧ şīīƞɠŀḗḗ ḿŭŭŀŧīīḿḗḗḓīīȧȧ ḿḗḗşşȧȧɠḗḗ."],"one":["Ŧħḗḗ ƒīīŀḗḗ ẏǿǿŭŭ ħȧȧṽḗḗ şḗḗŀḗḗƈŧḗḗḓ ḗḗẋƈḗḗḗḗḓş ŧħḗḗ ",{"t":"idOrVar","v":"mmsSize"}," ĶƁ şīīẑḗḗ ŀīīḿīīŧ ǿǿƒ ȧȧ şīīƞɠŀḗḗ ḿŭŭŀŧīīḿḗḗḓīīȧȧ ḿḗḗşşȧȧɠḗḗ."],"two":["Ŧħḗḗ ƒīīŀḗḗş ẏǿǿŭŭ ħȧȧṽḗḗ şḗḗŀḗḗƈŧḗḗḓ ḗḗẋƈḗḗḗḗḓ ŧħḗḗ ",{"t":"idOrVar","v":"mmsSize"}," ĶƁ şīīẑḗḗ ŀīīḿīīŧ ǿǿƒ ȧȧ şīīƞɠŀḗḗ ḿŭŭŀŧīīḿḗḗḓīīȧȧ ḿḗḗşşȧȧɠḗḗ."],"few":["Ŧħḗḗ ƒīīŀḗḗş ẏǿǿŭŭ ħȧȧṽḗḗ şḗḗŀḗḗƈŧḗḗḓ ḗḗẋƈḗḗḗḗḓ ŧħḗḗ ",{"t":"idOrVar","v":"mmsSize"}," ĶƁ şīīẑḗḗ ŀīīḿīīŧ ǿǿƒ ȧȧ şīīƞɠŀḗḗ ḿŭŭŀŧīīḿḗḗḓīīȧȧ ḿḗḗşşȧȧɠḗḗ."],"many":["Ŧħḗḗ ƒīīŀḗḗş ẏǿǿŭŭ ħȧȧṽḗḗ şḗḗŀḗḗƈŧḗḗḓ ḗḗẋƈḗḗḗḗḓ ŧħḗḗ ",{"t":"idOrVar","v":"mmsSize"}," ĶƁ şīīẑḗḗ ŀīīḿīīŧ ǿǿƒ ȧȧ şīīƞɠŀḗḗ ḿŭŭŀŧīīḿḗḗḓīīȧȧ ḿḗḗşşȧȧɠḗḗ."],"other":["Ŧħḗḗ ƒīīŀḗḗş ẏǿǿŭŭ ħȧȧṽḗḗ şḗḗŀḗḗƈŧḗḗḓ ḗḗẋƈḗḗḗḗḓ ŧħḗḗ ",{"t":"idOrVar","v":"mmsSize"}," ĶƁ şīīẑḗḗ ŀīīḿīīŧ ǿǿƒ ȧȧ şīīƞɠŀḗḗ ḿŭŭŀŧīīḿḗḗḓīīȧȧ ḿḗḗşşȧȧɠḗḗ."]},"$x":[{"t":"idOrVar","v":"plural"},"n"]},{"$i":"resize-image","$v":"Řḗḗşīīẑīīƞɠ ŧħḗḗ ȧȧŧŧȧȧƈħḗḗḓ īīḿȧȧɠḗḗ"},{"$i":"no-attachment-text","$v":"Ŧħḗḗřḗḗ īīş ȧȧ ƥřǿǿƀŀḗḗḿ ẇīīŧħ ŧħḗḗ ȧȧŧŧȧȧƈħḗḗḓ ƒīīŀḗḗ ȧȧƞḓ īīŧ ƈȧȧƞƞǿǿŧ ƀḗḗ ḓǿǿẇƞŀǿǿȧȧḓḗḗḓ."},{"$i":"message-draft-saved","$v":"Ḿḗḗşşȧȧɠḗḗ şȧȧṽḗḗḓ ȧȧş ḓřȧȧƒŧ"},{"$i":"sim-id-label","$v":["ŞĪīḾ ",{"t":"idOrVar","v":"id"}]},{"$i":"sim-detail","$v":["ŞĪīḾ ",{"t":"idOrVar","v":"id"},", ",{"t":"idOrVar","v":"detailString"}]},{"$i":"dsds-unknown-sim","$v":"ŭŭƞķƞǿǿẇƞ ŞĪīḾ"},{"$i":"dsds-notification-title-with-sim","$v":["(",{"t":"idOrVar","v":"sim"},") ",{"t":"idOrVar","v":"sender"}]},{"$i":"send-button","ariaLabel":"Şḗḗƞḓ"},{"$i":"send-button-sim-indication","$v":[{"t":"idOrVar","v":"n"}],"ariaLabel":{"$v":["ŭŭşīīƞɠ ŞĪīḾ ",{"t":"idOrVar","v":"n"}]}},{"$i":"attach-button","ariaLabel":"Ȧȧḓḓ ȧȧŧŧȧȧƈħḿḗḗƞŧ"},{"$i":"contact-photo","ariaLabel":"Ƈǿǿƞŧȧȧƈŧ ƥħǿǿŧǿǿ"},{"$i":"unread-thread","ariaLabel":"Ŭŭƞřḗḗȧȧḓ"},{"$i":"has-draft","ariaLabel":"Ħȧȧş ḓřȧȧƒŧ"},{"$i":"is-draft","ariaLabel":"Ḓřȧȧƒŧ"},{"$i":"actionsButton","ariaLabel":"Ȧȧƈŧīīǿǿƞş"},{"$i":"settingsButton","ariaLabel":"Şḗḗŧŧīīƞɠş"},{"$i":"composeLink","ariaLabel":"Ƞḗḗẇ ḿḗḗşşȧȧɠḗḗ"},{"$i":"callButton","ariaLabel":"Ƈȧȧŀŀ"},{"$i":"message-delivery-status-sending","$v":"Şḗḗƞḓīīƞɠ…"},{"$i":"message-delivery-status-delivered","ariaLabel":"Ḓḗḗŀīīṽḗḗřḗḗḓ"},{"$i":"message-delivery-status-read","ariaLabel":"Řḗḗȧȧḓ"},{"$i":"message-delivery-status-error","ariaLabel":"Ḗḗřřǿǿř"},{"$i":"modal-dialog-ok-button","$v":"ǾǿĶ"},{"$i":"modal-dialog-cancel-button","$v":"Ƈȧȧƞƈḗḗŀ"},{"$i":"modal-dialog-default-title","$v":"Ḿḗḗşşȧȧɠḗḗş"},{"$i":"weekday-0-long","$v":"Şŭŭƞḓȧȧẏ"},{"$i":"weekday-1-long","$v":"Ḿǿǿƞḓȧȧẏ"},{"$i":"weekday-2-long","$v":"Ŧŭŭḗḗşḓȧȧẏ"},{"$i":"weekday-3-long","$v":"Ẇḗḗḓƞḗḗşḓȧȧẏ"},{"$i":"weekday-4-long","$v":"Ŧħŭŭřşḓȧȧẏ"},{"$i":"weekday-5-long","$v":"Ƒřīīḓȧȧẏ"},{"$i":"weekday-6-long","$v":"Şȧȧŧŭŭřḓȧȧẏ"},{"$i":"weekday-0-short","$v":"Şŭŭƞ"},{"$i":"weekday-1-short","$v":"Ḿǿǿƞ"},{"$i":"weekday-2-short","$v":"Ŧŭŭḗḗ"},{"$i":"weekday-3-short","$v":"Ẇḗḗḓ"},{"$i":"weekday-4-short","$v":"Ŧħŭŭ"},{"$i":"weekday-5-short","$v":"Ƒřīī"},{"$i":"weekday-6-short","$v":"Şȧȧŧ"},{"$i":"month-0-long","$v":"Ĵȧȧƞŭŭȧȧřẏ"},{"$i":"month-1-long","$v":"Ƒḗḗƀřŭŭȧȧřẏ"},{"$i":"month-2-long","$v":"Ḿȧȧřƈħ"},{"$i":"month-3-long","$v":"Ȧȧƥřīīŀ"},{"$i":"month-4-long","$v":"Ḿȧȧẏ"},{"$i":"month-5-long","$v":"Ĵŭŭƞḗḗ"},{"$i":"month-6-long","$v":"Ĵŭŭŀẏ"},{"$i":"month-7-long","$v":"Ȧȧŭŭɠŭŭşŧ"},{"$i":"month-8-long","$v":"Şḗḗƥŧḗḗḿƀḗḗř"},{"$i":"month-9-long","$v":"Ǿǿƈŧǿǿƀḗḗř"},{"$i":"month-10-long","$v":"Ƞǿǿṽḗḗḿƀḗḗř"},{"$i":"month-11-long","$v":"Ḓḗḗƈḗḗḿƀḗḗř"},{"$i":"month-0-genitive","$v":"Ĵȧȧƞŭŭȧȧřẏ"},{"$i":"month-1-genitive","$v":"Ƒḗḗƀřŭŭȧȧřẏ"},{"$i":"month-2-genitive","$v":"Ḿȧȧřƈħ"},{"$i":"month-3-genitive","$v":"Ȧȧƥřīīŀ"},{"$i":"month-4-genitive","$v":"Ḿȧȧẏ"},{"$i":"month-5-genitive","$v":"Ĵŭŭƞḗḗ"},{"$i":"month-6-genitive","$v":"Ĵŭŭŀẏ"},{"$i":"month-7-genitive","$v":"Ȧȧŭŭɠŭŭşŧ"},{"$i":"month-8-genitive","$v":"Şḗḗƥŧḗḗḿƀḗḗř"},{"$i":"month-9-genitive","$v":"Ǿǿƈŧǿǿƀḗḗř"},{"$i":"month-10-genitive","$v":"Ƞǿǿṽḗḗḿƀḗḗř"},{"$i":"month-11-genitive","$v":"Ḓḗḗƈḗḗḿƀḗḗř"},{"$i":"month-0-short","$v":"Ĵȧȧƞ"},{"$i":"month-1-short","$v":"Ƒḗḗƀ"},{"$i":"month-2-short","$v":"Ḿȧȧř"},{"$i":"month-3-short","$v":"Ȧȧƥř"},{"$i":"month-4-short","$v":"Ḿȧȧẏ"},{"$i":"month-5-short","$v":"Ĵŭŭƞ"},{"$i":"month-6-short","$v":"Ĵŭŭŀ"},{"$i":"month-7-short","$v":"Ȧȧŭŭɠ"},{"$i":"month-8-short","$v":"Şḗḗƥ"},{"$i":"month-9-short","$v":"Ǿǿƈŧ"},{"$i":"month-10-short","$v":"Ƞǿǿṽ"},{"$i":"month-11-short","$v":"Ḓḗḗƈ"},{"$i":"minutes-ago-long","$v":{"zero":"ĵŭŭşŧ ƞǿǿẇ","one":"ȧȧ ḿīīƞŭŭŧḗḗ ȧȧɠǿǿ","two":[{"t":"idOrVar","v":"value"}," ḿīīƞŭŭŧḗḗş ȧȧɠǿǿ"],"few":[{"t":"idOrVar","v":"value"}," ḿīīƞŭŭŧḗḗş ȧȧɠǿǿ"],"many":[{"t":"idOrVar","v":"value"}," ḿīīƞŭŭŧḗḗş ȧȧɠǿǿ"],"other":[{"t":"idOrVar","v":"value"}," ḿīīƞŭŭŧḗḗş ȧȧɠǿǿ"]},"$x":[{"t":"idOrVar","v":"plural"},"value"]},{"$i":"hours-ago-long","$v":{"zero":"ĵŭŭşŧ ƞǿǿẇ","one":"ȧȧƞ ħǿǿŭŭř ȧȧɠǿǿ","two":[{"t":"idOrVar","v":"value"}," ħǿǿŭŭřş ȧȧɠǿǿ"],"few":[{"t":"idOrVar","v":"value"}," ħǿǿŭŭřş ȧȧɠǿǿ"],"many":[{"t":"idOrVar","v":"value"}," ħǿǿŭŭřş ȧȧɠǿǿ"],"other":[{"t":"idOrVar","v":"value"}," ħǿǿŭŭřş ȧȧɠǿǿ"]},"$x":[{"t":"idOrVar","v":"plural"},"value"]},{"$i":"days-ago-long","$v":{"zero":"ŧǿǿḓȧȧẏ","one":"ẏḗḗşŧḗḗřḓȧȧẏ","two":[{"t":"idOrVar","v":"value"}," ḓȧȧẏş ȧȧɠǿǿ"],"few":[{"t":"idOrVar","v":"value"}," ḓȧȧẏş ȧȧɠǿǿ"],"many":[{"t":"idOrVar","v":"value"}," ḓȧȧẏş ȧȧɠǿǿ"],"other":[{"t":"idOrVar","v":"value"}," ḓȧȧẏş ȧȧɠǿǿ"]},"$x":[{"t":"idOrVar","v":"plural"},"value"]},{"$i":"weeks-ago-long","$v":{"zero":"ŧħīīş ẇḗḗḗḗķ","one":"ŀȧȧşŧ ẇḗḗḗḗķ","two":[{"t":"idOrVar","v":"value"}," ẇḗḗḗḗķş ȧȧɠǿǿ"],"few":[{"t":"idOrVar","v":"value"}," ẇḗḗḗḗķş ȧȧɠǿǿ"],"many":[{"t":"idOrVar","v":"value"}," ẇḗḗḗḗķş ȧȧɠǿǿ"],"other":[{"t":"idOrVar","v":"value"}," ẇḗḗḗḗķş ȧȧɠǿǿ"]},"$x":[{"t":"idOrVar","v":"plural"},"value"]},{"$i":"months-ago-long","$v":{"zero":"ŧħīīş ḿǿǿƞŧħ","one":"ŀȧȧşŧ ḿǿǿƞŧħ","two":[{"t":"idOrVar","v":"value"}," ḿǿǿƞŧħş ȧȧɠǿǿ"],"few":[{"t":"idOrVar","v":"value"}," ḿǿǿƞŧħş ȧȧɠǿǿ"],"many":[{"t":"idOrVar","v":"value"}," ḿǿǿƞŧħş ȧȧɠǿǿ"],"other":[{"t":"idOrVar","v":"value"}," ḿǿǿƞŧħş ȧȧɠǿǿ"]},"$x":[{"t":"idOrVar","v":"plural"},"value"]},{"$i":"years-ago-long","$v":{"zero":"ŧħīīş ẏḗḗȧȧř","one":"ŀȧȧşŧ ẏḗḗȧȧř","two":[{"t":"idOrVar","v":"value"}," ẏḗḗȧȧřş ȧȧɠǿǿ"],"few":[{"t":"idOrVar","v":"value"}," ẏḗḗȧȧřş ȧȧɠǿǿ"],"many":[{"t":"idOrVar","v":"value"}," ẏḗḗȧȧřş ȧȧɠǿǿ"],"other":[{"t":"idOrVar","v":"value"}," ẏḗḗȧȧřş ȧȧɠǿǿ"]},"$x":[{"t":"idOrVar","v":"plural"},"value"]},{"$i":"minutes-until-long","$v":{"zero":"ƞǿǿẇ","one":"īīƞ ȧȧ ḿīīƞŭŭŧḗḗ","two":["īīƞ ",{"t":"idOrVar","v":"value"}," ḿīīƞŭŭŧḗḗş"],"few":["īīƞ ",{"t":"idOrVar","v":"value"}," ḿīīƞŭŭŧḗḗş"],"many":["īīƞ ",{"t":"idOrVar","v":"value"}," ḿīīƞŭŭŧḗḗş"],"other":["īīƞ ",{"t":"idOrVar","v":"value"}," ḿīīƞŭŭŧḗḗş"]},"$x":[{"t":"idOrVar","v":"plural"},"value"]},{"$i":"hours-until-long","$v":{"zero":"ƞǿǿẇ","one":"īīƞ ȧȧƞ ħǿǿŭŭř","two":["īīƞ ",{"t":"idOrVar","v":"value"}," ħǿǿŭŭřş"],"few":["īīƞ ",{"t":"idOrVar","v":"value"}," ħǿǿŭŭřş"],"many":["īīƞ ",{"t":"idOrVar","v":"value"}," ħǿǿŭŭřş"],"other":["īīƞ ",{"t":"idOrVar","v":"value"}," ħǿǿŭŭřş"]},"$x":[{"t":"idOrVar","v":"plural"},"value"]},{"$i":"days-until-long","$v":{"zero":"ŧǿǿḓȧȧẏ","one":"ŧǿǿḿǿǿřřǿǿẇ","two":["īīƞ ",{"t":"idOrVar","v":"value"}," ḓȧȧẏş"],"few":["īīƞ ",{"t":"idOrVar","v":"value"}," ḓȧȧẏş"],"many":["īīƞ ",{"t":"idOrVar","v":"value"}," ḓȧȧẏş"],"other":["īīƞ ",{"t":"idOrVar","v":"value"}," ḓȧȧẏş"]},"$x":[{"t":"idOrVar","v":"plural"},"value"]},{"$i":"weeks-until-long","$v":{"zero":"ŧħīīş ẇḗḗḗḗķ","one":"ƞḗḗẋŧ ẇḗḗḗḗķ","two":["īīƞ ",{"t":"idOrVar","v":"value"}," ẇḗḗḗḗķş"],"few":["īīƞ ",{"t":"idOrVar","v":"value"}," ẇḗḗḗḗķş"],"many":["īīƞ ",{"t":"idOrVar","v":"value"}," ẇḗḗḗḗķş"],"other":["īīƞ ",{"t":"idOrVar","v":"value"}," ẇḗḗḗḗķş"]},"$x":[{"t":"idOrVar","v":"plural"},"value"]},{"$i":"months-until-long","$v":{"zero":"ŧħīīş ḿǿǿƞŧħ","one":"ƞḗḗẋŧ ḿǿǿƞŧħ","two":["īīƞ ",{"t":"idOrVar","v":"value"}," ḿǿǿƞŧħş"],"few":["īīƞ ",{"t":"idOrVar","v":"value"}," ḿǿǿƞŧħş"],"many":["īīƞ ",{"t":"idOrVar","v":"value"}," ḿǿǿƞŧħş"],"other":["īīƞ ",{"t":"idOrVar","v":"value"}," ḿǿǿƞŧħş"]},"$x":[{"t":"idOrVar","v":"plural"},"value"]},{"$i":"years-until-long","$v":{"zero":"ŧħīīş ẏḗḗȧȧř","one":"ƞḗḗẋŧ ẏḗḗȧȧř","two":["īīƞ ",{"t":"idOrVar","v":"value"}," ẏḗḗȧȧřş"],"few":["īīƞ ",{"t":"idOrVar","v":"value"}," ẏḗḗȧȧřş"],"many":["īīƞ ",{"t":"idOrVar","v":"value"}," ẏḗḗȧȧřş"],"other":["īīƞ ",{"t":"idOrVar","v":"value"}," ẏḗḗȧȧřş"]},"$x":[{"t":"idOrVar","v":"plural"},"value"]},{"$i":"minutes-ago-short","$v":{"zero":"ĵŭŭşŧ ƞǿǿẇ","other":[{"t":"idOrVar","v":"value"},"ḿ ȧȧɠǿǿ"]},"$x":[{"t":"idOrVar","v":"plural"},"value"]},{"$i":"hours-ago-short","$v":{"zero":"ĵŭŭşŧ ƞǿǿẇ","other":[{"t":"idOrVar","v":"value"},"ħ ȧȧɠǿǿ"]},"$x":[{"t":"idOrVar","v":"plural"},"value"]},{"$i":"days-ago-short","$v":{"zero":"ŧǿǿḓȧȧẏ","other":[{"t":"idOrVar","v":"value"},"ḓ ȧȧɠǿǿ"]},"$x":[{"t":"idOrVar","v":"plural"},"value"]},{"$i":"minutes-until-short","$v":{"zero":"ƞǿǿẇ","other":["īīƞ ",{"t":"idOrVar","v":"value"},"ḿ"]},"$x":[{"t":"idOrVar","v":"plural"},"value"]},{"$i":"hours-until-short","$v":{"zero":"ƞǿǿẇ","other":["īīƞ ",{"t":"idOrVar","v":"value"},"ħ"]},"$x":[{"t":"idOrVar","v":"plural"},"value"]},{"$i":"days-until-short","$v":{"zero":"ŧǿǿḓȧȧẏ","other":["īīƞ ",{"t":"idOrVar","v":"value"},"ḓ"]},"$x":[{"t":"idOrVar","v":"plural"},"value"]},{"$i":"incorrectDate","$v":"(īīƞƈǿǿřřḗḗƈŧ ḓȧȧŧḗḗ)"},{"$i":"dateTimeFormat_%c","$v":"%a %b %e %Y %I:%M:%S %p"},{"$i":"dateTimeFormat_%x","$v":"%m/%d/%Y"},{"$i":"dateTimeFormat_%X","$v":"%I:%M:%S %p"},{"$i":"shortTimeFormat","$v":"%I:%M %p"},{"$i":"shortTimeFormat12","$v":"%I:%M %p"},{"$i":"shortTimeFormat24","$v":"%H:%M"},{"$i":"shortDateTimeFormat","$v":"%x %I:%M %p"},{"$i":"weekStartsOnMonday","$v":"0"},{"$i":"firstDayOfTheWeek","$v":"0"},{"$i":"time_am","$v":"ȦȧḾ"},{"$i":"time_pm","$v":"ƤḾ"},{"$i":"gaia-menu-cancel","$v":"Ƈȧȧƞƈḗḗŀ"},{"$i":"gaia-sim-picker-dial-via-with-number","$v":["Ḓīīȧȧŀ ",{"t":"idOrVar","v":"phoneNumber"}," ṽīīȧȧ"]},{"$i":"gaia-sim-picker-select-sim","$v":"Şḗḗŀḗḗƈŧ ŞĪīḾ"},{"$i":"gaia-sim-picker-button","$v":["ŞĪīḾ",{"t":"idOrVar","v":"n"}]},{"$i":"gaia-sim-picker-button-default","$v":"(ḓḗḗƒȧȧŭŭŀŧ)"}]