[{"$i":"messages","$v":"‮Wǝssɐƃǝs‬"},{"$i":"deleteMessages-title","$v":"‮pǝʅǝʇǝ‬ ‮ɯǝssɐƃǝs‬"},{"$i":"selectThreads-title","$v":"‮Sǝʅǝɔʇ‬"},{"$i":"edit","$v":"‮Ǝpıʇ‬"},{"$i":"back","$v":"‮Ԑɐɔʞ‬"},{"$i":"cancel","$v":"‮Ↄɐuɔǝʅ‬"},{"$i":"undo","$v":"‮∩upo‬"},{"$i":"done","$v":"‮pouǝ‬"},{"$i":"delete","$v":"‮pǝʅǝʇǝ‬"},{"$i":"delete-thread","$v":"‮pǝʅǝʇǝ‬ ‮ʇɥɹǝɐp‬"},{"$i":"mark-as-read","$v":"‮Wɐɹʞ‬ ‮ɐs‬ ‮ɹǝɐp‬"},{"$i":"mark-as-unread","$v":"‮Wɐɹʞ‬ ‮ɐs‬ ‮nuɹǝɐp‬"},{"$i":"deleting-messages","$v":"‮pǝʅǝʇıuƃ‬…"},{"$i":"select-all","$v":"‮Sǝʅǝɔʇ‬ ‮ɐʅʅ‬"},{"$i":"deselect-all","$v":"‮pǝsǝʅǝɔʇ‬ ‮ɐʅʅ‬"},{"$i":"selected-threads","$v":{"zero":"‮uouǝ‬ ‮sǝʅǝɔʇǝp‬","one":[{"t":"idOrVar","v":"n"}," ‮sǝʅǝɔʇǝp‬"],"two":[{"t":"idOrVar","v":"n"}," ‮sǝʅǝɔʇǝp‬"],"few":[{"t":"idOrVar","v":"n"}," ‮sǝʅǝɔʇǝp‬"],"many":[{"t":"idOrVar","v":"n"}," ‮sǝʅǝɔʇǝp‬"],"other":[{"t":"idOrVar","v":"n"}," ‮sǝʅǝɔʇǝp‬"]},"$x":[{"t":"idOrVar","v":"plural"},"n"]},{"$i":"selected-messages","$v":{"zero":"‮uouǝ‬ ‮sǝʅǝɔʇǝp‬","one":[{"t":"idOrVar","v":"n"}," ‮sǝʅǝɔʇǝp‬"],"two":[{"t":"idOrVar","v":"n"}," ‮sǝʅǝɔʇǝp‬"],"few":[{"t":"idOrVar","v":"n"}," ‮sǝʅǝɔʇǝp‬"],"many":[{"t":"idOrVar","v":"n"}," ‮sǝʅǝɔʇǝp‬"],"other":[{"t":"idOrVar","v":"n"}," ‮sǝʅǝɔʇǝp‬"]},"$x":[{"t":"idOrVar","v":"plural"},"n"]},{"$i":"selectThreads-label","$v":"‮Sǝʅǝɔʇ‬ ‮⊥ɥɹǝɐps‬"},{"$i":"selectMessages-label","$v":"‮Sǝʅǝɔʇ‬ ‮Wǝssɐƃǝs‬"},{"$i":"settings","$v":"‮Sǝʇʇıuƃs‬"},{"$i":"add-subject","$v":"‮∀pp‬ ‮snqɾǝɔʇ‬"},{"$i":"remove-subject","$v":"‮ᴚǝɯoʌǝ‬ ‮snqɾǝɔʇ‬"},{"$i":"to","$v":"‮⊥o‬:"},{"$i":"new","$v":"‮Nǝʍ‬"},{"$i":"message","$v":"‮Wǝssɐƃǝ‬"},{"$i":"messagesInput","placeholder":"‮Wǝssɐƃǝ‬"},{"$i":"messagesSubjectInput_placeholder","$v":"‮Snqɾǝɔʇ‬"},{"$i":"converted-to-mms","$v":"‮Ↄouʌǝɹʇıuƃ‬ ‮ʇo‬ ‮ɯnʅʇıɯǝpıɐ‬ ‮ɯǝssɐƃǝ‬."},{"$i":"converted-to-sms","$v":"‮Ↄouʌǝɹʇıuƃ‬ ‮ʇo‬ ‮ʇǝxʇ‬ ‮ɯǝssɐƃǝ‬."},{"$i":"messages-max-length-text","$v":"‮ʎon‬’‮ʌǝ‬ ‮ɹǝɐɔɥǝp‬ ‮ʇɥǝ‬ ‮ɯɐxıɯnɯ‬ ‮ʅǝuƃʇɥ‬."},{"$i":"messages-max-subject-length-text","$v":"‮Wɐxıɯnɯ‬ ‮ʅǝuƃʇɥ‬ ‮oɟ‬ ‮snqɾǝɔʇ‬ ‮ɹǝɐɔɥǝp‬."},{"$i":"multimedia-message-exceeded-max-length","$v":["‮ʎon‬’‮ʌǝ‬ ‮ǝxɔǝǝpǝp‬ ‮ʇɥǝ‬ ",{"t":"idOrVar","v":"mmsSize"}," ‮ӼԐ‬ ‮sızǝ‬ ‮ʅıɯıʇ‬ ‮oɟ‬ ‮ɐ‬ ‮sıuƃʅǝ‬ ‮ɯnʅʇıɯǝpıɐ‬ ‮ɯǝssɐƃǝ‬. ‮ᴚǝɯoʌǝ‬ ‮ɐʇʇɐɔɥɯǝuʇs‬ ‮oɹ‬ ‮sɥoɹʇǝu‬ ‮ʇɥǝ‬ ‮ɯǝssɐƃǝ‬ ‮ʇo‬ ‮sǝup‬ ‮ıʇ‬."]},{"$i":"newMessage","$v":"‮Nǝʍ‬ ‮ɯǝssɐƃǝ‬"},{"$i":"sendMessage","$v":"‮Sǝup‬ ‮ɯǝssɐƃǝ‬"},{"$i":"sendMMSToEmail","$v":"‮Sǝup‬ ‮ɯnʅʇıɯǝpıɐ‬ ‮ɯǝssɐƃǝ‬"},{"$i":"no-recipient","$v":"(‮No‬ ‮ɹǝɔıdıǝuʇ‬)"},{"$i":"recipient","$v":{"one":[{"t":"idOrVar","v":"n"}," ‮ɹǝɔıdıǝuʇ‬"],"two":[{"t":"idOrVar","v":"n"}," ‮ɹǝɔıdıǝuʇs‬"],"few":[{"t":"idOrVar","v":"n"}," ‮ɹǝɔıdıǝuʇs‬"],"many":[{"t":"idOrVar","v":"n"}," ‮ɹǝɔıdıǝuʇs‬"],"other":[{"t":"idOrVar","v":"n"}," ‮ɹǝɔıdıǝuʇs‬"]},"$x":[{"t":"idOrVar","v":"plural"},"n"]},{"$i":"attachmentSizeB","$v":[{"t":"idOrVar","v":"n"}," ‮Ԑ‬"]},{"$i":"attachmentSizeKB","$v":[{"t":"idOrVar","v":"n"}," ‮ӼԐ‬"]},{"$i":"attachmentSizeMB","$v":[{"t":"idOrVar","v":"n"}," ‮WԐ‬"]},{"$i":"attachmentOpenError","$v":"‮⊥ɥǝɹǝ‬ ‮ıs‬ ‮uo‬ ‮ɐddʅıɔɐʇıou‬ ‮ɐʌɐıʅɐqʅǝ‬ ‮ʇo‬ ‮odǝu‬ ‮ʇɥıs‬ ‮ɟıʅǝ‬ ‮ʇʎdǝ‬."},{"$i":"remove","$v":"‮ᴚǝɯoʌǝ‬"},{"$i":"participant","$v":{"one":[{"t":"idOrVar","v":"n"}," ‮dɐɹʇıɔıdɐuʇ‬"],"two":[{"t":"idOrVar","v":"n"}," ‮dɐɹʇıɔıdɐuʇs‬"],"few":[{"t":"idOrVar","v":"n"}," ‮dɐɹʇıɔıdɐuʇs‬"],"many":[{"t":"idOrVar","v":"n"}," ‮dɐɹʇıɔıdɐuʇs‬"],"other":[{"t":"idOrVar","v":"n"}," ‮dɐɹʇıɔıdɐuʇs‬"]},"$x":[{"t":"idOrVar","v":"plural"},"n"]},{"$i":"message-report","$v":"‮Wǝssɐƃǝ‬ ‮ɹǝdoɹʇ‬"},{"$i":"message-type-sms","$v":"‮⊥ǝxʇ‬ ‮Wǝssɐƃǝ‬ (‮SWS‬)"},{"$i":"message-type-mms","$v":"‮Wnʅʇıɯǝpıɐ‬ ‮Wǝssɐƃǝ‬ (‮WWS‬)"},{"$i":"sms-report-description","$v":["‮ʎonɹ‬ ‮⊥ǝxʇ‬ ‮Wǝssɐƃǝ‬ (‮SWS‬), ‮ʍɐs‬ ‮sǝuʇ‬ ‮ou‬ ",{"t":"idOrVar","v":"datetime"}]},{"$i":"mms-report-description","$v":["‮ʎonɹ‬ ‮Wnʅʇıɯǝpıɐ‬ ‮Wǝssɐƃǝ‬ (‮WWS‬), ‮snqɾǝɔʇ‬ ",{"t":"idOrVar","v":"subject"},", ‮ʍɐs‬ ‮sǝuʇ‬ ‮ou‬ ",{"t":"idOrVar","v":"datetime"}]},{"$i":"mms-no-subject-report-description","$v":["‮ʎonɹ‬ ‮Wnʅʇıɯǝpıɐ‬ ‮Wǝssɐƃǝ‬ (‮WWS‬), ‮ʍɐs‬ ‮sǝuʇ‬ ‮ou‬ ",{"t":"idOrVar","v":"datetime"}]},{"$i":"message-subject","$v":"‮Snqɾǝɔʇ‬:"},{"$i":"report-status-error","$v":"‮Wǝssɐƃǝ‬ ‮ɔonʅp‬ ‮uoʇ‬ ‮qǝ‬ ‮sǝuʇ‬"},{"$i":"report-status-not-downloaded","$v":"‮uoʇ‬ ‮poʍuʅoɐpǝp‬"},{"$i":"report-status-delivered","$v":"‮pǝʅıʌǝɹǝp‬:"},{"$i":"report-status-read","$v":"‮ᴚǝɐp‬:"},{"$i":"report-status-pending","$v":"‮ᴚǝdoɹʇ‬ ‮ɹǝbnǝsʇǝp‬"},{"$i":"report-status-rejected","$v":"‮Wǝssɐƃǝ‬ ‮ɹǝɾǝɔʇǝp‬"},{"$i":"message-size-was","$v":"‮Wǝssɐƃǝ‬ ‮sızǝ‬:"},{"$i":"report-to-title","$v":"‮⊥o‬"},{"$i":"report-from-title","$v":"‮ɟɹoɯ‬"},{"$i":"message-sent","$v":"‮Sǝuʇ‬:"},{"$i":"message-sending","$v":[{"t":"idOrVar","v":"message-delivery-status-sending"}]},{"$i":"message-received","$v":"‮ᴚǝɔǝıʌǝp‬:"},{"$i":"message-via","$v":"‮Ʌıɐ‬:"},{"$i":"message-resend","$v":"‮ᴚǝsǝup‬"},{"$i":"search","$v":"‮Sǝɐɹɔɥ‬"},{"$i":"unknown-contact-title","$v":"‮∩uʞuoʍu‬ ‮Ↄouʇɐɔʇ‬"},{"$i":"phone-type-separator","$v":", "},{"$i":"phone-carrier-separator","$v":" "},{"$i":"thread-participant-separator","$v":", "},{"$i":"replace-draft","$v":"‮ᴚǝdʅɐɔǝ‬ ‮ǝxısʇıuƃ‬ ‮pɹɐɟʇ‬"},{"$i":"save-as-draft","$v":"‮Sɐʌǝ‬ ‮ɐs‬ ‮pɹɐɟʇ‬"},{"$i":"delete-draft","$v":"‮pǝʅǝʇǝ‬ ‮pɹɐɟʇ‬"},{"$i":"discard-sms","$v":"‮∀ɹǝ‬ ‮ʎon‬ ‮snɹǝ‬ ‮ʎon‬ ‮ʍɐuʇ‬ ‮ʇo‬ ‮pısɔɐɹp‬ ‮ʇɥıs‬ ‮ɯǝssɐƃǝ‬?"},{"$i":"discard-new-message","$v":"‮pısɔɐɹp‬ ‮ʇɥǝ‬ ‮ɯǝssɐƃǝ‬ ‮ʎon‬’‮ɹǝ‬ ‮ɔoɯdosıuƃ‬ ‮ɐup‬ ‮odǝu‬ ‮ʇɥǝ‬ ‮uǝʍ‬ ‮ɯǝssɐƃǝ‬?"},{"$i":"resend-confirmation","$v":"‮⊥ɥǝ‬ ‮ɯǝssɐƃǝ‬ ‮ɔonʅp‬ ‮uoʇ‬ ‮qǝ‬ ‮sǝuʇ‬. ‮⊥ɹʎ‬ ‮ɐƃɐıu‬?"},{"$i":"resend-message","$v":"‮ᴚǝsǝup‬ ‮ʇɥıs‬ ‮ɯǝssɐƃǝ‬"},{"$i":"deleteMessage-confirmation","$v":"‮pǝʅǝʇǝ‬ ‮sǝʅǝɔʇǝp‬ ‮ɯǝssɐƃǝ‬?"},{"$i":"deleteMessages-confirmation-message","$v":{"zero":"‮Ԁʅǝɐsǝ‬ ‮sǝʅǝɔʇ‬ ‮ɯǝssɐƃǝs‬ ‮ʇo‬ ‮qǝ‬ ‮pǝʅǝʇǝp‬.","one":"‮pǝʅǝʇǝ‬ ‮sǝʅǝɔʇǝp‬ ‮ɯǝssɐƃǝ‬?","two":["‮pǝʅǝʇǝ‬ ",{"t":"idOrVar","v":"n"}," ‮sǝʅǝɔʇǝp‬ ‮ɯǝssɐƃǝs‬?"],"few":["‮pǝʅǝʇǝ‬ ",{"t":"idOrVar","v":"n"}," ‮sǝʅǝɔʇǝp‬ ‮ɯǝssɐƃǝs‬?"],"many":["‮pǝʅǝʇǝ‬ ",{"t":"idOrVar","v":"n"}," ‮sǝʅǝɔʇǝp‬ ‮ɯǝssɐƃǝs‬?"],"other":["‮pǝʅǝʇǝ‬ ",{"t":"idOrVar","v":"n"}," ‮sǝʅǝɔʇǝp‬ ‮ɯǝssɐƃǝs‬?"]},"$x":[{"t":"idOrVar","v":"plural"},"n"]},{"$i":"deleteThreads-confirmation-message","$v":{"zero":"‮Ԁʅǝɐsǝ‬ ‮sǝʅǝɔʇ‬ ‮ɯǝssɐƃǝ‬ ‮ʇɥɹǝɐps‬ ‮ʇo‬ ‮qǝ‬ ‮pǝʅǝʇǝp‬.","one":"‮pǝʅǝʇǝ‬ ‮sǝʅǝɔʇǝp‬ ‮ɯǝssɐƃǝ‬ ‮ʇɥɹǝɐp‬?","two":["‮pǝʅǝʇǝ‬ ",{"t":"idOrVar","v":"n"}," ‮sǝʅǝɔʇǝp‬ ‮ɯǝssɐƃǝ‬ ‮ʇɥɹǝɐps‬?"],"few":["‮pǝʅǝʇǝ‬ ",{"t":"idOrVar","v":"n"}," ‮sǝʅǝɔʇǝp‬ ‮ɯǝssɐƃǝ‬ ‮ʇɥɹǝɐps‬?"],"many":["‮pǝʅǝʇǝ‬ ",{"t":"idOrVar","v":"n"}," ‮sǝʅǝɔʇǝp‬ ‮ɯǝssɐƃǝ‬ ‮ʇɥɹǝɐps‬?"],"other":["‮pǝʅǝʇǝ‬ ",{"t":"idOrVar","v":"n"}," ‮sǝʅǝɔʇǝp‬ ‮ɯǝssɐƃǝ‬ ‮ʇɥɹǝɐps‬?"]},"$x":[{"t":"idOrVar","v":"plural"},"n"]},{"$i":"new-message-notice-text","$v":"‮Nǝʍ‬ ‮ɯǝssɐƃǝ‬ ‮ɟɹoɯ‬"},{"$i":"new-message-notice-a-text","$v":"‮ᴚǝɐp‬ ‮ıʇ‬"},{"$i":"noMessages-title","$v":"‮No‬ ‮ɯǝssɐƃǝs‬"},{"$i":"noMessages-text","$v":"‮Sʇɐɹʇ‬ ‮ɔoɯɯnuıɔɐʇıuƃ‬ ‮uoʍ‬"},{"$i":"sendDefaultErrorTitle","$v":"‮Wǝssɐƃǝ‬ ‮uoʇ‬ ‮sǝuʇ‬"},{"$i":"sendDefaultErrorBody","$v":"‮⊥ɥǝɹǝ‬ ‮ʍɐs‬ ‮ɐ‬ ‮dɹoqʅǝɯ‬ ‮sǝupıuƃ‬ ‮ʇɥǝ‬ ‮ɯǝssɐƃǝ‬. ‮Ԁʅǝɐsǝ‬ ‮ʇɹʎ‬ ‮ɐƃɐıu‬."},{"$i":"sendDefaultErrorBtnOk","$v":"‮OӼ‬"},{"$i":"sendMissingSimCardTitle","$v":"‮Wıssıuƃ‬ ‮SIW‬ ‮ɔɐɹp‬"},{"$i":"sendMissingSimCardBody","$v":"‮Iusǝɹʇ‬ ‮ɐ‬ ‮ʌɐʅıp‬ ‮SIW‬ ‮ɔɐɹp‬ ‮ʇo‬ ‮ɔouʇıunǝ‬."},{"$i":"sendMissingSimCardBtnOk","$v":"‮OӼ‬"},{"$i":"sendFlightModeTitle","$v":"‮∀ıɹdʅɐuǝ‬ ‮ɯopǝ‬ ‮ɐɔʇıʌɐʇǝp‬"},{"$i":"sendFlightModeBody","$v":"‮⊥nɹu‬ ‮oɟɟ‬ ‮ɐıɹdʅɐuǝ‬ ‮ɯopǝ‬ ‮ʇo‬ ‮sǝup‬ ‮ɯǝssɐƃǝs‬."},{"$i":"sendFlightModeBtnOk","$v":"‮OӼ‬"},{"$i":"radioDisabledToDownloadTitle","$v":[{"t":"idOrVar","v":"sendFlightModeTitle"}]},{"$i":"radioDisabledToDownloadBody","$v":"‮⊥nɹu‬ ‮oɟɟ‬ ‮ɐıɹdʅɐuǝ‬ ‮ɯopǝ‬ ‮ʇo‬ ‮poʍuʅoɐp‬ ‮ɐʇʇɐɔɥɯǝuʇs‬."},{"$i":"radioDisabledToDownloadBtnOk","$v":[{"t":"idOrVar","v":"sendFlightModeBtnOk"}]},{"$i":"fdnErrorTitle","$v":"‮ɟpN‬ ‮ɐɔʇıʌǝ‬"},{"$i":"sms-counter-notice-label","$v":["‮Ǝpıʇıuƃ‬ ‮SWS‬ ",{"t":"idOrVar","v":"number"}]},{"$i":"fdnErrorBody","innerHTML":{"$v":{"one":"‮ɟpN‬ (‮ɟıxǝp‬ ‮pıɐʅıuƃ‬ ‮Nnɯqǝɹs‬) ‮ıs‬ ‮ɐɔʇıʌɐʇǝp‬. ‮Wɐʞǝ‬ ‮snɹǝ‬ ‮ʇɥǝ‬ ‮SWS‬ ‮ɔǝuʇǝɹ‬ ‮ɐup‬ ‮ʇɥǝ‬ ‮ɟoʅʅoʍıuƃ‬ ‮ɹǝɔıdıǝuʇ‬ ‮ɐɹǝ‬ ‮ıu‬ ‮ʎonɹ‬ ‮ɟpN‬ ‮ʅısʇ‬:","two":"‮ɟpN‬ (‮ɟıxǝp‬ ‮pıɐʅıuƃ‬ ‮Nnɯqǝɹs‬) ‮ıs‬ ‮ɐɔʇıʌɐʇǝp‬. ‮Wɐʞǝ‬ ‮snɹǝ‬ ‮ʇɥǝ‬ ‮SWS‬ ‮ɔǝuʇǝɹ‬ ‮ɐup‬ ‮ʇɥǝ‬ ‮ɟoʅʅoʍıuƃ‬ ‮ɹǝɔıdıǝuʇs‬ ‮ɐɹǝ‬ ‮ıu‬ ‮ʎonɹ‬ ‮ɟpN‬ ‮ʅısʇ‬:","few":"‮ɟpN‬ (‮ɟıxǝp‬ ‮pıɐʅıuƃ‬ ‮Nnɯqǝɹs‬) ‮ıs‬ ‮ɐɔʇıʌɐʇǝp‬. ‮Wɐʞǝ‬ ‮snɹǝ‬ ‮ʇɥǝ‬ ‮SWS‬ ‮ɔǝuʇǝɹ‬ ‮ɐup‬ ‮ʇɥǝ‬ ‮ɟoʅʅoʍıuƃ‬ ‮ɹǝɔıdıǝuʇs‬ ‮ɐɹǝ‬ ‮ıu‬ ‮ʎonɹ‬ ‮ɟpN‬ ‮ʅısʇ‬:","many":"‮ɟpN‬ (‮ɟıxǝp‬ ‮pıɐʅıuƃ‬ ‮Nnɯqǝɹs‬) ‮ıs‬ ‮ɐɔʇıʌɐʇǝp‬. ‮Wɐʞǝ‬ ‮snɹǝ‬ ‮ʇɥǝ‬ ‮SWS‬ ‮ɔǝuʇǝɹ‬ ‮ɐup‬ ‮ʇɥǝ‬ ‮ɟoʅʅoʍıuƃ‬ ‮ɹǝɔıdıǝuʇs‬ ‮ɐɹǝ‬ ‮ıu‬ ‮ʎonɹ‬ ‮ɟpN‬ ‮ʅısʇ‬:","other":"‮ɟpN‬ (‮ɟıxǝp‬ ‮pıɐʅıuƃ‬ ‮Nnɯqǝɹs‬) ‮ıs‬ ‮ɐɔʇıʌɐʇǝp‬. ‮Wɐʞǝ‬ ‮snɹǝ‬ ‮ʇɥǝ‬ ‮SWS‬ ‮ɔǝuʇǝɹ‬ ‮ɐup‬ ‮ʇɥǝ‬ ‮ɟoʅʅoʍıuƃ‬ ‮ɹǝɔıdıǝuʇs‬ ‮ɐɹǝ‬ ‮ıu‬ ‮ʎonɹ‬ ‮ɟpN‬ ‮ʅısʇ‬:"},"$x":[{"t":"idOrVar","v":"plural"},"n"]}},{"$i":"fdnErrorBtnOk","$v":"‮OӼ‬"},{"$i":"switchSimToRetrieveTitle","$v":"‮Sʍıʇɔɥ‬ ‮pɐʇɐ‬ ‮ɔouuǝɔʇıou‬"},{"$i":"switchSimToRetrieveBody","$v":["‮Sʍıʇɔɥ‬ ‮ʇɥǝ‬ ‮pɐʇɐ‬ ‮ɔouuǝɔʇıou‬ ‮ʇo‬ ‮SIW‬ ",{"t":"idOrVar","v":"nonActiveSimId"}," ‮ʇo‬ ‮ɹǝʇɹıǝʌǝ‬ ‮ʇɥǝ‬ ‮WWS‬. ‮⊥ɥǝ‬ ‮ɔnɹɹǝuʇ‬ ‮pɐʇɐ‬ ‮ʇɹɐusɟǝɹ‬ ‮ou‬ ‮SIW‬ ",{"t":"idOrVar","v":"activeSimId"}," ‮ʍıʅʅ‬ ‮qǝ‬ ‮snsdǝupǝp‬. ‮Ↄouʇıunǝ‬ ‮ɐuʎʍɐʎ‬?"]},{"$i":"switchSimToRetrieveBtnOk","$v":"‮˥ɐʇǝɹ‬"},{"$i":"switchSimToRetrieveConfirm","$v":"‮OӼ‬"},{"$i":"switchSimToSendTitle","$v":[{"t":"idOrVar","v":"switchSimToRetrieveTitle"}]},{"$i":"switchSimToSendBody","$v":["‮Sʍıʇɔɥ‬ ‮ʇɥǝ‬ ‮pɐʇɐ‬ ‮ɔouuǝɔʇıou‬ ‮ʇo‬ ‮SIW‬ ",{"t":"idOrVar","v":"nonActiveSimId"}," ‮ʇo‬ ‮sǝup‬ ‮ʇɥǝ‬ ‮WWS‬. ‮⊥ɥǝ‬ ‮ɔnɹɹǝuʇ‬ ‮pɐʇɐ‬ ‮ʇɹɐusɟǝɹ‬ ‮ou‬ ‮SIW‬ ",{"t":"idOrVar","v":"activeSimId"}," ‮ʍıʅʅ‬ ‮qǝ‬ ‮snsdǝupǝp‬. ‮Ↄouʇıunǝ‬ ‮ɐuʎʍɐʎ‬?"]},{"$i":"switchSimToSendBtnOk","$v":[{"t":"idOrVar","v":"switchSimToRetrieveBtnOk"}]},{"$i":"switchSimToSendConfirm","$v":[{"t":"idOrVar","v":"switchSimToRetrieveConfirm"}]},{"$i":"sendNoSignalErrorTitle","$v":"‮No‬ ‮uǝʇʍoɹʞ‬ ‮ɔoʌǝɹɐƃǝ‬"},{"$i":"sendNoSignalErrorBody","$v":"‮Wɐʞǝ‬ ‮snɹǝ‬ ‮ʎon‬ ‮ɥɐʌǝ‬ ‮ɐ‬ ‮ɯoqıʅǝ‬ ‮sıƃuɐʅ‬ ‮ɐup‬ ‮ʇɹʎ‬ ‮ɐƃɐıu‬."},{"$i":"sendNoSignalErrorBtnOk","$v":"‮OӼ‬"},{"$i":"sendNotFoundErrorTitle","$v":"‮Wǝssɐƃǝ‬ ‮uoʇ‬ ‮ɟonup‬"},{"$i":"sendNotFoundErrorBody","$v":"‮⊥ɥǝ‬ ‮ɯǝssɐƃǝ‬ ‮ʎon‬’‮ɹǝ‬ ‮ʅooʞıuƃ‬ ‮ɟoɹ‬ ‮ıs‬ ‮uo‬ ‮ʅouƃǝɹ‬ ‮ɐʌɐıʅɐqʅǝ‬."},{"$i":"sendNotFoundErrorBtnOk","$v":"‮OӼ‬"},{"$i":"sendInvalidAddressErrorTitle","$v":"‮Iuʌɐʅıp‬ ‮unɯqǝɹ‬"},{"$i":"sendInvalidAddressErrorBody","$v":"‮Wɐʞǝ‬ ‮snɹǝ‬ ‮ʇɥǝ‬ ‮ɯoqıʅǝ‬ ‮unɯqǝɹ‬ ‮ʎon‬’‮ɹǝ‬ ‮sǝupıuƃ‬ ‮ʇo‬ ‮ıs‬ ‮ʌɐʅıp‬."},{"$i":"sendInvalidAddressErrorBtnOk","$v":"‮OӼ‬"},{"$i":"simNotMatchedErrorTitle","$v":"‮∩uɐqʅǝ‬ ‮ʇo‬ ‮poʍuʅoɐp‬"},{"$i":"simNotMatchedErrorBody","$v":"‮Ԁʅǝɐsǝ‬ ‮ɯɐʞǝ‬ ‮snɹǝ‬ ‮ʇɥǝ‬ ‮SIW‬ ‮ɔɐɹp‬ ‮ıusǝɹʇǝp‬ ‮ıs‬ ‮ʇɥǝ‬ ‮ouǝ‬ ‮nsǝp‬ ‮ʇo‬ ‮ɹǝɔǝıʌǝ‬ ‮ʇɥıs‬ ‮ɯǝssɐƃǝ‬."},{"$i":"simNotMatchedErrorBtnOk","$v":"‮OӼ‬"},{"$i":"deleted-sms","$v":"‮⊥ɥıs‬ ‮ɯǝssɐƃǝ‬ ‮ɥɐs‬ ‮ɐʅɹǝɐpʎ‬ ‮qǝǝu‬ ‮pǝʅǝʇǝp‬."},{"$i":"view-attachment-image","$v":"‮Ʌıǝʍ‬"},{"$i":"view-attachment-audio","$v":"‮˥ısʇǝu‬"},{"$i":"view-attachment-video","$v":"‮Ʌıǝʍ‬"},{"$i":"view-attachment-other","$v":"‮Ʌıǝʍ‬"},{"$i":"remove-attachment-image","$v":"‮ᴚǝɯoʌǝ‬ ‮ıɯɐƃǝ‬"},{"$i":"remove-attachment-audio","$v":"‮ᴚǝɯoʌǝ‬ ‮ɐnpıo‬"},{"$i":"remove-attachment-video","$v":"‮ᴚǝɯoʌǝ‬ ‮ʌıpǝo‬"},{"$i":"remove-attachment-other","$v":"‮ᴚǝɯoʌǝ‬ ‮ɐʇʇɐɔɥɯǝuʇ‬"},{"$i":"replace-attachment-image","$v":"‮ᴚǝdʅɐɔǝ‬ ‮ıɯɐƃǝ‬"},{"$i":"replace-attachment-audio","$v":"‮ᴚǝdʅɐɔǝ‬ ‮ɐnpıo‬"},{"$i":"replace-attachment-video","$v":"‮ᴚǝdʅɐɔǝ‬ ‮ʌıpǝo‬"},{"$i":"replace-attachment-other","$v":"‮ᴚǝdʅɐɔǝ‬ ‮ɐʇʇɐɔɥɯǝuʇ‬"},{"$i":"unsent-message-title","$v":"‮∩usǝuʇ‬ ‮Wǝssɐƃǝ‬"},{"$i":"unsent-message-text","$v":"‮ʎonɹ‬ ‮dɹǝʌıons‬ ‮ɯǝssɐƃǝ‬ ‮ʍɐs‬ ‮uoʇ‬ ‮sǝuʇ‬. ‮po‬ ‮ʎon‬ ‮ʍɐuʇ‬ ‮ʇo‬ ‮pısɔɐɹp‬ ‮ʇɥǝ‬ ‮nusǝuʇ‬ ‮ɯǝssɐƃǝ‬ ‮ɐup‬ ‮ɔouʇıunǝ‬?"},{"$i":"unsent-message-option-edit","$v":"‮Ǝpıʇ‬"},{"$i":"unsent-message-option-discard","$v":"‮pısɔɐɹp‬"},{"$i":"message-options","$v":"‮Wǝssɐƃǝ‬ ‮odʇıous‬"},{"$i":"thread-options","$v":"‮⊥ɥɹǝɐp‬ ‮odʇıous‬"},{"$i":"forward","$v":"‮ɟoɹʍɐɹp‬"},{"$i":"view-message-report","$v":"‮Ʌıǝʍ‬ ‮ɯǝssɐƃǝ‬ ‮ɹǝdoɹʇ‬"},{"$i":"select-text","$v":"‮Sǝʅǝɔʇ‬ ‮ʇǝxʇ‬"},{"$i":"mobile","$v":"‮Woqıʅǝ‬"},{"$i":"home","$v":"‮Hoɯǝ‬"},{"$i":"work","$v":"‮Ｍoɹʞ‬"},{"$i":"personal","$v":"‮Ԁǝɹsouɐʅ‬"},{"$i":"faxHome","$v":"‮ɟɐx‬ ‮ɥoɯǝ‬"},{"$i":"faxOffice","$v":"‮ɟɐx‬ ‮oɟɟıɔǝ‬"},{"$i":"faxOther","$v":"‮ɟɐx‬ ‮oʇɥǝɹ‬"},{"$i":"another","$v":"‮∀uoʇɥǝɹ‬"},{"$i":"other","$v":"‮Oʇɥǝɹ‬"},{"$i":"today","$v":"‮ʇopɐʎ‬"},{"$i":"todayWithTime","$v":["‮ʇopɐʎ‬ ",{"t":"idOrVar","v":"time"}]},{"$i":"yesterday","$v":"‮ʎǝsʇǝɹpɐʎ‬"},{"$i":"yesterdayWithTime","$v":["‮ʎǝsʇǝɹpɐʎ‬ ",{"t":"idOrVar","v":"time"}]},{"$i":"addToExistingContact","$v":"‮∀pp‬ ‮ʇo‬ ‮ɐu‬ ‮ǝxısʇıuƃ‬ ‮ɔouʇɐɔʇ‬"},{"$i":"createNewContact","$v":"‮Ↄɹǝɐʇǝ‬ ‮uǝʍ‬ ‮ɔouʇɐɔʇ‬"},{"$i":"viewContact","$v":"‮Ʌıǝʍ‬ ‮ɔouʇɐɔʇ‬"},{"$i":"call","$v":"‮Ↄɐʅʅ‬"},{"$i":"sendEmail","$v":"‮Sǝup‬ ‮ǝɯɐıʅ‬"},{"$i":"mms-message","$v":"‮WWS‬ ‮ɯǝssɐƃǝ‬"},{"$i":"notDownloaded-title","$v":"‮Wǝssɐƃǝ‬ ‮ıs‬ ‮uoʇ‬ ‮poʍuʅoɐpǝp‬ ‮ʎǝʇ‬."},{"$i":"tobedownloaded-attachment","$v":["‮ʎon‬ ‮ɹǝɔǝıʌǝp‬ ‮ɐ‬ ‮ɯnʅʇıɯǝpıɐ‬ ‮ɯǝssɐƃǝ‬. ‮ʎon‬ ‮ɔɐu‬ ‮nsǝ‬ ‮ʇɥǝ‬ ‮ʅıuʞ‬ ‮qǝʅoʍ‬ ‮ʇo‬ ‮poʍuʅoɐp‬ ‮ıʇs‬ ‮ɔouʇǝuʇ‬ ‮nuʇıʅ‬ ",{"t":"idOrVar","v":"date"},"."]},{"$i":"expired-attachment","$v":["‮Soɹɹʎ‬, ‮ʇɥǝ‬ ‮ɯǝssɐƃǝ‬ ‮ǝxdıɹǝp‬ ‮ou‬ ",{"t":"idOrVar","v":"date"}," ‮ɐup‬ ‮ɔɐuuoʇ‬ ‮qǝ‬ ‮poʍuʅoɐpǝp‬."]},{"$i":"download-attachment","$v":"‮poʍuʅoɐp‬"},{"$i":"downloading-attachment","$v":"‮poʍuʅoɐpıuƃ‬…"},{"$i":"unnamed-attachment","$v":"‮nuʇıʇʅǝp‬"},{"$i":"mms-label","$v":"‮WWS‬"},{"$i":"attached-files-too-large","$v":{"zero":["‮⊥ɥǝ‬ ‮ɟıʅǝs‬ ‮ʎon‬ ‮ɥɐʌǝ‬ ‮sǝʅǝɔʇǝp‬ ‮ǝxɔǝǝp‬ ‮ʇɥǝ‬ ",{"t":"idOrVar","v":"mmsSize"}," ‮ӼԐ‬ ‮sızǝ‬ ‮ʅıɯıʇ‬ ‮oɟ‬ ‮ɐ‬ ‮sıuƃʅǝ‬ ‮ɯnʅʇıɯǝpıɐ‬ ‮ɯǝssɐƃǝ‬."],"one":["‮⊥ɥǝ‬ ‮ɟıʅǝ‬ ‮ʎon‬ ‮ɥɐʌǝ‬ ‮sǝʅǝɔʇǝp‬ ‮ǝxɔǝǝps‬ ‮ʇɥǝ‬ ",{"t":"idOrVar","v":"mmsSize"}," ‮ӼԐ‬ ‮sızǝ‬ ‮ʅıɯıʇ‬ ‮oɟ‬ ‮ɐ‬ ‮sıuƃʅǝ‬ ‮ɯnʅʇıɯǝpıɐ‬ ‮ɯǝssɐƃǝ‬."],"two":["‮⊥ɥǝ‬ ‮ɟıʅǝs‬ ‮ʎon‬ ‮ɥɐʌǝ‬ ‮sǝʅǝɔʇǝp‬ ‮ǝxɔǝǝp‬ ‮ʇɥǝ‬ ",{"t":"idOrVar","v":"mmsSize"}," ‮ӼԐ‬ ‮sızǝ‬ ‮ʅıɯıʇ‬ ‮oɟ‬ ‮ɐ‬ ‮sıuƃʅǝ‬ ‮ɯnʅʇıɯǝpıɐ‬ ‮ɯǝssɐƃǝ‬."],"few":["‮⊥ɥǝ‬ ‮ɟıʅǝs‬ ‮ʎon‬ ‮ɥɐʌǝ‬ ‮sǝʅǝɔʇǝp‬ ‮ǝxɔǝǝp‬ ‮ʇɥǝ‬ ",{"t":"idOrVar","v":"mmsSize"}," ‮ӼԐ‬ ‮sızǝ‬ ‮ʅıɯıʇ‬ ‮oɟ‬ ‮ɐ‬ ‮sıuƃʅǝ‬ ‮ɯnʅʇıɯǝpıɐ‬ ‮ɯǝssɐƃǝ‬."],"many":["‮⊥ɥǝ‬ ‮ɟıʅǝs‬ ‮ʎon‬ ‮ɥɐʌǝ‬ ‮sǝʅǝɔʇǝp‬ ‮ǝxɔǝǝp‬ ‮ʇɥǝ‬ ",{"t":"idOrVar","v":"mmsSize"}," ‮ӼԐ‬ ‮sızǝ‬ ‮ʅıɯıʇ‬ ‮oɟ‬ ‮ɐ‬ ‮sıuƃʅǝ‬ ‮ɯnʅʇıɯǝpıɐ‬ ‮ɯǝssɐƃǝ‬."],"other":["‮⊥ɥǝ‬ ‮ɟıʅǝs‬ ‮ʎon‬ ‮ɥɐʌǝ‬ ‮sǝʅǝɔʇǝp‬ ‮ǝxɔǝǝp‬ ‮ʇɥǝ‬ ",{"t":"idOrVar","v":"mmsSize"}," ‮ӼԐ‬ ‮sızǝ‬ ‮ʅıɯıʇ‬ ‮oɟ‬ ‮ɐ‬ ‮sıuƃʅǝ‬ ‮ɯnʅʇıɯǝpıɐ‬ ‮ɯǝssɐƃǝ‬."]},"$x":[{"t":"idOrVar","v":"plural"},"n"]},{"$i":"resize-image","$v":"‮ᴚǝsızıuƃ‬ ‮ʇɥǝ‬ ‮ɐʇʇɐɔɥǝp‬ ‮ıɯɐƃǝ‬"},{"$i":"no-attachment-text","$v":"‮⊥ɥǝɹǝ‬ ‮ıs‬ ‮ɐ‬ ‮dɹoqʅǝɯ‬ ‮ʍıʇɥ‬ ‮ʇɥǝ‬ ‮ɐʇʇɐɔɥǝp‬ ‮ɟıʅǝ‬ ‮ɐup‬ ‮ıʇ‬ ‮ɔɐuuoʇ‬ ‮qǝ‬ ‮poʍuʅoɐpǝp‬."},{"$i":"message-draft-saved","$v":"‮Wǝssɐƃǝ‬ ‮sɐʌǝp‬ ‮ɐs‬ ‮pɹɐɟʇ‬"},{"$i":"sim-id-label","$v":["‮SIW‬ ",{"t":"idOrVar","v":"id"}]},{"$i":"sim-detail","$v":["‮SIW‬ ",{"t":"idOrVar","v":"id"},", ",{"t":"idOrVar","v":"detailString"}]},{"$i":"dsds-unknown-sim","$v":"‮nuʞuoʍu‬ ‮SIW‬"},{"$i":"dsds-notification-title-with-sim","$v":["(",{"t":"idOrVar","v":"sim"},") ",{"t":"idOrVar","v":"sender"}]},{"$i":"send-button","ariaLabel":"‮Sǝup‬"},{"$i":"send-button-sim-indication","$v":[{"t":"idOrVar","v":"n"}],"ariaLabel":{"$v":["‮nsıuƃ‬ ‮SIW‬ ",{"t":"idOrVar","v":"n"}]}},{"$i":"attach-button","ariaLabel":"‮∀pp‬ ‮ɐʇʇɐɔɥɯǝuʇ‬"},{"$i":"contact-photo","ariaLabel":"‮Ↄouʇɐɔʇ‬ ‮dɥoʇo‬"},{"$i":"unread-thread","ariaLabel":"‮∩uɹǝɐp‬"},{"$i":"has-draft","ariaLabel":"‮Hɐs‬ ‮pɹɐɟʇ‬"},{"$i":"is-draft","ariaLabel":"‮pɹɐɟʇ‬"},{"$i":"actionsButton","ariaLabel":"‮∀ɔʇıous‬"},{"$i":"settingsButton","ariaLabel":"‮Sǝʇʇıuƃs‬"},{"$i":"composeLink","ariaLabel":"‮Nǝʍ‬ ‮ɯǝssɐƃǝ‬"},{"$i":"callButton","ariaLabel":"‮Ↄɐʅʅ‬"},{"$i":"message-delivery-status-sending","$v":"‮Sǝupıuƃ‬…"},{"$i":"message-delivery-status-delivered","ariaLabel":"‮pǝʅıʌǝɹǝp‬"},{"$i":"message-delivery-status-read","ariaLabel":"‮ᴚǝɐp‬"},{"$i":"message-delivery-status-error","ariaLabel":"‮Ǝɹɹoɹ‬"},{"$i":"modal-dialog-ok-button","$v":"‮OӼ‬"},{"$i":"modal-dialog-cancel-button","$v":"‮Ↄɐuɔǝʅ‬"},{"$i":"modal-dialog-default-title","$v":"‮Wǝssɐƃǝs‬"},{"$i":"weekday-0-long","$v":"‮Snupɐʎ‬"},{"$i":"weekday-1-long","$v":"‮Woupɐʎ‬"},{"$i":"weekday-2-long","$v":"‮⊥nǝspɐʎ‬"},{"$i":"weekday-3-long","$v":"‮Ｍǝpuǝspɐʎ‬"},{"$i":"weekday-4-long","$v":"‮⊥ɥnɹspɐʎ‬"},{"$i":"weekday-5-long","$v":"‮ɟɹıpɐʎ‬"},{"$i":"weekday-6-long","$v":"‮Sɐʇnɹpɐʎ‬"},{"$i":"weekday-0-short","$v":"‮Snu‬"},{"$i":"weekday-1-short","$v":"‮Wou‬"},{"$i":"weekday-2-short","$v":"‮⊥nǝ‬"},{"$i":"weekday-3-short","$v":"‮Ｍǝp‬"},{"$i":"weekday-4-short","$v":"‮⊥ɥn‬"},{"$i":"weekday-5-short","$v":"‮ɟɹı‬"},{"$i":"weekday-6-short","$v":"‮Sɐʇ‬"},{"$i":"month-0-long","$v":"‮ſɐunɐɹʎ‬"},{"$i":"month-1-long","$v":"‮ɟǝqɹnɐɹʎ‬"},{"$i":"month-2-long","$v":"‮Wɐɹɔɥ‬"},{"$i":"month-3-long","$v":"‮∀dɹıʅ‬"},{"$i":"month-4-long","$v":"‮Wɐʎ‬"},{"$i":"month-5-long","$v":"‮ſnuǝ‬"},{"$i":"month-6-long","$v":"‮ſnʅʎ‬"},{"$i":"month-7-long","$v":"‮∀nƃnsʇ‬"},{"$i":"month-8-long","$v":"‮Sǝdʇǝɯqǝɹ‬"},{"$i":"month-9-long","$v":"‮Oɔʇoqǝɹ‬"},{"$i":"month-10-long","$v":"‮Noʌǝɯqǝɹ‬"},{"$i":"month-11-long","$v":"‮pǝɔǝɯqǝɹ‬"},{"$i":"month-0-genitive","$v":"‮ſɐunɐɹʎ‬"},{"$i":"month-1-genitive","$v":"‮ɟǝqɹnɐɹʎ‬"},{"$i":"month-2-genitive","$v":"‮Wɐɹɔɥ‬"},{"$i":"month-3-genitive","$v":"‮∀dɹıʅ‬"},{"$i":"month-4-genitive","$v":"‮Wɐʎ‬"},{"$i":"month-5-genitive","$v":"‮ſnuǝ‬"},{"$i":"month-6-genitive","$v":"‮ſnʅʎ‬"},{"$i":"month-7-genitive","$v":"‮∀nƃnsʇ‬"},{"$i":"month-8-genitive","$v":"‮Sǝdʇǝɯqǝɹ‬"},{"$i":"month-9-genitive","$v":"‮Oɔʇoqǝɹ‬"},{"$i":"month-10-genitive","$v":"‮Noʌǝɯqǝɹ‬"},{"$i":"month-11-genitive","$v":"‮pǝɔǝɯqǝɹ‬"},{"$i":"month-0-short","$v":"‮ſɐu‬"},{"$i":"month-1-short","$v":"‮ɟǝq‬"},{"$i":"month-2-short","$v":"‮Wɐɹ‬"},{"$i":"month-3-short","$v":"‮∀dɹ‬"},{"$i":"month-4-short","$v":"‮Wɐʎ‬"},{"$i":"month-5-short","$v":"‮ſnu‬"},{"$i":"month-6-short","$v":"‮ſnʅ‬"},{"$i":"month-7-short","$v":"‮∀nƃ‬"},{"$i":"month-8-short","$v":"‮Sǝd‬"},{"$i":"month-9-short","$v":"‮Oɔʇ‬"},{"$i":"month-10-short","$v":"‮Noʌ‬"},{"$i":"month-11-short","$v":"‮pǝɔ‬"},{"$i":"minutes-ago-long","$v":{"zero":"‮ɾnsʇ‬ ‮uoʍ‬","one":"‮ɐ‬ ‮ɯıunʇǝ‬ ‮ɐƃo‬","two":[{"t":"idOrVar","v":"value"}," ‮ɯıunʇǝs‬ ‮ɐƃo‬"],"few":[{"t":"idOrVar","v":"value"}," ‮ɯıunʇǝs‬ ‮ɐƃo‬"],"many":[{"t":"idOrVar","v":"value"}," ‮ɯıunʇǝs‬ ‮ɐƃo‬"],"other":[{"t":"idOrVar","v":"value"}," ‮ɯıunʇǝs‬ ‮ɐƃo‬"]},"$x":[{"t":"idOrVar","v":"plural"},"value"]},{"$i":"hours-ago-long","$v":{"zero":"‮ɾnsʇ‬ ‮uoʍ‬","one":"‮ɐu‬ ‮ɥonɹ‬ ‮ɐƃo‬","two":[{"t":"idOrVar","v":"value"}," ‮ɥonɹs‬ ‮ɐƃo‬"],"few":[{"t":"idOrVar","v":"value"}," ‮ɥonɹs‬ ‮ɐƃo‬"],"many":[{"t":"idOrVar","v":"value"}," ‮ɥonɹs‬ ‮ɐƃo‬"],"other":[{"t":"idOrVar","v":"value"}," ‮ɥonɹs‬ ‮ɐƃo‬"]},"$x":[{"t":"idOrVar","v":"plural"},"value"]},{"$i":"days-ago-long","$v":{"zero":"‮ʇopɐʎ‬","one":"‮ʎǝsʇǝɹpɐʎ‬","two":[{"t":"idOrVar","v":"value"}," ‮pɐʎs‬ ‮ɐƃo‬"],"few":[{"t":"idOrVar","v":"value"}," ‮pɐʎs‬ ‮ɐƃo‬"],"many":[{"t":"idOrVar","v":"value"}," ‮pɐʎs‬ ‮ɐƃo‬"],"other":[{"t":"idOrVar","v":"value"}," ‮pɐʎs‬ ‮ɐƃo‬"]},"$x":[{"t":"idOrVar","v":"plural"},"value"]},{"$i":"weeks-ago-long","$v":{"zero":"‮ʇɥıs‬ ‮ʍǝǝʞ‬","one":"‮ʅɐsʇ‬ ‮ʍǝǝʞ‬","two":[{"t":"idOrVar","v":"value"}," ‮ʍǝǝʞs‬ ‮ɐƃo‬"],"few":[{"t":"idOrVar","v":"value"}," ‮ʍǝǝʞs‬ ‮ɐƃo‬"],"many":[{"t":"idOrVar","v":"value"}," ‮ʍǝǝʞs‬ ‮ɐƃo‬"],"other":[{"t":"idOrVar","v":"value"}," ‮ʍǝǝʞs‬ ‮ɐƃo‬"]},"$x":[{"t":"idOrVar","v":"plural"},"value"]},{"$i":"months-ago-long","$v":{"zero":"‮ʇɥıs‬ ‮ɯouʇɥ‬","one":"‮ʅɐsʇ‬ ‮ɯouʇɥ‬","two":[{"t":"idOrVar","v":"value"}," ‮ɯouʇɥs‬ ‮ɐƃo‬"],"few":[{"t":"idOrVar","v":"value"}," ‮ɯouʇɥs‬ ‮ɐƃo‬"],"many":[{"t":"idOrVar","v":"value"}," ‮ɯouʇɥs‬ ‮ɐƃo‬"],"other":[{"t":"idOrVar","v":"value"}," ‮ɯouʇɥs‬ ‮ɐƃo‬"]},"$x":[{"t":"idOrVar","v":"plural"},"value"]},{"$i":"years-ago-long","$v":{"zero":"‮ʇɥıs‬ ‮ʎǝɐɹ‬","one":"‮ʅɐsʇ‬ ‮ʎǝɐɹ‬","two":[{"t":"idOrVar","v":"value"}," ‮ʎǝɐɹs‬ ‮ɐƃo‬"],"few":[{"t":"idOrVar","v":"value"}," ‮ʎǝɐɹs‬ ‮ɐƃo‬"],"many":[{"t":"idOrVar","v":"value"}," ‮ʎǝɐɹs‬ ‮ɐƃo‬"],"other":[{"t":"idOrVar","v":"value"}," ‮ʎǝɐɹs‬ ‮ɐƃo‬"]},"$x":[{"t":"idOrVar","v":"plural"},"value"]},{"$i":"minutes-until-long","$v":{"zero":"‮uoʍ‬","one":"‮ıu‬ ‮ɐ‬ ‮ɯıunʇǝ‬","two":["‮ıu‬ ",{"t":"idOrVar","v":"value"}," ‮ɯıunʇǝs‬"],"few":["‮ıu‬ ",{"t":"idOrVar","v":"value"}," ‮ɯıunʇǝs‬"],"many":["‮ıu‬ ",{"t":"idOrVar","v":"value"}," ‮ɯıunʇǝs‬"],"other":["‮ıu‬ ",{"t":"idOrVar","v":"value"}," ‮ɯıunʇǝs‬"]},"$x":[{"t":"idOrVar","v":"plural"},"value"]},{"$i":"hours-until-long","$v":{"zero":"‮uoʍ‬","one":"‮ıu‬ ‮ɐu‬ ‮ɥonɹ‬","two":["‮ıu‬ ",{"t":"idOrVar","v":"value"}," ‮ɥonɹs‬"],"few":["‮ıu‬ ",{"t":"idOrVar","v":"value"}," ‮ɥonɹs‬"],"many":["‮ıu‬ ",{"t":"idOrVar","v":"value"}," ‮ɥonɹs‬"],"other":["‮ıu‬ ",{"t":"idOrVar","v":"value"}," ‮ɥonɹs‬"]},"$x":[{"t":"idOrVar","v":"plural"},"value"]},{"$i":"days-until-long","$v":{"zero":"‮ʇopɐʎ‬","one":"‮ʇoɯoɹɹoʍ‬","two":["‮ıu‬ ",{"t":"idOrVar","v":"value"}," ‮pɐʎs‬"],"few":["‮ıu‬ ",{"t":"idOrVar","v":"value"}," ‮pɐʎs‬"],"many":["‮ıu‬ ",{"t":"idOrVar","v":"value"}," ‮pɐʎs‬"],"other":["‮ıu‬ ",{"t":"idOrVar","v":"value"}," ‮pɐʎs‬"]},"$x":[{"t":"idOrVar","v":"plural"},"value"]},{"$i":"weeks-until-long","$v":{"zero":"‮ʇɥıs‬ ‮ʍǝǝʞ‬","one":"‮uǝxʇ‬ ‮ʍǝǝʞ‬","two":["‮ıu‬ ",{"t":"idOrVar","v":"value"}," ‮ʍǝǝʞs‬"],"few":["‮ıu‬ ",{"t":"idOrVar","v":"value"}," ‮ʍǝǝʞs‬"],"many":["‮ıu‬ ",{"t":"idOrVar","v":"value"}," ‮ʍǝǝʞs‬"],"other":["‮ıu‬ ",{"t":"idOrVar","v":"value"}," ‮ʍǝǝʞs‬"]},"$x":[{"t":"idOrVar","v":"plural"},"value"]},{"$i":"months-until-long","$v":{"zero":"‮ʇɥıs‬ ‮ɯouʇɥ‬","one":"‮uǝxʇ‬ ‮ɯouʇɥ‬","two":["‮ıu‬ ",{"t":"idOrVar","v":"value"}," ‮ɯouʇɥs‬"],"few":["‮ıu‬ ",{"t":"idOrVar","v":"value"}," ‮ɯouʇɥs‬"],"many":["‮ıu‬ ",{"t":"idOrVar","v":"value"}," ‮ɯouʇɥs‬"],"other":["‮ıu‬ ",{"t":"idOrVar","v":"value"}," ‮ɯouʇɥs‬"]},"$x":[{"t":"idOrVar","v":"plural"},"value"]},{"$i":"years-until-long","$v":{"zero":"‮ʇɥıs‬ ‮ʎǝɐɹ‬","one":"‮uǝxʇ‬ ‮ʎǝɐɹ‬","two":["‮ıu‬ ",{"t":"idOrVar","v":"value"}," ‮ʎǝɐɹs‬"],"few":["‮ıu‬ ",{"t":"idOrVar","v":"value"}," ‮ʎǝɐɹs‬"],"many":["‮ıu‬ ",{"t":"idOrVar","v":"value"}," ‮ʎǝɐɹs‬"],"other":["‮ıu‬ ",{"t":"idOrVar","v":"value"}," ‮ʎǝɐɹs‬"]},"$x":[{"t":"idOrVar","v":"plural"},"value"]},{"$i":"minutes-ago-short","$v":{"zero":"‮ɾnsʇ‬ ‮uoʍ‬","other":[{"t":"idOrVar","v":"value"},"‮ɯ‬ ‮ɐƃo‬"]},"$x":[{"t":"idOrVar","v":"plural"},"value"]},{"$i":"hours-ago-short","$v":{"zero":"‮ɾnsʇ‬ ‮uoʍ‬","other":[{"t":"idOrVar","v":"value"},"‮ɥ‬ ‮ɐƃo‬"]},"$x":[{"t":"idOrVar","v":"plural"},"value"]},{"$i":"days-ago-short","$v":{"zero":"‮ʇopɐʎ‬","other":[{"t":"idOrVar","v":"value"},"‮p‬ ‮ɐƃo‬"]},"$x":[{"t":"idOrVar","v":"plural"},"value"]},{"$i":"minutes-until-short","$v":{"zero":"‮uoʍ‬","other":["‮ıu‬ ",{"t":"idOrVar","v":"value"},"‮ɯ‬"]},"$x":[{"t":"idOrVar","v":"plural"},"value"]},{"$i":"hours-until-short","$v":{"zero":"‮uoʍ‬","other":["‮ıu‬ ",{"t":"idOrVar","v":"value"},"‮ɥ‬"]},"$x":[{"t":"idOrVar","v":"plural"},"value"]},{"$i":"days-until-short","$v":{"zero":"‮ʇopɐʎ‬","other":["‮ıu‬ ",{"t":"idOrVar","v":"value"},"‮p‬"]},"$x":[{"t":"idOrVar","v":"plural"},"value"]},{"$i":"incorrectDate","$v":"(‮ıuɔoɹɹǝɔʇ‬ ‮pɐʇǝ‬)"},{"$i":"dateTimeFormat_%c","$v":"%a %b %e %Y %I:%M:%S %p"},{"$i":"dateTimeFormat_%x","$v":"%m/%d/%Y"},{"$i":"dateTimeFormat_%X","$v":"%I:%M:%S %p"},{"$i":"shortTimeFormat","$v":"%I:%M %p"},{"$i":"shortTimeFormat12","$v":"%I:%M %p"},{"$i":"shortTimeFormat24","$v":"%H:%M"},{"$i":"shortDateTimeFormat","$v":"%x %I:%M %p"},{"$i":"weekStartsOnMonday","$v":"0"},{"$i":"firstDayOfTheWeek","$v":"0"},{"$i":"time_am","$v":"‮∀W‬"},{"$i":"time_pm","$v":"‮ԀW‬"},{"$i":"gaia-menu-cancel","$v":"‮Ↄɐuɔǝʅ‬"},{"$i":"gaia-sim-picker-dial-via-with-number","$v":["‮pıɐʅ‬ ",{"t":"idOrVar","v":"phoneNumber"}," ‮ʌıɐ‬"]},{"$i":"gaia-sim-picker-select-sim","$v":"‮Sǝʅǝɔʇ‬ ‮SIW‬"},{"$i":"gaia-sim-picker-button","$v":["‮SIW‬",{"t":"idOrVar","v":"n"}]},{"$i":"gaia-sim-picker-button-default","$v":"(‮pǝɟɐnʅʇ‬)"}]