[{"$i":"messages","$v":"Messages"},{"$i":"deleteMessages-title","$v":"Delete messages"},{"$i":"selectThreads-title","$v":"Select"},{"$i":"edit","$v":"Edit"},{"$i":"back","$v":"Back"},{"$i":"cancel","$v":"Cancel"},{"$i":"undo","$v":"Undo"},{"$i":"done","$v":"Done"},{"$i":"delete","$v":"Delete"},{"$i":"delete-thread","$v":"Delete thread"},{"$i":"mark-as-read","$v":"Mark as read"},{"$i":"mark-as-unread","$v":"Mark as unread"},{"$i":"deleting-messages","$v":"Deleting…"},{"$i":"select-all","$v":"Select all"},{"$i":"deselect-all","$v":"Deselect all"},{"$i":"selected-threads","$v":{"zero":"none selected","one":[{"t":"idOrVar","v":"n"}," selected"],"two":[{"t":"idOrVar","v":"n"}," selected"],"few":[{"t":"idOrVar","v":"n"}," selected"],"many":[{"t":"idOrVar","v":"n"}," selected"],"other":[{"t":"idOrVar","v":"n"}," selected"]},"$x":[{"t":"idOrVar","v":"plural"},"n"]},{"$i":"selected-messages","$v":{"zero":"none selected","one":[{"t":"idOrVar","v":"n"}," selected"],"two":[{"t":"idOrVar","v":"n"}," selected"],"few":[{"t":"idOrVar","v":"n"}," selected"],"many":[{"t":"idOrVar","v":"n"}," selected"],"other":[{"t":"idOrVar","v":"n"}," selected"]},"$x":[{"t":"idOrVar","v":"plural"},"n"]},{"$i":"selectThreads-label","$v":"Select Threads"},{"$i":"selectMessages-label","$v":"Select Messages"},{"$i":"settings","$v":"Settings"},{"$i":"add-subject","$v":"Add subject"},{"$i":"remove-subject","$v":"Remove subject"},{"$i":"to","$v":"To:"},{"$i":"new","$v":"New"},{"$i":"message","$v":"Message"},{"$i":"messagesInput","placeholder":"Message"},{"$i":"messagesSubjectInput_placeholder","$v":"Subject"},{"$i":"converted-to-mms","$v":"Converting to multimedia message."},{"$i":"converted-to-sms","$v":"Converting to text message."},{"$i":"messages-max-length-text","$v":"You’ve reached the maximum length."},{"$i":"messages-max-subject-length-text","$v":"Maximum length of subject reached."},{"$i":"multimedia-message-exceeded-max-length","$v":["You’ve exceeded the ",{"t":"idOrVar","v":"mmsSize"}," KB size limit of a single multimedia message. Remove attachments or shorten the message to send it."]},{"$i":"newMessage","$v":"New message"},{"$i":"sendMessage","$v":"Send message"},{"$i":"sendMMSToEmail","$v":"Send multimedia message"},{"$i":"no-recipient","$v":"(No recipient)"},{"$i":"recipient","$v":{"one":[{"t":"idOrVar","v":"n"}," recipient"],"two":[{"t":"idOrVar","v":"n"}," recipients"],"few":[{"t":"idOrVar","v":"n"}," recipients"],"many":[{"t":"idOrVar","v":"n"}," recipients"],"other":[{"t":"idOrVar","v":"n"}," recipients"]},"$x":[{"t":"idOrVar","v":"plural"},"n"]},{"$i":"attachmentSizeB","$v":[{"t":"idOrVar","v":"n"}," B"]},{"$i":"attachmentSizeKB","$v":[{"t":"idOrVar","v":"n"}," KB"]},{"$i":"attachmentSizeMB","$v":[{"t":"idOrVar","v":"n"}," MB"]},{"$i":"attachmentOpenError","$v":"There is no application available to open this file type."},{"$i":"remove","$v":"Remove"},{"$i":"participant","$v":{"one":[{"t":"idOrVar","v":"n"}," participant"],"two":[{"t":"idOrVar","v":"n"}," participants"],"few":[{"t":"idOrVar","v":"n"}," participants"],"many":[{"t":"idOrVar","v":"n"}," participants"],"other":[{"t":"idOrVar","v":"n"}," participants"]},"$x":[{"t":"idOrVar","v":"plural"},"n"]},{"$i":"message-report","$v":"Message report"},{"$i":"message-type-sms","$v":"Text Message (SMS)"},{"$i":"message-type-mms","$v":"Multimedia Message (MMS)"},{"$i":"sms-report-description","$v":["Your Text Message (SMS), was sent on ",{"t":"idOrVar","v":"datetime"}]},{"$i":"mms-report-description","$v":["Your Multimedia Message (MMS), subject ",{"t":"idOrVar","v":"subject"},", was sent on ",{"t":"idOrVar","v":"datetime"}]},{"$i":"mms-no-subject-report-description","$v":["Your Multimedia Message (MMS), was sent on ",{"t":"idOrVar","v":"datetime"}]},{"$i":"message-subject","$v":"Subject:"},{"$i":"report-status-error","$v":"Message could not be sent"},{"$i":"report-status-not-downloaded","$v":"not downloaded"},{"$i":"report-status-delivered","$v":"Delivered:"},{"$i":"report-status-read","$v":"Read:"},{"$i":"report-status-pending","$v":"Report requested"},{"$i":"report-status-rejected","$v":"Message rejected"},{"$i":"message-size-was","$v":"Message size:"},{"$i":"report-to-title","$v":"To"},{"$i":"report-from-title","$v":"From"},{"$i":"message-sent","$v":"Sent:"},{"$i":"message-sending","$v":[{"t":"idOrVar","v":"message-delivery-status-sending"}]},{"$i":"message-received","$v":"Received:"},{"$i":"message-via","$v":"Via:"},{"$i":"message-resend","$v":"Resend"},{"$i":"search","$v":"Search"},{"$i":"unknown-contact-title","$v":"Unknown Contact"},{"$i":"phone-type-separator","$v":", "},{"$i":"phone-carrier-separator","$v":" "},{"$i":"thread-participant-separator","$v":", "},{"$i":"replace-draft","$v":"Replace existing Draft"},{"$i":"save-as-draft","$v":"Save as Draft"},{"$i":"delete-draft","$v":"Delete draft"},{"$i":"discard-sms","$v":"Are you sure you want to discard this message?"},{"$i":"discard-new-message","$v":"Discard the message you’re composing and open the new message?"},{"$i":"resend-confirmation","$v":"The message could not be sent. Try again?"},{"$i":"resend-message","$v":"Resend this message"},{"$i":"deleteMessage-confirmation","$v":"Delete selected message?"},{"$i":"deleteMessages-confirmation-message","$v":{"zero":"Please select messages to be deleted.","one":"Delete selected message?","two":["Delete ",{"t":"idOrVar","v":"n"}," selected messages?"],"few":["Delete ",{"t":"idOrVar","v":"n"}," selected messages?"],"many":["Delete ",{"t":"idOrVar","v":"n"}," selected messages?"],"other":["Delete ",{"t":"idOrVar","v":"n"}," selected messages?"]},"$x":[{"t":"idOrVar","v":"plural"},"n"]},{"$i":"deleteThreads-confirmation-message","$v":{"zero":"Please select message threads to be deleted.","one":"Delete selected message thread?","two":["Delete ",{"t":"idOrVar","v":"n"}," selected message threads?"],"few":["Delete ",{"t":"idOrVar","v":"n"}," selected message threads?"],"many":["Delete ",{"t":"idOrVar","v":"n"}," selected message threads?"],"other":["Delete ",{"t":"idOrVar","v":"n"}," selected message threads?"]},"$x":[{"t":"idOrVar","v":"plural"},"n"]},{"$i":"new-message-notice-text","$v":"New message from"},{"$i":"new-message-notice-a-text","$v":"Read it"},{"$i":"noMessages-title","$v":"No messages"},{"$i":"noMessages-text","$v":"Start communicating now"},{"$i":"sendDefaultErrorTitle","$v":"Message not sent"},{"$i":"sendDefaultErrorBody","$v":"There was a problem sending the message. Please try again."},{"$i":"sendDefaultErrorBtnOk","$v":"OK"},{"$i":"sendMissingSimCardTitle","$v":"Missing SIM card"},{"$i":"sendMissingSimCardBody","$v":"Insert a valid SIM card to continue."},{"$i":"sendMissingSimCardBtnOk","$v":"OK"},{"$i":"sendFlightModeTitle","$v":"Airplane mode activated"},{"$i":"sendFlightModeBody","$v":"Turn off airplane mode to send messages."},{"$i":"sendFlightModeBtnOk","$v":"OK"},{"$i":"radioDisabledToDownloadTitle","$v":[{"t":"idOrVar","v":"sendFlightModeTitle"}]},{"$i":"radioDisabledToDownloadBody","$v":"Turn off airplane mode to download attachments."},{"$i":"radioDisabledToDownloadBtnOk","$v":[{"t":"idOrVar","v":"sendFlightModeBtnOk"}]},{"$i":"fdnErrorTitle","$v":"FDN active"},{"$i":"sms-counter-notice-label","$v":["Editing SMS ",{"t":"idOrVar","v":"number"}]},{"$i":"fdnErrorBody","innerHTML":{"$v":{"one":"FDN (Fixed Dialing Numbers) is activated. Make sure the SMS center and the following recipient are in your FDN list:","two":"FDN (Fixed Dialing Numbers) is activated. Make sure the SMS center and the following recipients are in your FDN list:","few":"FDN (Fixed Dialing Numbers) is activated. Make sure the SMS center and the following recipients are in your FDN list:","many":"FDN (Fixed Dialing Numbers) is activated. Make sure the SMS center and the following recipients are in your FDN list:","other":"FDN (Fixed Dialing Numbers) is activated. Make sure the SMS center and the following recipients are in your FDN list:"},"$x":[{"t":"idOrVar","v":"plural"},"n"]}},{"$i":"fdnErrorBtnOk","$v":"OK"},{"$i":"switchSimToRetrieveTitle","$v":"Switch data connection"},{"$i":"switchSimToRetrieveBody","$v":["Switch the data connection to SIM ",{"t":"idOrVar","v":"nonActiveSimId"}," to retrieve the MMS. The current data transfer on SIM ",{"t":"idOrVar","v":"activeSimId"}," will be suspended. Continue anyway?"]},{"$i":"switchSimToRetrieveBtnOk","$v":"Later"},{"$i":"switchSimToRetrieveConfirm","$v":"OK"},{"$i":"switchSimToSendTitle","$v":[{"t":"idOrVar","v":"switchSimToRetrieveTitle"}]},{"$i":"switchSimToSendBody","$v":["Switch the data connection to SIM ",{"t":"idOrVar","v":"nonActiveSimId"}," to send the MMS. The current data transfer on SIM ",{"t":"idOrVar","v":"activeSimId"}," will be suspended. Continue anyway?"]},{"$i":"switchSimToSendBtnOk","$v":[{"t":"idOrVar","v":"switchSimToRetrieveBtnOk"}]},{"$i":"switchSimToSendConfirm","$v":[{"t":"idOrVar","v":"switchSimToRetrieveConfirm"}]},{"$i":"sendNoSignalErrorTitle","$v":"No network coverage"},{"$i":"sendNoSignalErrorBody","$v":"Make sure you have a mobile signal and try again."},{"$i":"sendNoSignalErrorBtnOk","$v":"OK"},{"$i":"sendNotFoundErrorTitle","$v":"Message not found"},{"$i":"sendNotFoundErrorBody","$v":"The message you’re looking for is no longer available."},{"$i":"sendNotFoundErrorBtnOk","$v":"OK"},{"$i":"sendInvalidAddressErrorTitle","$v":"Invalid number"},{"$i":"sendInvalidAddressErrorBody","$v":"Make sure the mobile number you’re sending to is valid."},{"$i":"sendInvalidAddressErrorBtnOk","$v":"OK"},{"$i":"simNotMatchedErrorTitle","$v":"Unable to download"},{"$i":"simNotMatchedErrorBody","$v":"Please make sure the SIM card inserted is the one used to receive this message."},{"$i":"simNotMatchedErrorBtnOk","$v":"OK"},{"$i":"deleted-sms","$v":"This message has already been deleted."},{"$i":"view-attachment-image","$v":"View"},{"$i":"view-attachment-audio","$v":"Listen"},{"$i":"view-attachment-video","$v":"View"},{"$i":"view-attachment-other","$v":"View"},{"$i":"remove-attachment-image","$v":"Remove image"},{"$i":"remove-attachment-audio","$v":"Remove audio"},{"$i":"remove-attachment-video","$v":"Remove video"},{"$i":"remove-attachment-other","$v":"Remove attachment"},{"$i":"replace-attachment-image","$v":"Replace image"},{"$i":"replace-attachment-audio","$v":"Replace audio"},{"$i":"replace-attachment-video","$v":"Replace video"},{"$i":"replace-attachment-other","$v":"Replace attachment"},{"$i":"unsent-message-title","$v":"Unsent Message"},{"$i":"unsent-message-text","$v":"Your previous message was not sent. Do you want to discard the unsent message and continue?"},{"$i":"unsent-message-option-edit","$v":"Edit"},{"$i":"unsent-message-option-discard","$v":"Discard"},{"$i":"message-options","$v":"Message options"},{"$i":"thread-options","$v":"Thread options"},{"$i":"forward","$v":"Forward"},{"$i":"view-message-report","$v":"View message report"},{"$i":"select-text","$v":"Select text"},{"$i":"mobile","$v":"Mobile"},{"$i":"home","$v":"Home"},{"$i":"work","$v":"Work"},{"$i":"personal","$v":"Personal"},{"$i":"faxHome","$v":"Fax home"},{"$i":"faxOffice","$v":"Fax office"},{"$i":"faxOther","$v":"Fax other"},{"$i":"another","$v":"Another"},{"$i":"other","$v":"Other"},{"$i":"today","$v":"today"},{"$i":"todayWithTime","$v":["today ",{"t":"idOrVar","v":"time"}]},{"$i":"yesterday","$v":"yesterday"},{"$i":"yesterdayWithTime","$v":["yesterday ",{"t":"idOrVar","v":"time"}]},{"$i":"addToExistingContact","$v":"Add to an existing contact"},{"$i":"createNewContact","$v":"Create new contact"},{"$i":"viewContact","$v":"View contact"},{"$i":"call","$v":"Call"},{"$i":"sendEmail","$v":"Send email"},{"$i":"mms-message","$v":"MMS message"},{"$i":"notDownloaded-title","$v":"Message is not downloaded yet."},{"$i":"tobedownloaded-attachment","$v":["You received a multimedia message. You can use the link below to download its content until ",{"t":"idOrVar","v":"date"},"."]},{"$i":"expired-attachment","$v":["Sorry, the message expired on ",{"t":"idOrVar","v":"date"}," and cannot be downloaded."]},{"$i":"download-attachment","$v":"Download"},{"$i":"downloading-attachment","$v":"Downloading…"},{"$i":"unnamed-attachment","$v":"untitled"},{"$i":"mms-label","$v":"MMS"},{"$i":"attached-files-too-large","$v":{"zero":["The files you have selected exceed the ",{"t":"idOrVar","v":"mmsSize"}," KB size limit of a single multimedia message."],"one":["The file you have selected exceeds the ",{"t":"idOrVar","v":"mmsSize"}," KB size limit of a single multimedia message."],"two":["The files you have selected exceed the ",{"t":"idOrVar","v":"mmsSize"}," KB size limit of a single multimedia message."],"few":["The files you have selected exceed the ",{"t":"idOrVar","v":"mmsSize"}," KB size limit of a single multimedia message."],"many":["The files you have selected exceed the ",{"t":"idOrVar","v":"mmsSize"}," KB size limit of a single multimedia message."],"other":["The files you have selected exceed the ",{"t":"idOrVar","v":"mmsSize"}," KB size limit of a single multimedia message."]},"$x":[{"t":"idOrVar","v":"plural"},"n"]},{"$i":"resize-image","$v":"Resizing the attached image"},{"$i":"no-attachment-text","$v":"There is a problem with the attached file and it cannot be downloaded."},{"$i":"message-draft-saved","$v":"Message saved as draft"},{"$i":"sim-id-label","$v":["SIM ",{"t":"idOrVar","v":"id"}]},{"$i":"sim-detail","$v":["SIM ",{"t":"idOrVar","v":"id"},", ",{"t":"idOrVar","v":"detailString"}]},{"$i":"dsds-unknown-sim","$v":"unknown SIM"},{"$i":"dsds-notification-title-with-sim","$v":["(",{"t":"idOrVar","v":"sim"},") ",{"t":"idOrVar","v":"sender"}]},{"$i":"send-button","ariaLabel":"Send"},{"$i":"send-button-sim-indication","$v":[{"t":"idOrVar","v":"n"}],"ariaLabel":{"$v":["using SIM ",{"t":"idOrVar","v":"n"}]}},{"$i":"attach-button","ariaLabel":"Add attachment"},{"$i":"contact-photo","ariaLabel":"Contact photo"},{"$i":"unread-thread","ariaLabel":"Unread"},{"$i":"has-draft","ariaLabel":"Has draft"},{"$i":"is-draft","ariaLabel":"Draft"},{"$i":"actionsButton","ariaLabel":"Actions"},{"$i":"settingsButton","ariaLabel":"Settings"},{"$i":"composeLink","ariaLabel":"New message"},{"$i":"callButton","ariaLabel":"Call"},{"$i":"message-delivery-status-sending","$v":"Sending…"},{"$i":"message-delivery-status-delivered","ariaLabel":"Delivered"},{"$i":"message-delivery-status-read","ariaLabel":"Read"},{"$i":"message-delivery-status-error","ariaLabel":"Error"},{"$i":"modal-dialog-ok-button","$v":"OK"},{"$i":"modal-dialog-cancel-button","$v":"Cancel"},{"$i":"modal-dialog-default-title","$v":"Messages"},{"$i":"weekday-0-long","$v":"Sunday"},{"$i":"weekday-1-long","$v":"Monday"},{"$i":"weekday-2-long","$v":"Tuesday"},{"$i":"weekday-3-long","$v":"Wednesday"},{"$i":"weekday-4-long","$v":"Thursday"},{"$i":"weekday-5-long","$v":"Friday"},{"$i":"weekday-6-long","$v":"Saturday"},{"$i":"weekday-0-short","$v":"Sun"},{"$i":"weekday-1-short","$v":"Mon"},{"$i":"weekday-2-short","$v":"Tue"},{"$i":"weekday-3-short","$v":"Wed"},{"$i":"weekday-4-short","$v":"Thu"},{"$i":"weekday-5-short","$v":"Fri"},{"$i":"weekday-6-short","$v":"Sat"},{"$i":"month-0-long","$v":"January"},{"$i":"month-1-long","$v":"February"},{"$i":"month-2-long","$v":"March"},{"$i":"month-3-long","$v":"April"},{"$i":"month-4-long","$v":"May"},{"$i":"month-5-long","$v":"June"},{"$i":"month-6-long","$v":"July"},{"$i":"month-7-long","$v":"August"},{"$i":"month-8-long","$v":"September"},{"$i":"month-9-long","$v":"October"},{"$i":"month-10-long","$v":"November"},{"$i":"month-11-long","$v":"December"},{"$i":"month-0-genitive","$v":"January"},{"$i":"month-1-genitive","$v":"February"},{"$i":"month-2-genitive","$v":"March"},{"$i":"month-3-genitive","$v":"April"},{"$i":"month-4-genitive","$v":"May"},{"$i":"month-5-genitive","$v":"June"},{"$i":"month-6-genitive","$v":"July"},{"$i":"month-7-genitive","$v":"August"},{"$i":"month-8-genitive","$v":"September"},{"$i":"month-9-genitive","$v":"October"},{"$i":"month-10-genitive","$v":"November"},{"$i":"month-11-genitive","$v":"December"},{"$i":"month-0-short","$v":"Jan"},{"$i":"month-1-short","$v":"Feb"},{"$i":"month-2-short","$v":"Mar"},{"$i":"month-3-short","$v":"Apr"},{"$i":"month-4-short","$v":"May"},{"$i":"month-5-short","$v":"Jun"},{"$i":"month-6-short","$v":"Jul"},{"$i":"month-7-short","$v":"Aug"},{"$i":"month-8-short","$v":"Sep"},{"$i":"month-9-short","$v":"Oct"},{"$i":"month-10-short","$v":"Nov"},{"$i":"month-11-short","$v":"Dec"},{"$i":"minutes-ago-long","$v":{"zero":"just now","one":"a minute ago","two":[{"t":"idOrVar","v":"value"}," minutes ago"],"few":[{"t":"idOrVar","v":"value"}," minutes ago"],"many":[{"t":"idOrVar","v":"value"}," minutes ago"],"other":[{"t":"idOrVar","v":"value"}," minutes ago"]},"$x":[{"t":"idOrVar","v":"plural"},"value"]},{"$i":"hours-ago-long","$v":{"zero":"just now","one":"an hour ago","two":[{"t":"idOrVar","v":"value"}," hours ago"],"few":[{"t":"idOrVar","v":"value"}," hours ago"],"many":[{"t":"idOrVar","v":"value"}," hours ago"],"other":[{"t":"idOrVar","v":"value"}," hours ago"]},"$x":[{"t":"idOrVar","v":"plural"},"value"]},{"$i":"days-ago-long","$v":{"zero":"today","one":"yesterday","two":[{"t":"idOrVar","v":"value"}," days ago"],"few":[{"t":"idOrVar","v":"value"}," days ago"],"many":[{"t":"idOrVar","v":"value"}," days ago"],"other":[{"t":"idOrVar","v":"value"}," days ago"]},"$x":[{"t":"idOrVar","v":"plural"},"value"]},{"$i":"weeks-ago-long","$v":{"zero":"this week","one":"last week","two":[{"t":"idOrVar","v":"value"}," weeks ago"],"few":[{"t":"idOrVar","v":"value"}," weeks ago"],"many":[{"t":"idOrVar","v":"value"}," weeks ago"],"other":[{"t":"idOrVar","v":"value"}," weeks ago"]},"$x":[{"t":"idOrVar","v":"plural"},"value"]},{"$i":"months-ago-long","$v":{"zero":"this month","one":"last month","two":[{"t":"idOrVar","v":"value"}," months ago"],"few":[{"t":"idOrVar","v":"value"}," months ago"],"many":[{"t":"idOrVar","v":"value"}," months ago"],"other":[{"t":"idOrVar","v":"value"}," months ago"]},"$x":[{"t":"idOrVar","v":"plural"},"value"]},{"$i":"years-ago-long","$v":{"zero":"this year","one":"last year","two":[{"t":"idOrVar","v":"value"}," years ago"],"few":[{"t":"idOrVar","v":"value"}," years ago"],"many":[{"t":"idOrVar","v":"value"}," years ago"],"other":[{"t":"idOrVar","v":"value"}," years ago"]},"$x":[{"t":"idOrVar","v":"plural"},"value"]},{"$i":"minutes-until-long","$v":{"zero":"now","one":"in a minute","two":["in ",{"t":"idOrVar","v":"value"}," minutes"],"few":["in ",{"t":"idOrVar","v":"value"}," minutes"],"many":["in ",{"t":"idOrVar","v":"value"}," minutes"],"other":["in ",{"t":"idOrVar","v":"value"}," minutes"]},"$x":[{"t":"idOrVar","v":"plural"},"value"]},{"$i":"hours-until-long","$v":{"zero":"now","one":"in an hour","two":["in ",{"t":"idOrVar","v":"value"}," hours"],"few":["in ",{"t":"idOrVar","v":"value"}," hours"],"many":["in ",{"t":"idOrVar","v":"value"}," hours"],"other":["in ",{"t":"idOrVar","v":"value"}," hours"]},"$x":[{"t":"idOrVar","v":"plural"},"value"]},{"$i":"days-until-long","$v":{"zero":"today","one":"tomorrow","two":["in ",{"t":"idOrVar","v":"value"}," days"],"few":["in ",{"t":"idOrVar","v":"value"}," days"],"many":["in ",{"t":"idOrVar","v":"value"}," days"],"other":["in ",{"t":"idOrVar","v":"value"}," days"]},"$x":[{"t":"idOrVar","v":"plural"},"value"]},{"$i":"weeks-until-long","$v":{"zero":"this week","one":"next week","two":["in ",{"t":"idOrVar","v":"value"}," weeks"],"few":["in ",{"t":"idOrVar","v":"value"}," weeks"],"many":["in ",{"t":"idOrVar","v":"value"}," weeks"],"other":["in ",{"t":"idOrVar","v":"value"}," weeks"]},"$x":[{"t":"idOrVar","v":"plural"},"value"]},{"$i":"months-until-long","$v":{"zero":"this month","one":"next month","two":["in ",{"t":"idOrVar","v":"value"}," months"],"few":["in ",{"t":"idOrVar","v":"value"}," months"],"many":["in ",{"t":"idOrVar","v":"value"}," months"],"other":["in ",{"t":"idOrVar","v":"value"}," months"]},"$x":[{"t":"idOrVar","v":"plural"},"value"]},{"$i":"years-until-long","$v":{"zero":"this year","one":"next year","two":["in ",{"t":"idOrVar","v":"value"}," years"],"few":["in ",{"t":"idOrVar","v":"value"}," years"],"many":["in ",{"t":"idOrVar","v":"value"}," years"],"other":["in ",{"t":"idOrVar","v":"value"}," years"]},"$x":[{"t":"idOrVar","v":"plural"},"value"]},{"$i":"minutes-ago-short","$v":{"zero":"just now","other":[{"t":"idOrVar","v":"value"},"m ago"]},"$x":[{"t":"idOrVar","v":"plural"},"value"]},{"$i":"hours-ago-short","$v":{"zero":"just now","other":[{"t":"idOrVar","v":"value"},"h ago"]},"$x":[{"t":"idOrVar","v":"plural"},"value"]},{"$i":"days-ago-short","$v":{"zero":"today","other":[{"t":"idOrVar","v":"value"},"d ago"]},"$x":[{"t":"idOrVar","v":"plural"},"value"]},{"$i":"minutes-until-short","$v":{"zero":"now","other":["in ",{"t":"idOrVar","v":"value"},"m"]},"$x":[{"t":"idOrVar","v":"plural"},"value"]},{"$i":"hours-until-short","$v":{"zero":"now","other":["in ",{"t":"idOrVar","v":"value"},"h"]},"$x":[{"t":"idOrVar","v":"plural"},"value"]},{"$i":"days-until-short","$v":{"zero":"today","other":["in ",{"t":"idOrVar","v":"value"},"d"]},"$x":[{"t":"idOrVar","v":"plural"},"value"]},{"$i":"incorrectDate","$v":"(incorrect date)"},{"$i":"dateTimeFormat_%c","$v":"%a %b %e %Y %I:%M:%S %p"},{"$i":"dateTimeFormat_%x","$v":"%m/%d/%Y"},{"$i":"dateTimeFormat_%X","$v":"%I:%M:%S %p"},{"$i":"shortTimeFormat","$v":"%I:%M %p"},{"$i":"shortTimeFormat12","$v":"%I:%M %p"},{"$i":"shortTimeFormat24","$v":"%H:%M"},{"$i":"shortDateTimeFormat","$v":"%x %I:%M %p"},{"$i":"weekStartsOnMonday","$v":"0"},{"$i":"firstDayOfTheWeek","$v":"0"},{"$i":"time_am","$v":"AM"},{"$i":"time_pm","$v":"PM"}]