[{"$i":"brandShortName","$v":"‮Ԑ‬2‮פ‬ ‮OS‬"},{"$i":"browserBrandShortName","$v":"‮Ｍǝq‬ ‮Ԑɹoʍsǝɹ‬"},{"$i":"browserBrandFullName","$v":"‮Wozıʅʅɐ‬ ‮Ｍǝq‬ ‮Ԑɹoʍsǝɹ‬"},{"$i":"ringtoneBrandName","$v":"‮pǝɟɐnʅʇ‬"},{"$i":"ringtoneSectionBrandName","$v":"‮Sʎsʇǝɯ‬"},{"$i":"ringtone-none","$v":"‮Nouǝ‬"},{"$i":"ringer_bubble","$v":"‮Ԑnqqʅǝ‬"},{"$i":"ringer_chimer","$v":"‮Ↄɥıɯǝɹ‬"},{"$i":"ringer_cunning","$v":"‮Ↄnuuıuƃ‬"},{"$i":"ringer_dulco","$v":"‮pnʅɔo‬"},{"$i":"ringer_firefox2","$v":[{"t":"idOrVar","v":"ringtoneBrandName"}]},{"$i":"ringer_garden","$v":"‮פɐɹpǝu‬"},{"$i":"ringer_marbled","$v":"‮Wɐɹqʅǝp‬"},{"$i":"ringer_opti","$v":"‮Odʇı‬"},{"$i":"ringer_pecko","$v":"‮Ԁǝɔʞo‬"},{"$i":"ringer_pingy","$v":"‮Ԁıuƃʎ‬"},{"$i":"ringer_poppop","$v":"‮Ԁod‬ ‮Ԁod‬"},{"$i":"ringer_sata","$v":"‮Sɐʇɐ‬"},{"$i":"ringer_simple","$v":"‮Ↄʅǝɐu‬"},{"$i":"ringer_standard1","$v":"‮Ↄʅɐssıɔ‬"},{"$i":"ringer_standard2","$v":"‮Ↄʅɐssıɔ‬ ‮ɟɐsʇ‬"},{"$i":"ringer_stutter","$v":"‮Sʇnʇʇǝɹ‬"},{"$i":"ringer_symmetry","$v":"‮Sʎɯɯǝʇɹʎ‬"},{"$i":"ringer_tailwind","$v":"‮⊥ɐıʅ‬ ‮Ｍıup‬"},{"$i":"ringer_thoughtful","$v":"‮⊥ɥonƃɥʇɟnʅ‬"},{"$i":"ringer_wit","$v":"‮Ｍıʇ‬"},{"$i":"ringer_zen","$v":"‮Zǝu‬"},{"$i":"notifier_bells","$v":"‮Ԑǝʅʅs‬"},{"$i":"notifier_bloom","$v":"‮Ԑʅooɯ‬"},{"$i":"notifier_chime","$v":"‮Ↄɥıɯǝ‬"},{"$i":"notifier_clicka","$v":"‮Ↄʅıɔʞɐ‬"},{"$i":"notifier_digi","$v":"‮pıƃı‬"},{"$i":"notifier_dropplet","$v":"‮pɹoddʅǝʇ‬"},{"$i":"notifier_firefox2","$v":[{"t":"idOrVar","v":"ringtoneBrandName"}]},{"$i":"notifier_hello","$v":"‮Hǝʅʅo‬"},{"$i":"notifier_lowmarble","$v":"‮˥oʍ‬ ‮Wɐɹqʅǝ‬"},{"$i":"notifier_ping","$v":"‮Ԁıuƃ‬"},{"$i":"notifier_plickle","$v":"‮Ԁʅıɔʞʅǝ‬"},{"$i":"notifier_pocko","$v":"‮Ԁoɔʞo‬"},{"$i":"notifier_quado","$v":"‮Ònɐpo‬"},{"$i":"notifier_red","$v":"‮ᴚǝp‬"},{"$i":"notifier_sato","$v":"‮Sɐʇo‬"},{"$i":"notifier_swipo","$v":"‮Sʍıdo‬"},{"$i":"notifier_trickleup","$v":"‮⊥ɹıɔʞʅǝ‬ ‮∩d‬"},{"$i":"notifier_trink","$v":"‮⊥ɹıuʞ‬"},{"$i":"notifier_verse","$v":"‮Ʌǝɹsǝ‬"},{"$i":"manage-title-2","$v":"‮Wɐuɐƃǝ‬ ‮⊥ouǝs‬"},{"$i":"actions-share-ringtone","$v":"‮Sɥɐɹǝ‬ ‮ɹıuƃʇouǝ‬"},{"$i":"actions-delete-ringtone","$v":"‮pǝʅǝʇǝ‬ ‮ɹıuƃʇouǝ‬"},{"$i":"actions-share-alerttone","$v":"‮Sɥɐɹǝ‬ ‮ɐʅǝɹʇ‬"},{"$i":"actions-delete-alerttone","$v":"‮pǝʅǝʇǝ‬ ‮ɐʅǝɹʇ‬"},{"$i":"actions-cancel","$v":"‮Ↄɐuɔǝʅ‬"},{"$i":"delete-title-ringtone","$v":"‮pǝʅǝʇǝ‬ ‮ᴚıuƃʇouǝ‬"},{"$i":"delete-title-alerttone","$v":"‮pǝʅǝʇǝ‬ ‮∀ʅǝɹʇ‬"},{"$i":"delete-message","$v":["‮∀ɹǝ‬ ‮ʎon‬ ‮snɹǝ‬ ‮ʎon‬ ‮ʍɐuʇ‬ ‮ʇo‬ ‮pǝʅǝʇǝ‬ \"<bdi>",{"t":"idOrVar","v":"tone"},"</bdi>\"?"]},{"$i":"delete-message-default-ringtone","$v":["\"<bdi>",{"t":"idOrVar","v":"tone"},"</bdi>\" ‮ıs‬ ‮ʇɥǝ‬ ‮ɔnɹɹǝuʇ‬ ‮pǝɟɐnʅʇ‬ ‮ɹıuƃʇouǝ‬.<br><br>‮∀ɹǝ‬ ‮ʎon‬ ‮snɹǝ‬ ‮ʎon‬ ‮ʍɐuʇ‬ ‮ʇo‬ ‮pǝʅǝʇǝ‬ ‮ıʇ‬?"]},{"$i":"delete-message-default-alerttone","$v":["\"<bdi>",{"t":"idOrVar","v":"tone"},"</bdi>\" ‮ıs‬ ‮ʇɥǝ‬ ‮ɔnɹɹǝuʇ‬ ‮pǝɟɐnʅʇ‬ ‮ɐʅǝɹʇ‬.<br><br>‮∀ɹǝ‬ ‮ʎon‬ ‮snɹǝ‬ ‮ʎon‬ ‮ʍɐuʇ‬ ‮ʇo‬ ‮pǝʅǝʇǝ‬ ‮ıʇ‬?"]},{"$i":"delete-cancel","$v":"‮Ↄɐuɔǝʅ‬"},{"$i":"delete-confirm","$v":"‮pǝʅǝʇǝ‬"},{"$i":"deleted-ringtone","$v":"‮ᴚıuƃʇouǝ‬ ‮pǝʅǝʇǝp‬."},{"$i":"deleted-alerttone","$v":"‮∀ʅǝɹʇ‬ ‮pǝʅǝʇǝp‬."},{"$i":"created-tone","$v":"‮Nǝʍ‬ ‮ɹıuƃʇouǝ‬ ‮ɔɹǝɐʇǝp‬."},{"$i":"set-default-tone","$v":"‮ᴚıuƃʇouǝ‬ ‮sǝʇ‬ ‮ɐs‬ ‮pǝɟɐnʅʇ‬."},{"$i":"sd-card-subtitle","$v":"‮Sp‬ ‮Ↄɐɹp‬"},{"$i":"pick-title","$v":"‮Sǝʅǝɔʇ‬ ‮Sonup‬"},{"$i":"pick-set","$v":"‮Sǝʇ‬"},{"$i":"section-title-builtin-ringtone","$v":[{"t":"idOrVar","v":"ringtoneSectionBrandName"}," ‮ᴚıuƃʇouǝs‬"]},{"$i":"section-title-builtin-alerttone","$v":[{"t":"idOrVar","v":"ringtoneSectionBrandName"}," ‮∀ʅǝɹʇs‬"]},{"$i":"section-title-custom-ringtone","$v":"‮Wʎ‬ ‮ᴚıuƃʇouǝs‬"},{"$i":"section-title-custom-alerttone","$v":"‮Wʎ‬ ‮∀ʅǝɹʇs‬"},{"$i":"create-title","$v":"‮Ↄɹǝɐʇǝ‬ ‮ᴚıuƃʇouǝ‬"},{"$i":"create-save","$v":"‮Sɐʌǝ‬"},{"$i":"create-cancel","$v":"‮Ↄɐuɔǝʅ‬"},{"$i":"play-error-title","$v":"‮Ↄoɹɹndʇǝp‬ ‮ɟıʅǝ‬"},{"$i":"play-error-desc","$v":"‮⊥ɥǝ‬ ‮ɟıʅǝ‬ ‮ıs‬ ‮ɔoɹɹndʇǝp‬. ‮Iʇ‬ ‮ɔɐuuoʇ‬ ‮qǝ‬ ‮nsǝp‬ ‮ʇo‬ ‮ɔɹǝɐʇǝ‬ ‮ɐ‬ ‮ɹıuƃʇouǝ‬."},{"$i":"save-error-title","$v":"‮ᴚıuƃʇouǝ‬ ‮Noʇ‬ ‮Ↄɹǝɐʇǝp‬"},{"$i":"save-error-desc","$v":"‮⊥ɥǝɹǝ‬ ‮ʍɐs‬ ‮ɐu‬ ‮ıssnǝ‬ ‮ɔɹǝɐʇıuƃ‬ ‮ʇɥǝ‬ ‮ɹıuƃʇouǝ‬. ‮Ԁʅǝɐsǝ‬ ‮ʇɹʎ‬ ‮ɐƃɐıu‬."},{"$i":"default-label","$v":"‮∩sǝ‬ ‮ɐs‬ ‮pǝɟɐnʅʇ‬ ‮ɹıuƃʇouǝ‬"},{"$i":"ok","$v":"‮OӼ‬"},{"$i":"ringtone-untitled","$v":"‮∩uʇıʇʅǝp‬"},{"$i":"addButton","ariaLabel":"‮∀pp‬"}]