[{"$i":"brandShortName","$v":"Ɓ2Ɠ ǾǿŞ"},{"$i":"browserBrandShortName","$v":"Ẇḗḗƀ Ɓřǿǿẇşḗḗř"},{"$i":"browserBrandFullName","$v":"Ḿǿǿẑīīŀŀȧȧ Ẇḗḗƀ Ɓřǿǿẇşḗḗř"},{"$i":"ringtoneBrandName","$v":"Ḓḗḗƒȧȧŭŭŀŧ"},{"$i":"ringtoneSectionBrandName","$v":"Şẏşŧḗḗḿ"},{"$i":"ringtone-none","$v":"Ƞǿǿƞḗḗ"},{"$i":"ringer_bubble","$v":"Ɓŭŭƀƀŀḗḗ"},{"$i":"ringer_chimer","$v":"Ƈħīīḿḗḗř"},{"$i":"ringer_cunning","$v":"Ƈŭŭƞƞīīƞɠ"},{"$i":"ringer_dulco","$v":"Ḓŭŭŀƈǿǿ"},{"$i":"ringer_firefox2","$v":[{"t":"idOrVar","v":"ringtoneBrandName"}]},{"$i":"ringer_garden","$v":"Ɠȧȧřḓḗḗƞ"},{"$i":"ringer_marbled","$v":"Ḿȧȧřƀŀḗḗḓ"},{"$i":"ringer_opti","$v":"Ǿǿƥŧīī"},{"$i":"ringer_pecko","$v":"Ƥḗḗƈķǿǿ"},{"$i":"ringer_pingy","$v":"Ƥīīƞɠẏ"},{"$i":"ringer_poppop","$v":"Ƥǿǿƥ Ƥǿǿƥ"},{"$i":"ringer_sata","$v":"Şȧȧŧȧȧ"},{"$i":"ringer_simple","$v":"Ƈŀḗḗȧȧƞ"},{"$i":"ringer_standard1","$v":"Ƈŀȧȧşşīīƈ"},{"$i":"ringer_standard2","$v":"Ƈŀȧȧşşīīƈ Ƒȧȧşŧ"},{"$i":"ringer_stutter","$v":"Şŧŭŭŧŧḗḗř"},{"$i":"ringer_symmetry","$v":"Şẏḿḿḗḗŧřẏ"},{"$i":"ringer_tailwind","$v":"Ŧȧȧīīŀ Ẇīīƞḓ"},{"$i":"ringer_thoughtful","$v":"Ŧħǿǿŭŭɠħŧƒŭŭŀ"},{"$i":"ringer_wit","$v":"Ẇīīŧ"},{"$i":"ringer_zen","$v":"Ẑḗḗƞ"},{"$i":"notifier_bells","$v":"Ɓḗḗŀŀş"},{"$i":"notifier_bloom","$v":"Ɓŀǿǿǿǿḿ"},{"$i":"notifier_chime","$v":"Ƈħīīḿḗḗ"},{"$i":"notifier_clicka","$v":"Ƈŀīīƈķȧȧ"},{"$i":"notifier_digi","$v":"Ḓīīɠīī"},{"$i":"notifier_dropplet","$v":"Ḓřǿǿƥƥŀḗḗŧ"},{"$i":"notifier_firefox2","$v":[{"t":"idOrVar","v":"ringtoneBrandName"}]},{"$i":"notifier_hello","$v":"Ħḗḗŀŀǿǿ"},{"$i":"notifier_lowmarble","$v":"Ŀǿǿẇ Ḿȧȧřƀŀḗḗ"},{"$i":"notifier_ping","$v":"Ƥīīƞɠ"},{"$i":"notifier_plickle","$v":"Ƥŀīīƈķŀḗḗ"},{"$i":"notifier_pocko","$v":"Ƥǿǿƈķǿǿ"},{"$i":"notifier_quado","$v":"Ɋŭŭȧȧḓǿǿ"},{"$i":"notifier_red","$v":"Řḗḗḓ"},{"$i":"notifier_sato","$v":"Şȧȧŧǿǿ"},{"$i":"notifier_swipo","$v":"Şẇīīƥǿǿ"},{"$i":"notifier_trickleup","$v":"Ŧřīīƈķŀḗḗ Ŭŭƥ"},{"$i":"notifier_trink","$v":"Ŧřīīƞķ"},{"$i":"notifier_verse","$v":"Ṽḗḗřşḗḗ"},{"$i":"manage-title-2","$v":"Ḿȧȧƞȧȧɠḗḗ Ŧǿǿƞḗḗş"},{"$i":"actions-share-ringtone","$v":"Şħȧȧřḗḗ řīīƞɠŧǿǿƞḗḗ"},{"$i":"actions-delete-ringtone","$v":"Ḓḗḗŀḗḗŧḗḗ řīīƞɠŧǿǿƞḗḗ"},{"$i":"actions-share-alerttone","$v":"Şħȧȧřḗḗ ȧȧŀḗḗřŧ"},{"$i":"actions-delete-alerttone","$v":"Ḓḗḗŀḗḗŧḗḗ ȧȧŀḗḗřŧ"},{"$i":"actions-cancel","$v":"Ƈȧȧƞƈḗḗŀ"},{"$i":"delete-title-ringtone","$v":"Ḓḗḗŀḗḗŧḗḗ Řīīƞɠŧǿǿƞḗḗ"},{"$i":"delete-title-alerttone","$v":"Ḓḗḗŀḗḗŧḗḗ Ȧȧŀḗḗřŧ"},{"$i":"delete-message","$v":["Ȧȧřḗḗ ẏǿǿŭŭ şŭŭřḗḗ ẏǿǿŭŭ ẇȧȧƞŧ ŧǿǿ ḓḗḗŀḗḗŧḗḗ \"<bdi>",{"t":"idOrVar","v":"tone"},"</bdi>\"?"]},{"$i":"delete-message-default-ringtone","$v":["\"<bdi>",{"t":"idOrVar","v":"tone"},"</bdi>\" īīş ŧħḗḗ ƈŭŭřřḗḗƞŧ ḓḗḗƒȧȧŭŭŀŧ řīīƞɠŧǿǿƞḗḗ.<br><br>Ȧȧřḗḗ ẏǿǿŭŭ şŭŭřḗḗ ẏǿǿŭŭ ẇȧȧƞŧ ŧǿǿ ḓḗḗŀḗḗŧḗḗ īīŧ?"]},{"$i":"delete-message-default-alerttone","$v":["\"<bdi>",{"t":"idOrVar","v":"tone"},"</bdi>\" īīş ŧħḗḗ ƈŭŭřřḗḗƞŧ ḓḗḗƒȧȧŭŭŀŧ ȧȧŀḗḗřŧ.<br><br>Ȧȧřḗḗ ẏǿǿŭŭ şŭŭřḗḗ ẏǿǿŭŭ ẇȧȧƞŧ ŧǿǿ ḓḗḗŀḗḗŧḗḗ īīŧ?"]},{"$i":"delete-cancel","$v":"Ƈȧȧƞƈḗḗŀ"},{"$i":"delete-confirm","$v":"Ḓḗḗŀḗḗŧḗḗ"},{"$i":"deleted-ringtone","$v":"Řīīƞɠŧǿǿƞḗḗ ḓḗḗŀḗḗŧḗḗḓ."},{"$i":"deleted-alerttone","$v":"Ȧȧŀḗḗřŧ ḓḗḗŀḗḗŧḗḗḓ."},{"$i":"created-tone","$v":"Ƞḗḗẇ řīīƞɠŧǿǿƞḗḗ ƈřḗḗȧȧŧḗḗḓ."},{"$i":"set-default-tone","$v":"Řīīƞɠŧǿǿƞḗḗ şḗḗŧ ȧȧş ḓḗḗƒȧȧŭŭŀŧ."},{"$i":"sd-card-subtitle","$v":"ŞḒ Ƈȧȧřḓ"},{"$i":"pick-title","$v":"Şḗḗŀḗḗƈŧ Şǿǿŭŭƞḓ"},{"$i":"pick-set","$v":"Şḗḗŧ"},{"$i":"section-title-builtin-ringtone","$v":[{"t":"idOrVar","v":"ringtoneSectionBrandName"}," Řīīƞɠŧǿǿƞḗḗş"]},{"$i":"section-title-builtin-alerttone","$v":[{"t":"idOrVar","v":"ringtoneSectionBrandName"}," Ȧȧŀḗḗřŧş"]},{"$i":"section-title-custom-ringtone","$v":"Ḿẏ Řīīƞɠŧǿǿƞḗḗş"},{"$i":"section-title-custom-alerttone","$v":"Ḿẏ Ȧȧŀḗḗřŧş"},{"$i":"create-title","$v":"Ƈřḗḗȧȧŧḗḗ Řīīƞɠŧǿǿƞḗḗ"},{"$i":"create-save","$v":"Şȧȧṽḗḗ"},{"$i":"create-cancel","$v":"Ƈȧȧƞƈḗḗŀ"},{"$i":"play-error-title","$v":"Ƈǿǿřřŭŭƥŧḗḗḓ Ƒīīŀḗḗ"},{"$i":"play-error-desc","$v":"Ŧħḗḗ ƒīīŀḗḗ īīş ƈǿǿřřŭŭƥŧḗḗḓ. Īīŧ ƈȧȧƞƞǿǿŧ ƀḗḗ ŭŭşḗḗḓ ŧǿǿ ƈřḗḗȧȧŧḗḗ ȧȧ řīīƞɠŧǿǿƞḗḗ."},{"$i":"save-error-title","$v":"Řīīƞɠŧǿǿƞḗḗ Ƞǿǿŧ Ƈřḗḗȧȧŧḗḗḓ"},{"$i":"save-error-desc","$v":"Ŧħḗḗřḗḗ ẇȧȧş ȧȧƞ īīşşŭŭḗḗ ƈřḗḗȧȧŧīīƞɠ ŧħḗḗ řīīƞɠŧǿǿƞḗḗ. Ƥŀḗḗȧȧşḗḗ ŧřẏ ȧȧɠȧȧīīƞ."},{"$i":"default-label","$v":"Ŭŭşḗḗ ȧȧş ḓḗḗƒȧȧŭŭŀŧ řīīƞɠŧǿǿƞḗḗ"},{"$i":"ok","$v":"ǾǿĶ"},{"$i":"ringtone-untitled","$v":"Ŭŭƞŧīīŧŀḗḗḓ"},{"$i":"addButton","ariaLabel":"Ȧȧḓḓ"}]