[{"$i":"add-to-home-title","$v":"Ȧȧḓḓ ŧǿǿ Ħǿǿḿḗḗ"},{"$i":"edit-bookmark-title","$v":"Ḗḗḓīīŧ ƀǿǿǿǿķḿȧȧřķ"},{"$i":"added-to-home-screen-message","$v":"Ȧȧḓḓḗḗḓ ŧǿǿ ħǿǿḿḗḗ şƈřḗḗḗḗƞ"},{"$i":"updated-bookmark","$v":"Ŭŭƥḓȧȧŧḗḗḓ ƀǿǿǿǿķḿȧȧřķ"},{"$i":"done-action","$v":"Ḓǿǿƞḗḗ"},{"$i":"add-action","$v":"Ȧȧḓḓ"},{"$i":"cancel-action","$v":"Ƈȧȧƞƈḗḗŀ"},{"$i":"add-application","$v":"Ȧȧḓḓ Ȧȧƥƥŀīīƈȧȧŧīīǿǿƞ"},{"$i":"add","$v":"Ȧȧḓḓ"},{"$i":"application-available","$v":"Ȧȧƞ ȧȧƥƥŀīīƈȧȧŧīīǿǿƞ īīş ȧȧṽȧȧīīŀȧȧƀŀḗḗ ƒǿǿř ŧħīīş ẇḗḗƀ şīīŧḗḗ."},{"$i":"remove-title","$v":["Řḗḗḿǿǿṽḗḗ ",{"t":"idOrVar","v":"name"}]},{"$i":"remove-message","$v":["Řḗḗḿǿǿṽḗḗ ",{"t":"idOrVar","v":"name"}," ƒřǿǿḿ şẏşŧḗḗḿ?"]},{"$i":"remove-action","$v":"Řḗḗḿǿǿṽḗḗ"}]