[{"$i":"add-to-home-title","$v":"‮∀pp‬ ‮ʇo‬ ‮Hoɯǝ‬"},{"$i":"edit-bookmark-title","$v":"‮Ǝpıʇ‬ ‮qooʞɯɐɹʞ‬"},{"$i":"added-to-home-screen-message","$v":"‮∀ppǝp‬ ‮ʇo‬ ‮ɥoɯǝ‬ ‮sɔɹǝǝu‬"},{"$i":"updated-bookmark","$v":"‮∩dpɐʇǝp‬ ‮qooʞɯɐɹʞ‬"},{"$i":"done-action","$v":"‮pouǝ‬"},{"$i":"add-action","$v":"‮∀pp‬"},{"$i":"cancel-action","$v":"‮Ↄɐuɔǝʅ‬"},{"$i":"add-application","$v":"‮∀pp‬ ‮∀ddʅıɔɐʇıou‬"},{"$i":"add","$v":"‮∀pp‬"},{"$i":"application-available","$v":"‮∀u‬ ‮ɐddʅıɔɐʇıou‬ ‮ıs‬ ‮ɐʌɐıʅɐqʅǝ‬ ‮ɟoɹ‬ ‮ʇɥıs‬ ‮ʍǝq‬ ‮sıʇǝ‬."},{"$i":"remove-title","$v":["‮ᴚǝɯoʌǝ‬ ",{"t":"idOrVar","v":"name"}]},{"$i":"remove-message","$v":["‮ᴚǝɯoʌǝ‬ ",{"t":"idOrVar","v":"name"}," ‮ɟɹoɯ‬ ‮sʎsʇǝɯ‬?"]},{"$i":"remove-action","$v":"‮ᴚǝɯoʌǝ‬"}]