[{"$i":"number-selected2","$v":{"zero":"‮Sǝʅǝɔʇ‬","one":[{"t":"idOrVar","v":"n"}," ‮sǝʅǝɔʇǝp‬"],"two":[{"t":"idOrVar","v":"n"}," ‮sǝʅǝɔʇǝp‬"],"few":[{"t":"idOrVar","v":"n"}," ‮sǝʅǝɔʇǝp‬"],"many":[{"t":"idOrVar","v":"n"}," ‮sǝʅǝɔʇǝp‬"],"other":[{"t":"idOrVar","v":"n"}," ‮sǝʅǝɔʇǝp‬"]},"$x":[{"t":"idOrVar","v":"plural"},"n"]},{"$i":"delete-photo?","$v":"‮pǝʅǝʇǝ‬ ‮dɥoʇo‬?"},{"$i":"delete-video?","$v":"‮pǝʅǝʇǝ‬ ‮ʌıpǝo‬?"},{"$i":"delete-n-items?","$v":{"zero":"‮Noʇɥıuƃ‬ ‮sǝʅǝɔʇǝp‬","one":"‮pǝʅǝʇǝ‬ ‮sǝʅǝɔʇǝp‬ ‮ıʇǝɯ‬?","two":["‮pǝʅǝʇǝ‬ ",{"t":"idOrVar","v":"n"}," ‮ıʇǝɯs‬?"],"few":["‮pǝʅǝʇǝ‬ ",{"t":"idOrVar","v":"n"}," ‮ıʇǝɯs‬?"],"many":["‮pǝʅǝʇǝ‬ ",{"t":"idOrVar","v":"n"}," ‮ıʇǝɯs‬?"],"other":["‮pǝʅǝʇǝ‬ ",{"t":"idOrVar","v":"n"}," ‮ıʇǝɯs‬?"]},"$x":[{"t":"idOrVar","v":"plural"},"n"]},{"$i":"pickoneimage2","$v":"‮Sǝʅǝɔʇ‬"},{"$i":"cropimage","$v":"‮Ↄɹod‬"},{"$i":"cancel","$v":"‮Ↄɐuɔǝʅ‬"},{"$i":"delete","$v":"‮pǝʅǝʇǝ‬"},{"$i":"ok","$v":"‮OӼ‬"},{"$i":"edit","$v":"‮Ǝpıʇ‬"},{"$i":"save","$v":"‮Sɐʌǝ‬"},{"$i":"done","$v":"‮pouǝ‬"},{"$i":"exposure","$v":"‮Ǝxdosnɹǝ‬"},{"$i":"crop","$v":"‮Ↄɹod‬"},{"$i":"effects","$v":"‮Ǝɟɟǝɔʇs‬"},{"$i":"borders","$v":"‮Ԑoɹpǝɹs‬"},{"$i":"enhance-on","$v":"‮∀nʇo‬-‮ǝuɥɐuɔǝ‬ ‮ou‬"},{"$i":"enhance-off","$v":"‮∀nʇo‬-‮ǝuɥɐuɔǝ‬ ‮oɟɟ‬"},{"$i":"apply","$v":"‮∀ddʅʎ‬"},{"$i":"filters","$v":"‮ɟıʅʇǝɹs‬"},{"$i":"original","$v":"‮Oɹıƃıuɐʅ‬"},{"$i":"blackandwhite","$v":"‮Ԑ‬&‮Ｍ‬"},{"$i":"sepia","$v":"‮Sǝdıɐ‬"},{"$i":"freeform","$v":"‮ɟɹǝǝɟoɹɯ‬"},{"$i":"portrait","$v":"‮Ԁoɹʇɹɐıʇ‬"},{"$i":"landscape","$v":"‮˥ɐupsɔɐdǝ‬"},{"$i":"square","$v":"‮Sbnɐɹǝ‬"},{"$i":"emptygallery2-title","$v":"‮No‬ ‮dɥoʇos‬ ‮oɹ‬ ‮ʌıpǝos‬"},{"$i":"emptygallery2-text","$v":"‮∩sǝ‬ ‮ʇɥǝ‬ ‮Ↄɐɯǝɹɐ‬ ‮ɐdd‬ ‮ʇo‬ ‮ƃǝʇ‬ ‮sʇɐɹʇǝp‬."},{"$i":"emptygallery2-title-pick","$v":"‮No‬ ‮dɥoʇos‬"},{"$i":"nocard3-title","$v":"‮No‬ ‮ɯǝɯoɹʎ‬ ‮ɔɐɹp‬"},{"$i":"nocard4-text","$v":"‮Iusǝɹʇ‬ ‮ɐ‬ ‮ɯǝɯoɹʎ‬ ‮ɔɐɹp‬ ‮ʇo‬ ‮nsǝ‬ ‮ʇɥıs‬ ‮ɐdd‬."},{"$i":"pluggedin2-title","$v":"‮Wǝɯoɹʎ‬ ‮ɔɐɹp‬ ‮ıu‬ ‮nsǝ‬"},{"$i":"pluggedin2-text","$v":"‮∩udʅnƃ‬ ‮ʇɥǝ‬ ‮dɥouǝ‬ ‮ʇo‬ ‮nsǝ‬ ‮ʇɥıs‬ ‮ɐdd‬."},{"$i":"scanning-title","$v":"‮Sɔɐuuıuƃ‬"},{"$i":"scanning-text","$v":"‮˥ooʞıuƃ‬ ‮ɟoɹ‬ ‮dɥoʇos‬ ‮ɐup‬ ‮ʌıpǝos‬."},{"$i":"upgrade-title","$v":"‮pɐʇɐqɐsǝ‬ ‮∩dƃɹɐpǝ‬"},{"$i":"upgrade-text","$v":"‮Ԁʅǝɐsǝ‬ ‮ʍɐıʇ‬ ‮ʍɥıʅǝ‬ ‮פɐʅʅǝɹʎ‬ ‮ndpɐʇǝs‬ ‮ıʇs‬ ‮pɐʇɐqɐsǝ‬."},{"$i":"share-noprovider","$v":"‮Ↄɐu‬ ‮uoʇ‬ ‮sɥɐɹǝ‬ ‮ʇɥıs‬ ‮ıɯɐƃǝ‬ ‮ɟıʅǝ‬ ‮ʇʎdǝ‬."},{"$i":"memorycardfull","$v":"‮Ↄɐu‬ ‮uoʇ‬ ‮ǝpıʇ‬ ‮dɥoʇos‬: ‮Wǝɯoɹʎ‬ ‮ɔɐɹp‬ ‮ıs‬ ‮ɟnʅʅ‬."},{"$i":"imagetoobig","$v":"‮Iɯɐƃǝ‬ ‮ıs‬ ‮ʇoo‬ ‮ʅɐɹƃǝ‬ ‮ʇo‬ ‮pısdʅɐʎ‬ ‮ou‬ ‮ʇɥıs‬ ‮pǝʌıɔǝ‬."},{"$i":"imageinvalid","$v":"‮Iɯɐƃǝ‬ ‮ıs‬ ‮ıuʌɐʅıp‬ ‮oɹ‬ ‮ɔoɹɹndʇ‬ ‮ɐup‬ ‮ɔɐuuoʇ‬ ‮qǝ‬ ‮pısdʅɐʎǝp‬."},{"$i":"saved","$v":[{"t":"idOrVar","v":"filename"}," ‮sɐʌǝp‬ ‮ʇo‬ ‮פɐʅʅǝɹʎ‬"]},{"$i":"edit-copy-saved","$v":"‮Nǝʍ‬ ‮ɔodʎ‬ ‮sɐʌǝp‬."},{"$i":"overlay-camera-button","$v":"‮פo‬ ‮ʇo‬ ‮Ↄɐɯǝɹɐ‬"},{"$i":"name-label","$v":"‮Nɐɯǝ‬"},{"$i":"size-label","$v":"‮Sızǝ‬"},{"$i":"image-type-label","$v":"‮Iɯɐƃǝ‬ ‮⊥ʎdǝ‬"},{"$i":"date-taken-label","$v":"‮pɐʇǝ‬ ‮⊥ɐʞǝu‬"},{"$i":"resolution-label","$v":"‮ᴚǝsoʅnʇıou‬"},{"$i":"close-button","$v":"‮Ↄʅosǝ‬"},{"$i":"byteUnit-B","$v":"‮Ԑʎʇǝs‬"},{"$i":"byteUnit-KB","$v":"‮ӼԐ‬"},{"$i":"byteUnit-MB","$v":"‮WԐ‬"},{"$i":"byteUnit-GB","$v":"‮פԐ‬"},{"$i":"gallery","$v":"‮פɐʅʅǝɹʎ‬"},{"$i":"preview","$v":"‮Ԁɹǝʌıǝʍ‬"},{"$i":"date-group-header","$v":"%B %Y"},{"$i":"videoDescriptionShort","$v":"‮Ʌıpǝo‬ ‮pɐʇǝp‬ %I:%M %p, %B %e, %Y"},{"$i":"imageDescriptionShort","$v":"‮Iɯɐƃǝ‬ ‮pɐʇǝp‬ %I:%M %p, %B %e, %Y"},{"$i":"back-button","ariaLabel":"‮Ԑɐɔʞ‬"},{"$i":"crop-options","ariaLabel":"‮Ↄɹod‬"},{"$i":"crop-aspect-free","ariaLabel":"‮Ↄnsʇoɯ‬ ‮ɐsdǝɔʇ‬ ‮ɹɐʇıo‬"},{"$i":"crop-aspect-portrait","ariaLabel":"‮Ԁoɹʇɹɐıʇ‬ ‮ɐsdǝɔʇ‬ ‮ɹɐʇıo‬"},{"$i":"crop-aspect-landscape","ariaLabel":"‮˥ɐupsɔɐdǝ‬ ‮ɐsdǝɔʇ‬ ‮ɹɐʇıo‬"},{"$i":"crop-aspect-square","ariaLabel":"‮Sbnɐɹǝ‬ ‮ɐsdǝɔʇ‬ ‮ɹɐʇıo‬"},{"$i":"crop-aspect-more","ariaLabel":"‮Woɹǝ‬ ‮ɐsdǝɔʇ‬ ‮ɹɐʇıos‬"},{"$i":"crop-aspect-3x4","$v":"3:4 ‮doɹʇɹɐıʇ‬"},{"$i":"crop-aspect-4x3","$v":"4:3 ‮ʅɐupsɔɐdǝ‬"},{"$i":"crop-aspect-16x9","$v":"16:9 ‮ʅɐupsɔɐdǝ‬"},{"$i":"effect-options","ariaLabel":"‮Ǝɟɟǝɔʇ‬"},{"$i":"effect-none","ariaLabel":"‮Nouǝ‬"},{"$i":"effect-bw","ariaLabel":"‮Ԑʅɐɔʞ‬ ‮ɐup‬ ‮ʍɥıʇǝ‬"},{"$i":"effect-sepia","ariaLabel":"‮Sǝdıɐ‬"},{"$i":"effect-bluesteel","ariaLabel":"‮Ԑʅnǝ‬ ‮sʇǝǝʅ‬"},{"$i":"effect-faded","ariaLabel":"‮ɟɐpǝp‬"},{"$i":"exposure-button","ariaLabel":"‮Ǝxdosnɹǝ‬"},{"$i":"crop-button","ariaLabel":"‮Ↄɹod‬"},{"$i":"effect-button","ariaLabel":"‮Ǝɟɟǝɔʇs‬"},{"$i":"enhance-button","ariaLabel":"‮Ǝuɥɐuɔǝ‬"},{"$i":"camera-button","ariaLabel":"‮Ↄɐɯǝɹɐ‬"},{"$i":"select-multiple-button","ariaLabel":"‮Sǝʅǝɔʇ‬ ‮ɯnʅʇıdʅǝ‬"},{"$i":"edit-button","ariaLabel":"‮Ǝpıʇ‬"},{"$i":"share-button","ariaLabel":"‮Sɥɐɹǝ‬"},{"$i":"info-button","ariaLabel":"‮Iuɟoɹɯɐʇıou‬"},{"$i":"delete-button","ariaLabel":"‮pǝʅǝʇǝ‬"},{"$i":"editImagePreview","ariaLabel":"‮Ǝpıʇ‬ ‮ıɯɐƃǝ‬ ‮dɹǝʌıǝʍ‬"},{"$i":"weekday-0-long","$v":"‮Snupɐʎ‬"},{"$i":"weekday-1-long","$v":"‮Woupɐʎ‬"},{"$i":"weekday-2-long","$v":"‮⊥nǝspɐʎ‬"},{"$i":"weekday-3-long","$v":"‮Ｍǝpuǝspɐʎ‬"},{"$i":"weekday-4-long","$v":"‮⊥ɥnɹspɐʎ‬"},{"$i":"weekday-5-long","$v":"‮ɟɹıpɐʎ‬"},{"$i":"weekday-6-long","$v":"‮Sɐʇnɹpɐʎ‬"},{"$i":"weekday-0-short","$v":"‮Snu‬"},{"$i":"weekday-1-short","$v":"‮Wou‬"},{"$i":"weekday-2-short","$v":"‮⊥nǝ‬"},{"$i":"weekday-3-short","$v":"‮Ｍǝp‬"},{"$i":"weekday-4-short","$v":"‮⊥ɥn‬"},{"$i":"weekday-5-short","$v":"‮ɟɹı‬"},{"$i":"weekday-6-short","$v":"‮Sɐʇ‬"},{"$i":"month-0-long","$v":"‮ſɐunɐɹʎ‬"},{"$i":"month-1-long","$v":"‮ɟǝqɹnɐɹʎ‬"},{"$i":"month-2-long","$v":"‮Wɐɹɔɥ‬"},{"$i":"month-3-long","$v":"‮∀dɹıʅ‬"},{"$i":"month-4-long","$v":"‮Wɐʎ‬"},{"$i":"month-5-long","$v":"‮ſnuǝ‬"},{"$i":"month-6-long","$v":"‮ſnʅʎ‬"},{"$i":"month-7-long","$v":"‮∀nƃnsʇ‬"},{"$i":"month-8-long","$v":"‮Sǝdʇǝɯqǝɹ‬"},{"$i":"month-9-long","$v":"‮Oɔʇoqǝɹ‬"},{"$i":"month-10-long","$v":"‮Noʌǝɯqǝɹ‬"},{"$i":"month-11-long","$v":"‮pǝɔǝɯqǝɹ‬"},{"$i":"month-0-genitive","$v":"‮ſɐunɐɹʎ‬"},{"$i":"month-1-genitive","$v":"‮ɟǝqɹnɐɹʎ‬"},{"$i":"month-2-genitive","$v":"‮Wɐɹɔɥ‬"},{"$i":"month-3-genitive","$v":"‮∀dɹıʅ‬"},{"$i":"month-4-genitive","$v":"‮Wɐʎ‬"},{"$i":"month-5-genitive","$v":"‮ſnuǝ‬"},{"$i":"month-6-genitive","$v":"‮ſnʅʎ‬"},{"$i":"month-7-genitive","$v":"‮∀nƃnsʇ‬"},{"$i":"month-8-genitive","$v":"‮Sǝdʇǝɯqǝɹ‬"},{"$i":"month-9-genitive","$v":"‮Oɔʇoqǝɹ‬"},{"$i":"month-10-genitive","$v":"‮Noʌǝɯqǝɹ‬"},{"$i":"month-11-genitive","$v":"‮pǝɔǝɯqǝɹ‬"},{"$i":"month-0-short","$v":"‮ſɐu‬"},{"$i":"month-1-short","$v":"‮ɟǝq‬"},{"$i":"month-2-short","$v":"‮Wɐɹ‬"},{"$i":"month-3-short","$v":"‮∀dɹ‬"},{"$i":"month-4-short","$v":"‮Wɐʎ‬"},{"$i":"month-5-short","$v":"‮ſnu‬"},{"$i":"month-6-short","$v":"‮ſnʅ‬"},{"$i":"month-7-short","$v":"‮∀nƃ‬"},{"$i":"month-8-short","$v":"‮Sǝd‬"},{"$i":"month-9-short","$v":"‮Oɔʇ‬"},{"$i":"month-10-short","$v":"‮Noʌ‬"},{"$i":"month-11-short","$v":"‮pǝɔ‬"},{"$i":"minutes-ago-long","$v":{"zero":"‮ɾnsʇ‬ ‮uoʍ‬","one":"‮ɐ‬ ‮ɯıunʇǝ‬ ‮ɐƃo‬","two":[{"t":"idOrVar","v":"value"}," ‮ɯıunʇǝs‬ ‮ɐƃo‬"],"few":[{"t":"idOrVar","v":"value"}," ‮ɯıunʇǝs‬ ‮ɐƃo‬"],"many":[{"t":"idOrVar","v":"value"}," ‮ɯıunʇǝs‬ ‮ɐƃo‬"],"other":[{"t":"idOrVar","v":"value"}," ‮ɯıunʇǝs‬ ‮ɐƃo‬"]},"$x":[{"t":"idOrVar","v":"plural"},"value"]},{"$i":"hours-ago-long","$v":{"zero":"‮ɾnsʇ‬ ‮uoʍ‬","one":"‮ɐu‬ ‮ɥonɹ‬ ‮ɐƃo‬","two":[{"t":"idOrVar","v":"value"}," ‮ɥonɹs‬ ‮ɐƃo‬"],"few":[{"t":"idOrVar","v":"value"}," ‮ɥonɹs‬ ‮ɐƃo‬"],"many":[{"t":"idOrVar","v":"value"}," ‮ɥonɹs‬ ‮ɐƃo‬"],"other":[{"t":"idOrVar","v":"value"}," ‮ɥonɹs‬ ‮ɐƃo‬"]},"$x":[{"t":"idOrVar","v":"plural"},"value"]},{"$i":"days-ago-long","$v":{"zero":"‮ʇopɐʎ‬","one":"‮ʎǝsʇǝɹpɐʎ‬","two":[{"t":"idOrVar","v":"value"}," ‮pɐʎs‬ ‮ɐƃo‬"],"few":[{"t":"idOrVar","v":"value"}," ‮pɐʎs‬ ‮ɐƃo‬"],"many":[{"t":"idOrVar","v":"value"}," ‮pɐʎs‬ ‮ɐƃo‬"],"other":[{"t":"idOrVar","v":"value"}," ‮pɐʎs‬ ‮ɐƃo‬"]},"$x":[{"t":"idOrVar","v":"plural"},"value"]},{"$i":"weeks-ago-long","$v":{"zero":"‮ʇɥıs‬ ‮ʍǝǝʞ‬","one":"‮ʅɐsʇ‬ ‮ʍǝǝʞ‬","two":[{"t":"idOrVar","v":"value"}," ‮ʍǝǝʞs‬ ‮ɐƃo‬"],"few":[{"t":"idOrVar","v":"value"}," ‮ʍǝǝʞs‬ ‮ɐƃo‬"],"many":[{"t":"idOrVar","v":"value"}," ‮ʍǝǝʞs‬ ‮ɐƃo‬"],"other":[{"t":"idOrVar","v":"value"}," ‮ʍǝǝʞs‬ ‮ɐƃo‬"]},"$x":[{"t":"idOrVar","v":"plural"},"value"]},{"$i":"months-ago-long","$v":{"zero":"‮ʇɥıs‬ ‮ɯouʇɥ‬","one":"‮ʅɐsʇ‬ ‮ɯouʇɥ‬","two":[{"t":"idOrVar","v":"value"}," ‮ɯouʇɥs‬ ‮ɐƃo‬"],"few":[{"t":"idOrVar","v":"value"}," ‮ɯouʇɥs‬ ‮ɐƃo‬"],"many":[{"t":"idOrVar","v":"value"}," ‮ɯouʇɥs‬ ‮ɐƃo‬"],"other":[{"t":"idOrVar","v":"value"}," ‮ɯouʇɥs‬ ‮ɐƃo‬"]},"$x":[{"t":"idOrVar","v":"plural"},"value"]},{"$i":"years-ago-long","$v":{"zero":"‮ʇɥıs‬ ‮ʎǝɐɹ‬","one":"‮ʅɐsʇ‬ ‮ʎǝɐɹ‬","two":[{"t":"idOrVar","v":"value"}," ‮ʎǝɐɹs‬ ‮ɐƃo‬"],"few":[{"t":"idOrVar","v":"value"}," ‮ʎǝɐɹs‬ ‮ɐƃo‬"],"many":[{"t":"idOrVar","v":"value"}," ‮ʎǝɐɹs‬ ‮ɐƃo‬"],"other":[{"t":"idOrVar","v":"value"}," ‮ʎǝɐɹs‬ ‮ɐƃo‬"]},"$x":[{"t":"idOrVar","v":"plural"},"value"]},{"$i":"minutes-until-long","$v":{"zero":"‮uoʍ‬","one":"‮ıu‬ ‮ɐ‬ ‮ɯıunʇǝ‬","two":["‮ıu‬ ",{"t":"idOrVar","v":"value"}," ‮ɯıunʇǝs‬"],"few":["‮ıu‬ ",{"t":"idOrVar","v":"value"}," ‮ɯıunʇǝs‬"],"many":["‮ıu‬ ",{"t":"idOrVar","v":"value"}," ‮ɯıunʇǝs‬"],"other":["‮ıu‬ ",{"t":"idOrVar","v":"value"}," ‮ɯıunʇǝs‬"]},"$x":[{"t":"idOrVar","v":"plural"},"value"]},{"$i":"hours-until-long","$v":{"zero":"‮uoʍ‬","one":"‮ıu‬ ‮ɐu‬ ‮ɥonɹ‬","two":["‮ıu‬ ",{"t":"idOrVar","v":"value"}," ‮ɥonɹs‬"],"few":["‮ıu‬ ",{"t":"idOrVar","v":"value"}," ‮ɥonɹs‬"],"many":["‮ıu‬ ",{"t":"idOrVar","v":"value"}," ‮ɥonɹs‬"],"other":["‮ıu‬ ",{"t":"idOrVar","v":"value"}," ‮ɥonɹs‬"]},"$x":[{"t":"idOrVar","v":"plural"},"value"]},{"$i":"days-until-long","$v":{"zero":"‮ʇopɐʎ‬","one":"‮ʇoɯoɹɹoʍ‬","two":["‮ıu‬ ",{"t":"idOrVar","v":"value"}," ‮pɐʎs‬"],"few":["‮ıu‬ ",{"t":"idOrVar","v":"value"}," ‮pɐʎs‬"],"many":["‮ıu‬ ",{"t":"idOrVar","v":"value"}," ‮pɐʎs‬"],"other":["‮ıu‬ ",{"t":"idOrVar","v":"value"}," ‮pɐʎs‬"]},"$x":[{"t":"idOrVar","v":"plural"},"value"]},{"$i":"weeks-until-long","$v":{"zero":"‮ʇɥıs‬ ‮ʍǝǝʞ‬","one":"‮uǝxʇ‬ ‮ʍǝǝʞ‬","two":["‮ıu‬ ",{"t":"idOrVar","v":"value"}," ‮ʍǝǝʞs‬"],"few":["‮ıu‬ ",{"t":"idOrVar","v":"value"}," ‮ʍǝǝʞs‬"],"many":["‮ıu‬ ",{"t":"idOrVar","v":"value"}," ‮ʍǝǝʞs‬"],"other":["‮ıu‬ ",{"t":"idOrVar","v":"value"}," ‮ʍǝǝʞs‬"]},"$x":[{"t":"idOrVar","v":"plural"},"value"]},{"$i":"months-until-long","$v":{"zero":"‮ʇɥıs‬ ‮ɯouʇɥ‬","one":"‮uǝxʇ‬ ‮ɯouʇɥ‬","two":["‮ıu‬ ",{"t":"idOrVar","v":"value"}," ‮ɯouʇɥs‬"],"few":["‮ıu‬ ",{"t":"idOrVar","v":"value"}," ‮ɯouʇɥs‬"],"many":["‮ıu‬ ",{"t":"idOrVar","v":"value"}," ‮ɯouʇɥs‬"],"other":["‮ıu‬ ",{"t":"idOrVar","v":"value"}," ‮ɯouʇɥs‬"]},"$x":[{"t":"idOrVar","v":"plural"},"value"]},{"$i":"years-until-long","$v":{"zero":"‮ʇɥıs‬ ‮ʎǝɐɹ‬","one":"‮uǝxʇ‬ ‮ʎǝɐɹ‬","two":["‮ıu‬ ",{"t":"idOrVar","v":"value"}," ‮ʎǝɐɹs‬"],"few":["‮ıu‬ ",{"t":"idOrVar","v":"value"}," ‮ʎǝɐɹs‬"],"many":["‮ıu‬ ",{"t":"idOrVar","v":"value"}," ‮ʎǝɐɹs‬"],"other":["‮ıu‬ ",{"t":"idOrVar","v":"value"}," ‮ʎǝɐɹs‬"]},"$x":[{"t":"idOrVar","v":"plural"},"value"]},{"$i":"minutes-ago-short","$v":{"zero":"‮ɾnsʇ‬ ‮uoʍ‬","other":[{"t":"idOrVar","v":"value"},"‮ɯ‬ ‮ɐƃo‬"]},"$x":[{"t":"idOrVar","v":"plural"},"value"]},{"$i":"hours-ago-short","$v":{"zero":"‮ɾnsʇ‬ ‮uoʍ‬","other":[{"t":"idOrVar","v":"value"},"‮ɥ‬ ‮ɐƃo‬"]},"$x":[{"t":"idOrVar","v":"plural"},"value"]},{"$i":"days-ago-short","$v":{"zero":"‮ʇopɐʎ‬","other":[{"t":"idOrVar","v":"value"},"‮p‬ ‮ɐƃo‬"]},"$x":[{"t":"idOrVar","v":"plural"},"value"]},{"$i":"minutes-until-short","$v":{"zero":"‮uoʍ‬","other":["‮ıu‬ ",{"t":"idOrVar","v":"value"},"‮ɯ‬"]},"$x":[{"t":"idOrVar","v":"plural"},"value"]},{"$i":"hours-until-short","$v":{"zero":"‮uoʍ‬","other":["‮ıu‬ ",{"t":"idOrVar","v":"value"},"‮ɥ‬"]},"$x":[{"t":"idOrVar","v":"plural"},"value"]},{"$i":"days-until-short","$v":{"zero":"‮ʇopɐʎ‬","other":["‮ıu‬ ",{"t":"idOrVar","v":"value"},"‮p‬"]},"$x":[{"t":"idOrVar","v":"plural"},"value"]},{"$i":"incorrectDate","$v":"(‮ıuɔoɹɹǝɔʇ‬ ‮pɐʇǝ‬)"},{"$i":"dateTimeFormat_%c","$v":"%a %b %e %Y %I:%M:%S %p"},{"$i":"dateTimeFormat_%x","$v":"%m/%d/%Y"},{"$i":"dateTimeFormat_%X","$v":"%I:%M:%S %p"},{"$i":"shortTimeFormat","$v":"%I:%M %p"},{"$i":"shortTimeFormat12","$v":"%I:%M %p"},{"$i":"shortTimeFormat24","$v":"%H:%M"},{"$i":"shortDateTimeFormat","$v":"%x %I:%M %p"},{"$i":"weekStartsOnMonday","$v":"0"},{"$i":"firstDayOfTheWeek","$v":"0"},{"$i":"time_am","$v":"‮∀W‬"},{"$i":"time_pm","$v":"‮ԀW‬"},{"$i":"imageDescription","$v":[{"t":"idOrVar","v":"orientation"}," ‮ıɯɐƃǝ‬, %I:%M %p, %B %e, %Y"]},{"$i":"imageDescriptionNoTimestamp","$v":[{"t":"idOrVar","v":"orientation"}," ‮ıɯɐƃǝ‬"]},{"$i":"videoDescription","$v":[{"t":"idOrVar","v":"orientation"}," ‮ʌıpǝo‬, %I:%M %p, %B %e, %Y"]},{"$i":"videoDescriptionNoTimestamp","$v":[{"t":"idOrVar","v":"orientation"}," ‮ʌıpǝo‬"]},{"$i":"orientationPortrait","$v":"‮doɹʇɹɐıʇ‬"},{"$i":"orientationLandscape","$v":"‮ʅɐupsɔɐdǝ‬"},{"$i":"playbackPlay","ariaLabel":"‮Ԁʅɐʎ‬"},{"$i":"playbackPause","ariaLabel":"‮Ԁɐnsǝ‬"},{"$i":"playbackNext","ariaLabel":"‮Nǝxʇ‬"},{"$i":"playbackPrevious","ariaLabel":"‮Ԁɹǝʌıons‬"},{"$i":"playbackFullscreen","ariaLabel":"‮ɟnʅʅsɔɹǝǝu‬"},{"$i":"playbackSeekBar","ariaLabel":{"$v":["‮Sǝǝʞ‬ ‮qɐɹ‬, ‮pnɹɐʇıou‬ ",{"t":"idOrVar","v":"duration"}]}}]