[{"$i":"number-selected2","$v":{"zero":"Şḗḗŀḗḗƈŧ","one":[{"t":"idOrVar","v":"n"}," şḗḗŀḗḗƈŧḗḗḓ"],"two":[{"t":"idOrVar","v":"n"}," şḗḗŀḗḗƈŧḗḗḓ"],"few":[{"t":"idOrVar","v":"n"}," şḗḗŀḗḗƈŧḗḗḓ"],"many":[{"t":"idOrVar","v":"n"}," şḗḗŀḗḗƈŧḗḗḓ"],"other":[{"t":"idOrVar","v":"n"}," şḗḗŀḗḗƈŧḗḗḓ"]},"$x":[{"t":"idOrVar","v":"plural"},"n"]},{"$i":"delete-photo?","$v":"Ḓḗḗŀḗḗŧḗḗ ƥħǿǿŧǿǿ?"},{"$i":"delete-video?","$v":"Ḓḗḗŀḗḗŧḗḗ ṽīīḓḗḗǿǿ?"},{"$i":"delete-n-items?","$v":{"zero":"Ƞǿǿŧħīīƞɠ şḗḗŀḗḗƈŧḗḗḓ","one":"Ḓḗḗŀḗḗŧḗḗ şḗḗŀḗḗƈŧḗḗḓ īīŧḗḗḿ?","two":["Ḓḗḗŀḗḗŧḗḗ ",{"t":"idOrVar","v":"n"}," īīŧḗḗḿş?"],"few":["Ḓḗḗŀḗḗŧḗḗ ",{"t":"idOrVar","v":"n"}," īīŧḗḗḿş?"],"many":["Ḓḗḗŀḗḗŧḗḗ ",{"t":"idOrVar","v":"n"}," īīŧḗḗḿş?"],"other":["Ḓḗḗŀḗḗŧḗḗ ",{"t":"idOrVar","v":"n"}," īīŧḗḗḿş?"]},"$x":[{"t":"idOrVar","v":"plural"},"n"]},{"$i":"pickoneimage2","$v":"Şḗḗŀḗḗƈŧ"},{"$i":"cropimage","$v":"Ƈřǿǿƥ"},{"$i":"cancel","$v":"Ƈȧȧƞƈḗḗŀ"},{"$i":"delete","$v":"Ḓḗḗŀḗḗŧḗḗ"},{"$i":"ok","$v":"ǾǿĶ"},{"$i":"edit","$v":"Ḗḗḓīīŧ"},{"$i":"save","$v":"Şȧȧṽḗḗ"},{"$i":"done","$v":"Ḓǿǿƞḗḗ"},{"$i":"exposure","$v":"Ḗḗẋƥǿǿşŭŭřḗḗ"},{"$i":"crop","$v":"Ƈřǿǿƥ"},{"$i":"effects","$v":"Ḗḗƒƒḗḗƈŧş"},{"$i":"borders","$v":"Ɓǿǿřḓḗḗřş"},{"$i":"enhance-on","$v":"Ȧȧŭŭŧǿǿ-ḗḗƞħȧȧƞƈḗḗ ǿǿƞ"},{"$i":"enhance-off","$v":"Ȧȧŭŭŧǿǿ-ḗḗƞħȧȧƞƈḗḗ ǿǿƒƒ"},{"$i":"apply","$v":"Ȧȧƥƥŀẏ"},{"$i":"filters","$v":"Ƒīīŀŧḗḗřş"},{"$i":"original","$v":"Ǿǿřīīɠīīƞȧȧŀ"},{"$i":"blackandwhite","$v":"Ɓ&Ẇ"},{"$i":"sepia","$v":"Şḗḗƥīīȧȧ"},{"$i":"freeform","$v":"Ƒřḗḗḗḗƒǿǿřḿ"},{"$i":"portrait","$v":"Ƥǿǿřŧřȧȧīīŧ"},{"$i":"landscape","$v":"Ŀȧȧƞḓşƈȧȧƥḗḗ"},{"$i":"square","$v":"Şɋŭŭȧȧřḗḗ"},{"$i":"emptygallery2-title","$v":"Ƞǿǿ ƥħǿǿŧǿǿş ǿǿř ṽīīḓḗḗǿǿş"},{"$i":"emptygallery2-text","$v":"Ŭŭşḗḗ ŧħḗḗ Ƈȧȧḿḗḗřȧȧ ȧȧƥƥ ŧǿǿ ɠḗḗŧ şŧȧȧřŧḗḗḓ."},{"$i":"emptygallery2-title-pick","$v":"Ƞǿǿ ƥħǿǿŧǿǿş"},{"$i":"nocard3-title","$v":"Ƞǿǿ ḿḗḗḿǿǿřẏ ƈȧȧřḓ"},{"$i":"nocard4-text","$v":"Īīƞşḗḗřŧ ȧȧ ḿḗḗḿǿǿřẏ ƈȧȧřḓ ŧǿǿ ŭŭşḗḗ ŧħīīş ȧȧƥƥ."},{"$i":"pluggedin2-title","$v":"Ḿḗḗḿǿǿřẏ ƈȧȧřḓ īīƞ ŭŭşḗḗ"},{"$i":"pluggedin2-text","$v":"Ŭŭƞƥŀŭŭɠ ŧħḗḗ ƥħǿǿƞḗḗ ŧǿǿ ŭŭşḗḗ ŧħīīş ȧȧƥƥ."},{"$i":"scanning-title","$v":"Şƈȧȧƞƞīīƞɠ"},{"$i":"scanning-text","$v":"Ŀǿǿǿǿķīīƞɠ ƒǿǿř ƥħǿǿŧǿǿş ȧȧƞḓ ṽīīḓḗḗǿǿş."},{"$i":"upgrade-title","$v":"Ḓȧȧŧȧȧƀȧȧşḗḗ Ŭŭƥɠřȧȧḓḗḗ"},{"$i":"upgrade-text","$v":"Ƥŀḗḗȧȧşḗḗ ẇȧȧīīŧ ẇħīīŀḗḗ Ɠȧȧŀŀḗḗřẏ ŭŭƥḓȧȧŧḗḗş īīŧş ḓȧȧŧȧȧƀȧȧşḗḗ."},{"$i":"share-noprovider","$v":"Ƈȧȧƞ ƞǿǿŧ şħȧȧřḗḗ ŧħīīş īīḿȧȧɠḗḗ ƒīīŀḗḗ ŧẏƥḗḗ."},{"$i":"memorycardfull","$v":"Ƈȧȧƞ ƞǿǿŧ ḗḗḓīīŧ ƥħǿǿŧǿǿş: Ḿḗḗḿǿǿřẏ ƈȧȧřḓ īīş ƒŭŭŀŀ."},{"$i":"imagetoobig","$v":"Īīḿȧȧɠḗḗ īīş ŧǿǿǿǿ ŀȧȧřɠḗḗ ŧǿǿ ḓīīşƥŀȧȧẏ ǿǿƞ ŧħīīş ḓḗḗṽīīƈḗḗ."},{"$i":"imageinvalid","$v":"Īīḿȧȧɠḗḗ īīş īīƞṽȧȧŀīīḓ ǿǿř ƈǿǿřřŭŭƥŧ ȧȧƞḓ ƈȧȧƞƞǿǿŧ ƀḗḗ ḓīīşƥŀȧȧẏḗḗḓ."},{"$i":"saved","$v":[{"t":"idOrVar","v":"filename"}," şȧȧṽḗḗḓ ŧǿǿ Ɠȧȧŀŀḗḗřẏ"]},{"$i":"edit-copy-saved","$v":"Ƞḗḗẇ ƈǿǿƥẏ şȧȧṽḗḗḓ."},{"$i":"overlay-camera-button","$v":"Ɠǿǿ ŧǿǿ Ƈȧȧḿḗḗřȧȧ"},{"$i":"name-label","$v":"Ƞȧȧḿḗḗ"},{"$i":"size-label","$v":"Şīīẑḗḗ"},{"$i":"image-type-label","$v":"Īīḿȧȧɠḗḗ Ŧẏƥḗḗ"},{"$i":"date-taken-label","$v":"Ḓȧȧŧḗḗ Ŧȧȧķḗḗƞ"},{"$i":"resolution-label","$v":"Řḗḗşǿǿŀŭŭŧīīǿǿƞ"},{"$i":"close-button","$v":"Ƈŀǿǿşḗḗ"},{"$i":"byteUnit-B","$v":"Ɓẏŧḗḗş"},{"$i":"byteUnit-KB","$v":"ĶƁ"},{"$i":"byteUnit-MB","$v":"ḾƁ"},{"$i":"byteUnit-GB","$v":"ƓƁ"},{"$i":"gallery","$v":"Ɠȧȧŀŀḗḗřẏ"},{"$i":"preview","$v":"Ƥřḗḗṽīīḗḗẇ"},{"$i":"date-group-header","$v":"%B %Y"},{"$i":"videoDescriptionShort","$v":"Ṽīīḓḗḗǿǿ ḓȧȧŧḗḗḓ %I:%M %p, %B %e, %Y"},{"$i":"imageDescriptionShort","$v":"Īīḿȧȧɠḗḗ ḓȧȧŧḗḗḓ %I:%M %p, %B %e, %Y"},{"$i":"back-button","ariaLabel":"Ɓȧȧƈķ"},{"$i":"crop-options","ariaLabel":"Ƈřǿǿƥ"},{"$i":"crop-aspect-free","ariaLabel":"Ƈŭŭşŧǿǿḿ ȧȧşƥḗḗƈŧ řȧȧŧīīǿǿ"},{"$i":"crop-aspect-portrait","ariaLabel":"Ƥǿǿřŧřȧȧīīŧ ȧȧşƥḗḗƈŧ řȧȧŧīīǿǿ"},{"$i":"crop-aspect-landscape","ariaLabel":"Ŀȧȧƞḓşƈȧȧƥḗḗ ȧȧşƥḗḗƈŧ řȧȧŧīīǿǿ"},{"$i":"crop-aspect-square","ariaLabel":"Şɋŭŭȧȧřḗḗ ȧȧşƥḗḗƈŧ řȧȧŧīīǿǿ"},{"$i":"crop-aspect-more","ariaLabel":"Ḿǿǿřḗḗ ȧȧşƥḗḗƈŧ řȧȧŧīīǿǿş"},{"$i":"crop-aspect-3x4","$v":"3:4 ƥǿǿřŧřȧȧīīŧ"},{"$i":"crop-aspect-4x3","$v":"4:3 ŀȧȧƞḓşƈȧȧƥḗḗ"},{"$i":"crop-aspect-16x9","$v":"16:9 ŀȧȧƞḓşƈȧȧƥḗḗ"},{"$i":"effect-options","ariaLabel":"Ḗḗƒƒḗḗƈŧ"},{"$i":"effect-none","ariaLabel":"Ƞǿǿƞḗḗ"},{"$i":"effect-bw","ariaLabel":"Ɓŀȧȧƈķ ȧȧƞḓ ẇħīīŧḗḗ"},{"$i":"effect-sepia","ariaLabel":"Şḗḗƥīīȧȧ"},{"$i":"effect-bluesteel","ariaLabel":"Ɓŀŭŭḗḗ şŧḗḗḗḗŀ"},{"$i":"effect-faded","ariaLabel":"Ƒȧȧḓḗḗḓ"},{"$i":"exposure-button","ariaLabel":"Ḗḗẋƥǿǿşŭŭřḗḗ"},{"$i":"crop-button","ariaLabel":"Ƈřǿǿƥ"},{"$i":"effect-button","ariaLabel":"Ḗḗƒƒḗḗƈŧş"},{"$i":"enhance-button","ariaLabel":"Ḗḗƞħȧȧƞƈḗḗ"},{"$i":"camera-button","ariaLabel":"Ƈȧȧḿḗḗřȧȧ"},{"$i":"select-multiple-button","ariaLabel":"Şḗḗŀḗḗƈŧ ḿŭŭŀŧīīƥŀḗḗ"},{"$i":"edit-button","ariaLabel":"Ḗḗḓīīŧ"},{"$i":"share-button","ariaLabel":"Şħȧȧřḗḗ"},{"$i":"info-button","ariaLabel":"Īīƞƒǿǿřḿȧȧŧīīǿǿƞ"},{"$i":"delete-button","ariaLabel":"Ḓḗḗŀḗḗŧḗḗ"},{"$i":"editImagePreview","ariaLabel":"Ḗḗḓīīŧ īīḿȧȧɠḗḗ ƥřḗḗṽīīḗḗẇ"},{"$i":"weekday-0-long","$v":"Şŭŭƞḓȧȧẏ"},{"$i":"weekday-1-long","$v":"Ḿǿǿƞḓȧȧẏ"},{"$i":"weekday-2-long","$v":"Ŧŭŭḗḗşḓȧȧẏ"},{"$i":"weekday-3-long","$v":"Ẇḗḗḓƞḗḗşḓȧȧẏ"},{"$i":"weekday-4-long","$v":"Ŧħŭŭřşḓȧȧẏ"},{"$i":"weekday-5-long","$v":"Ƒřīīḓȧȧẏ"},{"$i":"weekday-6-long","$v":"Şȧȧŧŭŭřḓȧȧẏ"},{"$i":"weekday-0-short","$v":"Şŭŭƞ"},{"$i":"weekday-1-short","$v":"Ḿǿǿƞ"},{"$i":"weekday-2-short","$v":"Ŧŭŭḗḗ"},{"$i":"weekday-3-short","$v":"Ẇḗḗḓ"},{"$i":"weekday-4-short","$v":"Ŧħŭŭ"},{"$i":"weekday-5-short","$v":"Ƒřīī"},{"$i":"weekday-6-short","$v":"Şȧȧŧ"},{"$i":"month-0-long","$v":"Ĵȧȧƞŭŭȧȧřẏ"},{"$i":"month-1-long","$v":"Ƒḗḗƀřŭŭȧȧřẏ"},{"$i":"month-2-long","$v":"Ḿȧȧřƈħ"},{"$i":"month-3-long","$v":"Ȧȧƥřīīŀ"},{"$i":"month-4-long","$v":"Ḿȧȧẏ"},{"$i":"month-5-long","$v":"Ĵŭŭƞḗḗ"},{"$i":"month-6-long","$v":"Ĵŭŭŀẏ"},{"$i":"month-7-long","$v":"Ȧȧŭŭɠŭŭşŧ"},{"$i":"month-8-long","$v":"Şḗḗƥŧḗḗḿƀḗḗř"},{"$i":"month-9-long","$v":"Ǿǿƈŧǿǿƀḗḗř"},{"$i":"month-10-long","$v":"Ƞǿǿṽḗḗḿƀḗḗř"},{"$i":"month-11-long","$v":"Ḓḗḗƈḗḗḿƀḗḗř"},{"$i":"month-0-genitive","$v":"Ĵȧȧƞŭŭȧȧřẏ"},{"$i":"month-1-genitive","$v":"Ƒḗḗƀřŭŭȧȧřẏ"},{"$i":"month-2-genitive","$v":"Ḿȧȧřƈħ"},{"$i":"month-3-genitive","$v":"Ȧȧƥřīīŀ"},{"$i":"month-4-genitive","$v":"Ḿȧȧẏ"},{"$i":"month-5-genitive","$v":"Ĵŭŭƞḗḗ"},{"$i":"month-6-genitive","$v":"Ĵŭŭŀẏ"},{"$i":"month-7-genitive","$v":"Ȧȧŭŭɠŭŭşŧ"},{"$i":"month-8-genitive","$v":"Şḗḗƥŧḗḗḿƀḗḗř"},{"$i":"month-9-genitive","$v":"Ǿǿƈŧǿǿƀḗḗř"},{"$i":"month-10-genitive","$v":"Ƞǿǿṽḗḗḿƀḗḗř"},{"$i":"month-11-genitive","$v":"Ḓḗḗƈḗḗḿƀḗḗř"},{"$i":"month-0-short","$v":"Ĵȧȧƞ"},{"$i":"month-1-short","$v":"Ƒḗḗƀ"},{"$i":"month-2-short","$v":"Ḿȧȧř"},{"$i":"month-3-short","$v":"Ȧȧƥř"},{"$i":"month-4-short","$v":"Ḿȧȧẏ"},{"$i":"month-5-short","$v":"Ĵŭŭƞ"},{"$i":"month-6-short","$v":"Ĵŭŭŀ"},{"$i":"month-7-short","$v":"Ȧȧŭŭɠ"},{"$i":"month-8-short","$v":"Şḗḗƥ"},{"$i":"month-9-short","$v":"Ǿǿƈŧ"},{"$i":"month-10-short","$v":"Ƞǿǿṽ"},{"$i":"month-11-short","$v":"Ḓḗḗƈ"},{"$i":"minutes-ago-long","$v":{"zero":"ĵŭŭşŧ ƞǿǿẇ","one":"ȧȧ ḿīīƞŭŭŧḗḗ ȧȧɠǿǿ","two":[{"t":"idOrVar","v":"value"}," ḿīīƞŭŭŧḗḗş ȧȧɠǿǿ"],"few":[{"t":"idOrVar","v":"value"}," ḿīīƞŭŭŧḗḗş ȧȧɠǿǿ"],"many":[{"t":"idOrVar","v":"value"}," ḿīīƞŭŭŧḗḗş ȧȧɠǿǿ"],"other":[{"t":"idOrVar","v":"value"}," ḿīīƞŭŭŧḗḗş ȧȧɠǿǿ"]},"$x":[{"t":"idOrVar","v":"plural"},"value"]},{"$i":"hours-ago-long","$v":{"zero":"ĵŭŭşŧ ƞǿǿẇ","one":"ȧȧƞ ħǿǿŭŭř ȧȧɠǿǿ","two":[{"t":"idOrVar","v":"value"}," ħǿǿŭŭřş ȧȧɠǿǿ"],"few":[{"t":"idOrVar","v":"value"}," ħǿǿŭŭřş ȧȧɠǿǿ"],"many":[{"t":"idOrVar","v":"value"}," ħǿǿŭŭřş ȧȧɠǿǿ"],"other":[{"t":"idOrVar","v":"value"}," ħǿǿŭŭřş ȧȧɠǿǿ"]},"$x":[{"t":"idOrVar","v":"plural"},"value"]},{"$i":"days-ago-long","$v":{"zero":"ŧǿǿḓȧȧẏ","one":"ẏḗḗşŧḗḗřḓȧȧẏ","two":[{"t":"idOrVar","v":"value"}," ḓȧȧẏş ȧȧɠǿǿ"],"few":[{"t":"idOrVar","v":"value"}," ḓȧȧẏş ȧȧɠǿǿ"],"many":[{"t":"idOrVar","v":"value"}," ḓȧȧẏş ȧȧɠǿǿ"],"other":[{"t":"idOrVar","v":"value"}," ḓȧȧẏş ȧȧɠǿǿ"]},"$x":[{"t":"idOrVar","v":"plural"},"value"]},{"$i":"weeks-ago-long","$v":{"zero":"ŧħīīş ẇḗḗḗḗķ","one":"ŀȧȧşŧ ẇḗḗḗḗķ","two":[{"t":"idOrVar","v":"value"}," ẇḗḗḗḗķş ȧȧɠǿǿ"],"few":[{"t":"idOrVar","v":"value"}," ẇḗḗḗḗķş ȧȧɠǿǿ"],"many":[{"t":"idOrVar","v":"value"}," ẇḗḗḗḗķş ȧȧɠǿǿ"],"other":[{"t":"idOrVar","v":"value"}," ẇḗḗḗḗķş ȧȧɠǿǿ"]},"$x":[{"t":"idOrVar","v":"plural"},"value"]},{"$i":"months-ago-long","$v":{"zero":"ŧħīīş ḿǿǿƞŧħ","one":"ŀȧȧşŧ ḿǿǿƞŧħ","two":[{"t":"idOrVar","v":"value"}," ḿǿǿƞŧħş ȧȧɠǿǿ"],"few":[{"t":"idOrVar","v":"value"}," ḿǿǿƞŧħş ȧȧɠǿǿ"],"many":[{"t":"idOrVar","v":"value"}," ḿǿǿƞŧħş ȧȧɠǿǿ"],"other":[{"t":"idOrVar","v":"value"}," ḿǿǿƞŧħş ȧȧɠǿǿ"]},"$x":[{"t":"idOrVar","v":"plural"},"value"]},{"$i":"years-ago-long","$v":{"zero":"ŧħīīş ẏḗḗȧȧř","one":"ŀȧȧşŧ ẏḗḗȧȧř","two":[{"t":"idOrVar","v":"value"}," ẏḗḗȧȧřş ȧȧɠǿǿ"],"few":[{"t":"idOrVar","v":"value"}," ẏḗḗȧȧřş ȧȧɠǿǿ"],"many":[{"t":"idOrVar","v":"value"}," ẏḗḗȧȧřş ȧȧɠǿǿ"],"other":[{"t":"idOrVar","v":"value"}," ẏḗḗȧȧřş ȧȧɠǿǿ"]},"$x":[{"t":"idOrVar","v":"plural"},"value"]},{"$i":"minutes-until-long","$v":{"zero":"ƞǿǿẇ","one":"īīƞ ȧȧ ḿīīƞŭŭŧḗḗ","two":["īīƞ ",{"t":"idOrVar","v":"value"}," ḿīīƞŭŭŧḗḗş"],"few":["īīƞ ",{"t":"idOrVar","v":"value"}," ḿīīƞŭŭŧḗḗş"],"many":["īīƞ ",{"t":"idOrVar","v":"value"}," ḿīīƞŭŭŧḗḗş"],"other":["īīƞ ",{"t":"idOrVar","v":"value"}," ḿīīƞŭŭŧḗḗş"]},"$x":[{"t":"idOrVar","v":"plural"},"value"]},{"$i":"hours-until-long","$v":{"zero":"ƞǿǿẇ","one":"īīƞ ȧȧƞ ħǿǿŭŭř","two":["īīƞ ",{"t":"idOrVar","v":"value"}," ħǿǿŭŭřş"],"few":["īīƞ ",{"t":"idOrVar","v":"value"}," ħǿǿŭŭřş"],"many":["īīƞ ",{"t":"idOrVar","v":"value"}," ħǿǿŭŭřş"],"other":["īīƞ ",{"t":"idOrVar","v":"value"}," ħǿǿŭŭřş"]},"$x":[{"t":"idOrVar","v":"plural"},"value"]},{"$i":"days-until-long","$v":{"zero":"ŧǿǿḓȧȧẏ","one":"ŧǿǿḿǿǿřřǿǿẇ","two":["īīƞ ",{"t":"idOrVar","v":"value"}," ḓȧȧẏş"],"few":["īīƞ ",{"t":"idOrVar","v":"value"}," ḓȧȧẏş"],"many":["īīƞ ",{"t":"idOrVar","v":"value"}," ḓȧȧẏş"],"other":["īīƞ ",{"t":"idOrVar","v":"value"}," ḓȧȧẏş"]},"$x":[{"t":"idOrVar","v":"plural"},"value"]},{"$i":"weeks-until-long","$v":{"zero":"ŧħīīş ẇḗḗḗḗķ","one":"ƞḗḗẋŧ ẇḗḗḗḗķ","two":["īīƞ ",{"t":"idOrVar","v":"value"}," ẇḗḗḗḗķş"],"few":["īīƞ ",{"t":"idOrVar","v":"value"}," ẇḗḗḗḗķş"],"many":["īīƞ ",{"t":"idOrVar","v":"value"}," ẇḗḗḗḗķş"],"other":["īīƞ ",{"t":"idOrVar","v":"value"}," ẇḗḗḗḗķş"]},"$x":[{"t":"idOrVar","v":"plural"},"value"]},{"$i":"months-until-long","$v":{"zero":"ŧħīīş ḿǿǿƞŧħ","one":"ƞḗḗẋŧ ḿǿǿƞŧħ","two":["īīƞ ",{"t":"idOrVar","v":"value"}," ḿǿǿƞŧħş"],"few":["īīƞ ",{"t":"idOrVar","v":"value"}," ḿǿǿƞŧħş"],"many":["īīƞ ",{"t":"idOrVar","v":"value"}," ḿǿǿƞŧħş"],"other":["īīƞ ",{"t":"idOrVar","v":"value"}," ḿǿǿƞŧħş"]},"$x":[{"t":"idOrVar","v":"plural"},"value"]},{"$i":"years-until-long","$v":{"zero":"ŧħīīş ẏḗḗȧȧř","one":"ƞḗḗẋŧ ẏḗḗȧȧř","two":["īīƞ ",{"t":"idOrVar","v":"value"}," ẏḗḗȧȧřş"],"few":["īīƞ ",{"t":"idOrVar","v":"value"}," ẏḗḗȧȧřş"],"many":["īīƞ ",{"t":"idOrVar","v":"value"}," ẏḗḗȧȧřş"],"other":["īīƞ ",{"t":"idOrVar","v":"value"}," ẏḗḗȧȧřş"]},"$x":[{"t":"idOrVar","v":"plural"},"value"]},{"$i":"minutes-ago-short","$v":{"zero":"ĵŭŭşŧ ƞǿǿẇ","other":[{"t":"idOrVar","v":"value"},"ḿ ȧȧɠǿǿ"]},"$x":[{"t":"idOrVar","v":"plural"},"value"]},{"$i":"hours-ago-short","$v":{"zero":"ĵŭŭşŧ ƞǿǿẇ","other":[{"t":"idOrVar","v":"value"},"ħ ȧȧɠǿǿ"]},"$x":[{"t":"idOrVar","v":"plural"},"value"]},{"$i":"days-ago-short","$v":{"zero":"ŧǿǿḓȧȧẏ","other":[{"t":"idOrVar","v":"value"},"ḓ ȧȧɠǿǿ"]},"$x":[{"t":"idOrVar","v":"plural"},"value"]},{"$i":"minutes-until-short","$v":{"zero":"ƞǿǿẇ","other":["īīƞ ",{"t":"idOrVar","v":"value"},"ḿ"]},"$x":[{"t":"idOrVar","v":"plural"},"value"]},{"$i":"hours-until-short","$v":{"zero":"ƞǿǿẇ","other":["īīƞ ",{"t":"idOrVar","v":"value"},"ħ"]},"$x":[{"t":"idOrVar","v":"plural"},"value"]},{"$i":"days-until-short","$v":{"zero":"ŧǿǿḓȧȧẏ","other":["īīƞ ",{"t":"idOrVar","v":"value"},"ḓ"]},"$x":[{"t":"idOrVar","v":"plural"},"value"]},{"$i":"incorrectDate","$v":"(īīƞƈǿǿřřḗḗƈŧ ḓȧȧŧḗḗ)"},{"$i":"dateTimeFormat_%c","$v":"%a %b %e %Y %I:%M:%S %p"},{"$i":"dateTimeFormat_%x","$v":"%m/%d/%Y"},{"$i":"dateTimeFormat_%X","$v":"%I:%M:%S %p"},{"$i":"shortTimeFormat","$v":"%I:%M %p"},{"$i":"shortTimeFormat12","$v":"%I:%M %p"},{"$i":"shortTimeFormat24","$v":"%H:%M"},{"$i":"shortDateTimeFormat","$v":"%x %I:%M %p"},{"$i":"weekStartsOnMonday","$v":"0"},{"$i":"firstDayOfTheWeek","$v":"0"},{"$i":"time_am","$v":"ȦȧḾ"},{"$i":"time_pm","$v":"ƤḾ"},{"$i":"imageDescription","$v":[{"t":"idOrVar","v":"orientation"}," īīḿȧȧɠḗḗ, %I:%M %p, %B %e, %Y"]},{"$i":"imageDescriptionNoTimestamp","$v":[{"t":"idOrVar","v":"orientation"}," īīḿȧȧɠḗḗ"]},{"$i":"videoDescription","$v":[{"t":"idOrVar","v":"orientation"}," ṽīīḓḗḗǿǿ, %I:%M %p, %B %e, %Y"]},{"$i":"videoDescriptionNoTimestamp","$v":[{"t":"idOrVar","v":"orientation"}," ṽīīḓḗḗǿǿ"]},{"$i":"orientationPortrait","$v":"ƥǿǿřŧřȧȧīīŧ"},{"$i":"orientationLandscape","$v":"ŀȧȧƞḓşƈȧȧƥḗḗ"},{"$i":"playbackPlay","ariaLabel":"Ƥŀȧȧẏ"},{"$i":"playbackPause","ariaLabel":"Ƥȧȧŭŭşḗḗ"},{"$i":"playbackNext","ariaLabel":"Ƞḗḗẋŧ"},{"$i":"playbackPrevious","ariaLabel":"Ƥřḗḗṽīīǿǿŭŭş"},{"$i":"playbackFullscreen","ariaLabel":"Ƒŭŭŀŀşƈřḗḗḗḗƞ"},{"$i":"playbackSeekBar","ariaLabel":{"$v":["Şḗḗḗḗķ ƀȧȧř, ḓŭŭřȧȧŧīīǿǿƞ ",{"t":"idOrVar","v":"duration"}]}}]