[{"$i":"number-selected2","$v":{"zero":"Select","one":[{"t":"idOrVar","v":"n"}," selected"],"two":[{"t":"idOrVar","v":"n"}," selected"],"few":[{"t":"idOrVar","v":"n"}," selected"],"many":[{"t":"idOrVar","v":"n"}," selected"],"other":[{"t":"idOrVar","v":"n"}," selected"]},"$x":[{"t":"idOrVar","v":"plural"},"n"]},{"$i":"delete-photo?","$v":"Delete photo?"},{"$i":"delete-video?","$v":"Delete video?"},{"$i":"delete-n-items?","$v":{"zero":"Nothing selected","one":"Delete selected item?","two":["Delete ",{"t":"idOrVar","v":"n"}," items?"],"few":["Delete ",{"t":"idOrVar","v":"n"}," items?"],"many":["Delete ",{"t":"idOrVar","v":"n"}," items?"],"other":["Delete ",{"t":"idOrVar","v":"n"}," items?"]},"$x":[{"t":"idOrVar","v":"plural"},"n"]},{"$i":"pickoneimage2","$v":"Select"},{"$i":"cropimage","$v":"Crop"},{"$i":"cancel","$v":"Cancel"},{"$i":"delete","$v":"Delete"},{"$i":"ok","$v":"OK"},{"$i":"edit","$v":"Edit"},{"$i":"save","$v":"Save"},{"$i":"done","$v":"Done"},{"$i":"exposure","$v":"Exposure"},{"$i":"crop","$v":"Crop"},{"$i":"effects","$v":"Effects"},{"$i":"borders","$v":"Borders"},{"$i":"enhance-on","$v":"Auto-enhance on"},{"$i":"enhance-off","$v":"Auto-enhance off"},{"$i":"apply","$v":"Apply"},{"$i":"filters","$v":"Filters"},{"$i":"original","$v":"Original"},{"$i":"blackandwhite","$v":"B&W"},{"$i":"sepia","$v":"Sepia"},{"$i":"freeform","$v":"Freeform"},{"$i":"portrait","$v":"Portrait"},{"$i":"landscape","$v":"Landscape"},{"$i":"square","$v":"Square"},{"$i":"emptygallery2-title","$v":"No photos or videos"},{"$i":"emptygallery2-text","$v":"Use the Camera app to get started."},{"$i":"emptygallery2-title-pick","$v":"No photos"},{"$i":"nocard3-title","$v":"No memory card"},{"$i":"nocard4-text","$v":"Insert a memory card to use this app."},{"$i":"pluggedin2-title","$v":"Memory card in use"},{"$i":"pluggedin2-text","$v":"Unplug the phone to use this app."},{"$i":"scanning-title","$v":"Scanning"},{"$i":"scanning-text","$v":"Looking for photos and videos."},{"$i":"upgrade-title","$v":"Database Upgrade"},{"$i":"upgrade-text","$v":"Please wait while Gallery updates its database."},{"$i":"share-noprovider","$v":"Can not share this image file type."},{"$i":"memorycardfull","$v":"Can not edit photos: Memory card is full."},{"$i":"imagetoobig","$v":"Image is too large to display on this device."},{"$i":"imageinvalid","$v":"Image is invalid or corrupt and cannot be displayed."},{"$i":"saved","$v":[{"t":"idOrVar","v":"filename"}," saved to Gallery"]},{"$i":"edit-copy-saved","$v":"New copy saved."},{"$i":"overlay-camera-button","$v":"Go to Camera"},{"$i":"name-label","$v":"Name"},{"$i":"size-label","$v":"Size"},{"$i":"image-type-label","$v":"Image Type"},{"$i":"date-taken-label","$v":"Date Taken"},{"$i":"resolution-label","$v":"Resolution"},{"$i":"close-button","$v":"Close"},{"$i":"byteUnit-B","$v":"Bytes"},{"$i":"byteUnit-KB","$v":"KB"},{"$i":"byteUnit-MB","$v":"MB"},{"$i":"byteUnit-GB","$v":"GB"},{"$i":"gallery","$v":"Gallery"},{"$i":"preview","$v":"Preview"},{"$i":"date-group-header","$v":"%B %Y"},{"$i":"videoDescriptionShort","$v":"Video dated %I:%M %p, %B %e, %Y"},{"$i":"imageDescriptionShort","$v":"Image dated %I:%M %p, %B %e, %Y"},{"$i":"back-button","ariaLabel":"Back"},{"$i":"crop-options","ariaLabel":"Crop"},{"$i":"crop-aspect-free","ariaLabel":"Custom aspect ratio"},{"$i":"crop-aspect-portrait","ariaLabel":"Portrait aspect ratio"},{"$i":"crop-aspect-landscape","ariaLabel":"Landscape aspect ratio"},{"$i":"crop-aspect-square","ariaLabel":"Square aspect ratio"},{"$i":"crop-aspect-more","ariaLabel":"More aspect ratios"},{"$i":"crop-aspect-3x4","$v":"3:4 portrait"},{"$i":"crop-aspect-4x3","$v":"4:3 landscape"},{"$i":"crop-aspect-16x9","$v":"16:9 landscape"},{"$i":"effect-options","ariaLabel":"Effect"},{"$i":"effect-none","ariaLabel":"None"},{"$i":"effect-bw","ariaLabel":"Black and white"},{"$i":"effect-sepia","ariaLabel":"Sepia"},{"$i":"effect-bluesteel","ariaLabel":"Blue steel"},{"$i":"effect-faded","ariaLabel":"Faded"},{"$i":"exposure-button","ariaLabel":"Exposure"},{"$i":"crop-button","ariaLabel":"Crop"},{"$i":"effect-button","ariaLabel":"Effects"},{"$i":"enhance-button","ariaLabel":"Enhance"},{"$i":"camera-button","ariaLabel":"Camera"},{"$i":"select-multiple-button","ariaLabel":"Select multiple"},{"$i":"edit-button","ariaLabel":"Edit"},{"$i":"share-button","ariaLabel":"Share"},{"$i":"info-button","ariaLabel":"Information"},{"$i":"delete-button","ariaLabel":"Delete"},{"$i":"editImagePreview","ariaLabel":"Edit image preview"},{"$i":"imageDescription","$v":[{"t":"idOrVar","v":"orientation"}," image, %I:%M %p, %B %e, %Y"]},{"$i":"imageDescriptionNoTimestamp","$v":[{"t":"idOrVar","v":"orientation"}," image"]},{"$i":"videoDescription","$v":[{"t":"idOrVar","v":"orientation"}," video, %I:%M %p, %B %e, %Y"]},{"$i":"videoDescriptionNoTimestamp","$v":[{"t":"idOrVar","v":"orientation"}," video"]},{"$i":"orientationPortrait","$v":"portrait"},{"$i":"orientationLandscape","$v":"landscape"},{"$i":"playbackPlay","ariaLabel":"Play"},{"$i":"playbackPause","ariaLabel":"Pause"},{"$i":"playbackNext","ariaLabel":"Next"},{"$i":"playbackPrevious","ariaLabel":"Previous"},{"$i":"playbackFullscreen","ariaLabel":"Fullscreen"},{"$i":"playbackSeekBar","ariaLabel":{"$v":["Seek bar, duration ",{"t":"idOrVar","v":"duration"}]}},{"$i":"shrinking-tip","$v":"Swipe to share"}]