[{"$i":"music","$v":"Ḿŭŭşīīƈ"},{"$i":"mix","$v":"Ḿīīẋ"},{"$i":"playlists","$v":"Ƥŀȧȧẏŀīīşŧ"},{"$i":"artists","$v":"Ȧȧřŧīīşŧş"},{"$i":"albums","$v":"Ȧȧŀƀŭŭḿş"},{"$i":"songs","$v":"Şǿǿƞɠş"},{"$i":"more","$v":"Ḿǿǿřḗḗ"},{"$i":"songArtist","$v":"Şǿǿƞɠ ȧȧřŧīīşŧ"},{"$i":"songAlbum","$v":"Şǿǿƞɠ ȧȧŀƀŭŭḿ"},{"$i":"unknownArtist","$v":"Ŭŭƞķƞǿǿẇƞ ȧȧřŧīīşŧ"},{"$i":"unknownAlbum","$v":"Ŭŭƞķƞǿǿẇƞ ȧȧŀƀŭŭḿ"},{"$i":"unknownTitle","$v":"Ŭŭƞķƞǿǿẇƞ ŧīīŧŀḗḗ"},{"$i":"empty-title","$v":"Ȧȧḓḓ şǿǿƞɠş ŧǿǿ ɠḗḗŧ şŧȧȧřŧḗḗḓ"},{"$i":"empty-text","$v":"Ŀǿǿȧȧḓ şǿǿƞɠş ǿǿƞ ŧǿǿ ŧħḗḗ ḿḗḗḿǿǿřẏ ƈȧȧřḓ."},{"$i":"nocard2-title","$v":"Ƞǿǿ ḿḗḗḿǿǿřẏ ƈȧȧřḓ ƒǿǿŭŭƞḓ"},{"$i":"nocard3-text","$v":"Īīƞşḗḗřŧ ȧȧ ḿḗḗḿǿǿřẏ ƈȧȧřḓ ŧǿǿ ŀīīşŧḗḗƞ ŧǿǿ şǿǿƞɠş."},{"$i":"pluggedin-title","$v":"Ḿŭŭşīīƈ ƈȧȧƞ ƞǿǿŧ ƀḗḗ ŭŭşḗḗḓ ẇħīīŀḗḗ ƥħǿǿƞḗḗ īīş ƥŀŭŭɠɠḗḗḓ īīƞ"},{"$i":"pluggedin-text","$v":"Ŭŭƞƥŀŭŭɠ ŧħḗḗ ƥħǿǿƞḗḗ ŧǿǿ ƥŀȧȧẏ ḿŭŭşīīƈ."},{"$i":"upgrade-title","$v":"Ḓȧȧŧȧȧƀȧȧşḗḗ Ŭŭƥɠřȧȧḓḗḗ"},{"$i":"upgrade-text","$v":"Ƥŀḗḗȧȧşḗḗ ẇȧȧīīŧ ẇħīīŀḗḗ Ḿŭŭşīīƈ ŭŭƥḓȧȧŧḗḗş īīŧş ḓȧȧŧȧȧƀȧȧşḗḗ."},{"$i":"search-music","placeholder":"Şḗḗȧȧřƈħ Ḿŭŭşīīƈ"},{"$i":"search-cancel","$v":"Ƈȧȧƞƈḗḗŀ"},{"$i":"search-artists","$v":"Ȧȧřŧīīşŧş"},{"$i":"search-albums","$v":"Ȧȧŀƀŭŭḿş"},{"$i":"search-titles","$v":"Ŧřȧȧƈķş"},{"$i":"search-close","$v":"ƈŀǿǿşḗḗ"},{"$i":"search-no-result","$v":"Ƞǿǿ ḿŭŭşīīƈ ƒǿǿŭŭƞḓ"},{"$i":"playlists-shuffle-all","$v":"Şħŭŭƒƒŀḗḗ ȧȧŀŀ"},{"$i":"playlists-highest-rated","$v":"Ħīīɠħḗḗşŧ řȧȧŧḗḗḓ"},{"$i":"playlists-recently-added","$v":"Řḗḗƈḗḗƞŧŀẏ ȧȧḓḓḗḗḓ"},{"$i":"playlists-most-played","$v":"Ḿǿǿşŧ ƥŀȧȧẏḗḗḓ"},{"$i":"playlists-least-played","$v":"Ŀḗḗȧȧşŧ ƥŀȧȧẏḗḗḓ"},{"$i":"picker-title","$v":"Şḗḗŀḗḗƈŧ ȧȧ ŧřȧȧƈķ"},{"$i":"save","$v":"Şȧȧṽḗḗ"},{"$i":"saved","$v":["Şȧȧṽḗḗḓ ",{"t":"idOrVar","v":"title"}," ŧǿǿ Ḿŭŭşīīƈ"]},{"$i":"audioinvalid","$v":"Ȧȧŭŭḓīīǿǿ ƈȧȧƞƞǿǿŧ ƀḗḗ ƥŀȧȧẏḗḗḓ: ƒǿǿřḿȧȧŧ īīş ŭŭƞşŭŭƥƥǿǿřŧḗḗḓ ǿǿř ƒīīŀḗḗ īīş īīƞṽȧȧŀīīḓ."},{"$i":"overlay-cancel-button","$v":"Ƈȧȧƞƈḗḗŀ"},{"$i":"music-paused-notification","$v":"Ḿŭŭşīīƈ ƥȧȧŭŭşḗḗḓ ḓŭŭřīīƞɠ ŧħḗḗ ƈȧȧŀŀ"},{"$i":"done","$v":"Ḓǿǿƞḗḗ"},{"$i":"share-song","ariaLabel":"Şħȧȧřḗḗ"},{"$i":"player-album-rating","ariaLabel":"Řȧȧŧīīƞɠ"},{"$i":"rating-star","ariaLabel":{"$v":{"zero":[{"t":"idOrVar","v":"n"}," şŧȧȧřş"],"one":[{"t":"idOrVar","v":"n"}," şŧȧȧř"],"two":[{"t":"idOrVar","v":"n"}," şŧȧȧřş"],"few":[{"t":"idOrVar","v":"n"}," şŧȧȧřş"],"many":[{"t":"idOrVar","v":"n"}," şŧȧȧřş"],"other":[{"t":"idOrVar","v":"n"}," şŧȧȧřş"]},"$x":[{"t":"idOrVar","v":"plural"},"n"]}},{"$i":"go-to-player-view","ariaLabel":"Ɠǿǿ ŧǿǿ ƥŀȧȧẏḗḗř ṽīīḗḗẇ"},{"$i":"repeat-off","ariaLabel":"Řḗḗƥḗḗȧȧŧ ǿǿƒƒ"},{"$i":"repeat-list","ariaLabel":"Řḗḗƥḗḗȧȧŧ ȧȧŀŀ"},{"$i":"repeat-song","ariaLabel":"Řḗḗƥḗḗȧȧŧ ŧřȧȧƈķ"},{"$i":"shuffle-toggle","ariaLabel":"Şħŭŭƒƒŀḗḗ"},{"$i":"mix-tab","ariaLabel":"Ḿīīẋ"},{"$i":"playlists-tab","ariaLabel":"Ƥŀȧȧẏŀīīşŧş"},{"$i":"artists-tab","ariaLabel":"Ȧȧřŧīīşŧş"},{"$i":"albums-tab","ariaLabel":"Ȧȧŀƀŭŭḿş"},{"$i":"songs-tab","ariaLabel":"Şǿǿƞɠş"},{"$i":"imageDescription","$v":[{"t":"idOrVar","v":"orientation"}," īīḿȧȧɠḗḗ, %I:%M %p, %B %e, %Y"]},{"$i":"imageDescriptionNoTimestamp","$v":[{"t":"idOrVar","v":"orientation"}," īīḿȧȧɠḗḗ"]},{"$i":"videoDescription","$v":[{"t":"idOrVar","v":"orientation"}," ṽīīḓḗḗǿǿ, %I:%M %p, %B %e, %Y"]},{"$i":"videoDescriptionNoTimestamp","$v":[{"t":"idOrVar","v":"orientation"}," ṽīīḓḗḗǿǿ"]},{"$i":"orientationPortrait","$v":"ƥǿǿřŧřȧȧīīŧ"},{"$i":"orientationLandscape","$v":"ŀȧȧƞḓşƈȧȧƥḗḗ"},{"$i":"playbackPlay","ariaLabel":"Ƥŀȧȧẏ"},{"$i":"playbackPause","ariaLabel":"Ƥȧȧŭŭşḗḗ"},{"$i":"playbackNext","ariaLabel":"Ƞḗḗẋŧ"},{"$i":"playbackPrevious","ariaLabel":"Ƥřḗḗṽīīǿǿŭŭş"},{"$i":"playbackFullscreen","ariaLabel":"Ƒŭŭŀŀşƈřḗḗḗḗƞ"},{"$i":"playbackSeekBar","ariaLabel":{"$v":["Şḗḗḗḗķ ƀȧȧř, ḓŭŭřȧȧŧīīǿǿƞ ",{"t":"idOrVar","v":"duration"}]}}]