[{"$i":"weekday-0-long","$v":"‮Snupɐʎ‬"},{"$i":"weekday-1-long","$v":"‮Woupɐʎ‬"},{"$i":"weekday-2-long","$v":"‮⊥nǝspɐʎ‬"},{"$i":"weekday-3-long","$v":"‮Ｍǝpuǝspɐʎ‬"},{"$i":"weekday-4-long","$v":"‮⊥ɥnɹspɐʎ‬"},{"$i":"weekday-5-long","$v":"‮ɟɹıpɐʎ‬"},{"$i":"weekday-6-long","$v":"‮Sɐʇnɹpɐʎ‬"},{"$i":"weekday-0-short","$v":"‮Snu‬"},{"$i":"weekday-1-short","$v":"‮Wou‬"},{"$i":"weekday-2-short","$v":"‮⊥nǝ‬"},{"$i":"weekday-3-short","$v":"‮Ｍǝp‬"},{"$i":"weekday-4-short","$v":"‮⊥ɥn‬"},{"$i":"weekday-5-short","$v":"‮ɟɹı‬"},{"$i":"weekday-6-short","$v":"‮Sɐʇ‬"},{"$i":"month-0-long","$v":"‮ſɐunɐɹʎ‬"},{"$i":"month-1-long","$v":"‮ɟǝqɹnɐɹʎ‬"},{"$i":"month-2-long","$v":"‮Wɐɹɔɥ‬"},{"$i":"month-3-long","$v":"‮∀dɹıʅ‬"},{"$i":"month-4-long","$v":"‮Wɐʎ‬"},{"$i":"month-5-long","$v":"‮ſnuǝ‬"},{"$i":"month-6-long","$v":"‮ſnʅʎ‬"},{"$i":"month-7-long","$v":"‮∀nƃnsʇ‬"},{"$i":"month-8-long","$v":"‮Sǝdʇǝɯqǝɹ‬"},{"$i":"month-9-long","$v":"‮Oɔʇoqǝɹ‬"},{"$i":"month-10-long","$v":"‮Noʌǝɯqǝɹ‬"},{"$i":"month-11-long","$v":"‮pǝɔǝɯqǝɹ‬"},{"$i":"month-0-genitive","$v":"‮ſɐunɐɹʎ‬"},{"$i":"month-1-genitive","$v":"‮ɟǝqɹnɐɹʎ‬"},{"$i":"month-2-genitive","$v":"‮Wɐɹɔɥ‬"},{"$i":"month-3-genitive","$v":"‮∀dɹıʅ‬"},{"$i":"month-4-genitive","$v":"‮Wɐʎ‬"},{"$i":"month-5-genitive","$v":"‮ſnuǝ‬"},{"$i":"month-6-genitive","$v":"‮ſnʅʎ‬"},{"$i":"month-7-genitive","$v":"‮∀nƃnsʇ‬"},{"$i":"month-8-genitive","$v":"‮Sǝdʇǝɯqǝɹ‬"},{"$i":"month-9-genitive","$v":"‮Oɔʇoqǝɹ‬"},{"$i":"month-10-genitive","$v":"‮Noʌǝɯqǝɹ‬"},{"$i":"month-11-genitive","$v":"‮pǝɔǝɯqǝɹ‬"},{"$i":"month-0-short","$v":"‮ſɐu‬"},{"$i":"month-1-short","$v":"‮ɟǝq‬"},{"$i":"month-2-short","$v":"‮Wɐɹ‬"},{"$i":"month-3-short","$v":"‮∀dɹ‬"},{"$i":"month-4-short","$v":"‮Wɐʎ‬"},{"$i":"month-5-short","$v":"‮ſnu‬"},{"$i":"month-6-short","$v":"‮ſnʅ‬"},{"$i":"month-7-short","$v":"‮∀nƃ‬"},{"$i":"month-8-short","$v":"‮Sǝd‬"},{"$i":"month-9-short","$v":"‮Oɔʇ‬"},{"$i":"month-10-short","$v":"‮Noʌ‬"},{"$i":"month-11-short","$v":"‮pǝɔ‬"},{"$i":"minutes-ago-long","$v":{"zero":"‮ɾnsʇ‬ ‮uoʍ‬","one":"‮ɐ‬ ‮ɯıunʇǝ‬ ‮ɐƃo‬","two":[{"t":"idOrVar","v":"value"}," ‮ɯıunʇǝs‬ ‮ɐƃo‬"],"few":[{"t":"idOrVar","v":"value"}," ‮ɯıunʇǝs‬ ‮ɐƃo‬"],"many":[{"t":"idOrVar","v":"value"}," ‮ɯıunʇǝs‬ ‮ɐƃo‬"],"other":[{"t":"idOrVar","v":"value"}," ‮ɯıunʇǝs‬ ‮ɐƃo‬"]},"$x":[{"t":"idOrVar","v":"plural"},"value"]},{"$i":"hours-ago-long","$v":{"zero":"‮ɾnsʇ‬ ‮uoʍ‬","one":"‮ɐu‬ ‮ɥonɹ‬ ‮ɐƃo‬","two":[{"t":"idOrVar","v":"value"}," ‮ɥonɹs‬ ‮ɐƃo‬"],"few":[{"t":"idOrVar","v":"value"}," ‮ɥonɹs‬ ‮ɐƃo‬"],"many":[{"t":"idOrVar","v":"value"}," ‮ɥonɹs‬ ‮ɐƃo‬"],"other":[{"t":"idOrVar","v":"value"}," ‮ɥonɹs‬ ‮ɐƃo‬"]},"$x":[{"t":"idOrVar","v":"plural"},"value"]},{"$i":"days-ago-long","$v":{"zero":"‮ʇopɐʎ‬","one":"‮ʎǝsʇǝɹpɐʎ‬","two":[{"t":"idOrVar","v":"value"}," ‮pɐʎs‬ ‮ɐƃo‬"],"few":[{"t":"idOrVar","v":"value"}," ‮pɐʎs‬ ‮ɐƃo‬"],"many":[{"t":"idOrVar","v":"value"}," ‮pɐʎs‬ ‮ɐƃo‬"],"other":[{"t":"idOrVar","v":"value"}," ‮pɐʎs‬ ‮ɐƃo‬"]},"$x":[{"t":"idOrVar","v":"plural"},"value"]},{"$i":"weeks-ago-long","$v":{"zero":"‮ʇɥıs‬ ‮ʍǝǝʞ‬","one":"‮ʅɐsʇ‬ ‮ʍǝǝʞ‬","two":[{"t":"idOrVar","v":"value"}," ‮ʍǝǝʞs‬ ‮ɐƃo‬"],"few":[{"t":"idOrVar","v":"value"}," ‮ʍǝǝʞs‬ ‮ɐƃo‬"],"many":[{"t":"idOrVar","v":"value"}," ‮ʍǝǝʞs‬ ‮ɐƃo‬"],"other":[{"t":"idOrVar","v":"value"}," ‮ʍǝǝʞs‬ ‮ɐƃo‬"]},"$x":[{"t":"idOrVar","v":"plural"},"value"]},{"$i":"months-ago-long","$v":{"zero":"‮ʇɥıs‬ ‮ɯouʇɥ‬","one":"‮ʅɐsʇ‬ ‮ɯouʇɥ‬","two":[{"t":"idOrVar","v":"value"}," ‮ɯouʇɥs‬ ‮ɐƃo‬"],"few":[{"t":"idOrVar","v":"value"}," ‮ɯouʇɥs‬ ‮ɐƃo‬"],"many":[{"t":"idOrVar","v":"value"}," ‮ɯouʇɥs‬ ‮ɐƃo‬"],"other":[{"t":"idOrVar","v":"value"}," ‮ɯouʇɥs‬ ‮ɐƃo‬"]},"$x":[{"t":"idOrVar","v":"plural"},"value"]},{"$i":"years-ago-long","$v":{"zero":"‮ʇɥıs‬ ‮ʎǝɐɹ‬","one":"‮ʅɐsʇ‬ ‮ʎǝɐɹ‬","two":[{"t":"idOrVar","v":"value"}," ‮ʎǝɐɹs‬ ‮ɐƃo‬"],"few":[{"t":"idOrVar","v":"value"}," ‮ʎǝɐɹs‬ ‮ɐƃo‬"],"many":[{"t":"idOrVar","v":"value"}," ‮ʎǝɐɹs‬ ‮ɐƃo‬"],"other":[{"t":"idOrVar","v":"value"}," ‮ʎǝɐɹs‬ ‮ɐƃo‬"]},"$x":[{"t":"idOrVar","v":"plural"},"value"]},{"$i":"minutes-until-long","$v":{"zero":"‮uoʍ‬","one":"‮ıu‬ ‮ɐ‬ ‮ɯıunʇǝ‬","two":["‮ıu‬ ",{"t":"idOrVar","v":"value"}," ‮ɯıunʇǝs‬"],"few":["‮ıu‬ ",{"t":"idOrVar","v":"value"}," ‮ɯıunʇǝs‬"],"many":["‮ıu‬ ",{"t":"idOrVar","v":"value"}," ‮ɯıunʇǝs‬"],"other":["‮ıu‬ ",{"t":"idOrVar","v":"value"}," ‮ɯıunʇǝs‬"]},"$x":[{"t":"idOrVar","v":"plural"},"value"]},{"$i":"hours-until-long","$v":{"zero":"‮uoʍ‬","one":"‮ıu‬ ‮ɐu‬ ‮ɥonɹ‬","two":["‮ıu‬ ",{"t":"idOrVar","v":"value"}," ‮ɥonɹs‬"],"few":["‮ıu‬ ",{"t":"idOrVar","v":"value"}," ‮ɥonɹs‬"],"many":["‮ıu‬ ",{"t":"idOrVar","v":"value"}," ‮ɥonɹs‬"],"other":["‮ıu‬ ",{"t":"idOrVar","v":"value"}," ‮ɥonɹs‬"]},"$x":[{"t":"idOrVar","v":"plural"},"value"]},{"$i":"days-until-long","$v":{"zero":"‮ʇopɐʎ‬","one":"‮ʇoɯoɹɹoʍ‬","two":["‮ıu‬ ",{"t":"idOrVar","v":"value"}," ‮pɐʎs‬"],"few":["‮ıu‬ ",{"t":"idOrVar","v":"value"}," ‮pɐʎs‬"],"many":["‮ıu‬ ",{"t":"idOrVar","v":"value"}," ‮pɐʎs‬"],"other":["‮ıu‬ ",{"t":"idOrVar","v":"value"}," ‮pɐʎs‬"]},"$x":[{"t":"idOrVar","v":"plural"},"value"]},{"$i":"weeks-until-long","$v":{"zero":"‮ʇɥıs‬ ‮ʍǝǝʞ‬","one":"‮uǝxʇ‬ ‮ʍǝǝʞ‬","two":["‮ıu‬ ",{"t":"idOrVar","v":"value"}," ‮ʍǝǝʞs‬"],"few":["‮ıu‬ ",{"t":"idOrVar","v":"value"}," ‮ʍǝǝʞs‬"],"many":["‮ıu‬ ",{"t":"idOrVar","v":"value"}," ‮ʍǝǝʞs‬"],"other":["‮ıu‬ ",{"t":"idOrVar","v":"value"}," ‮ʍǝǝʞs‬"]},"$x":[{"t":"idOrVar","v":"plural"},"value"]},{"$i":"months-until-long","$v":{"zero":"‮ʇɥıs‬ ‮ɯouʇɥ‬","one":"‮uǝxʇ‬ ‮ɯouʇɥ‬","two":["‮ıu‬ ",{"t":"idOrVar","v":"value"}," ‮ɯouʇɥs‬"],"few":["‮ıu‬ ",{"t":"idOrVar","v":"value"}," ‮ɯouʇɥs‬"],"many":["‮ıu‬ ",{"t":"idOrVar","v":"value"}," ‮ɯouʇɥs‬"],"other":["‮ıu‬ ",{"t":"idOrVar","v":"value"}," ‮ɯouʇɥs‬"]},"$x":[{"t":"idOrVar","v":"plural"},"value"]},{"$i":"years-until-long","$v":{"zero":"‮ʇɥıs‬ ‮ʎǝɐɹ‬","one":"‮uǝxʇ‬ ‮ʎǝɐɹ‬","two":["‮ıu‬ ",{"t":"idOrVar","v":"value"}," ‮ʎǝɐɹs‬"],"few":["‮ıu‬ ",{"t":"idOrVar","v":"value"}," ‮ʎǝɐɹs‬"],"many":["‮ıu‬ ",{"t":"idOrVar","v":"value"}," ‮ʎǝɐɹs‬"],"other":["‮ıu‬ ",{"t":"idOrVar","v":"value"}," ‮ʎǝɐɹs‬"]},"$x":[{"t":"idOrVar","v":"plural"},"value"]},{"$i":"minutes-ago-short","$v":{"zero":"‮ɾnsʇ‬ ‮uoʍ‬","other":[{"t":"idOrVar","v":"value"},"‮ɯ‬ ‮ɐƃo‬"]},"$x":[{"t":"idOrVar","v":"plural"},"value"]},{"$i":"hours-ago-short","$v":{"zero":"‮ɾnsʇ‬ ‮uoʍ‬","other":[{"t":"idOrVar","v":"value"},"‮ɥ‬ ‮ɐƃo‬"]},"$x":[{"t":"idOrVar","v":"plural"},"value"]},{"$i":"days-ago-short","$v":{"zero":"‮ʇopɐʎ‬","other":[{"t":"idOrVar","v":"value"},"‮p‬ ‮ɐƃo‬"]},"$x":[{"t":"idOrVar","v":"plural"},"value"]},{"$i":"minutes-until-short","$v":{"zero":"‮uoʍ‬","other":["‮ıu‬ ",{"t":"idOrVar","v":"value"},"‮ɯ‬"]},"$x":[{"t":"idOrVar","v":"plural"},"value"]},{"$i":"hours-until-short","$v":{"zero":"‮uoʍ‬","other":["‮ıu‬ ",{"t":"idOrVar","v":"value"},"‮ɥ‬"]},"$x":[{"t":"idOrVar","v":"plural"},"value"]},{"$i":"days-until-short","$v":{"zero":"‮ʇopɐʎ‬","other":["‮ıu‬ ",{"t":"idOrVar","v":"value"},"‮p‬"]},"$x":[{"t":"idOrVar","v":"plural"},"value"]},{"$i":"incorrectDate","$v":"(‮ıuɔoɹɹǝɔʇ‬ ‮pɐʇǝ‬)"},{"$i":"dateTimeFormat_%c","$v":"%a %b %e %Y %I:%M:%S %p"},{"$i":"dateTimeFormat_%x","$v":"%m/%d/%Y"},{"$i":"dateTimeFormat_%X","$v":"%I:%M:%S %p"},{"$i":"shortTimeFormat","$v":"%I:%M %p"},{"$i":"shortTimeFormat12","$v":"%I:%M %p"},{"$i":"shortTimeFormat24","$v":"%H:%M"},{"$i":"shortDateTimeFormat","$v":"%x %I:%M %p"},{"$i":"weekStartsOnMonday","$v":"0"},{"$i":"firstDayOfTheWeek","$v":"0"},{"$i":"time_am","$v":"‮∀W‬"},{"$i":"time_pm","$v":"‮ԀW‬"},{"$i":"stopped_download_title","$v":"‮poʍuʅoɐp‬ ‮sʇoddǝp‬"},{"$i":"stopped_download_message","$v":"‮poʍuʅoɐp‬ ‮ʍɐs‬ ‮sʇoddǝp‬. ‮⊥ɹʎ‬ ‮poʍuʅoɐpıuƃ‬ ‮ɐƃɐıu‬?"},{"$i":"stopped_download_left_button","$v":"‮Ↄɐuɔǝʅ‬"},{"$i":"stopped_download_right_button","$v":"‮⊥ɹʎ‬ ‮ɐƃɐıu‬"},{"$i":"failed_download_title","$v":"‮poʍuʅoɐp‬ ‮ɟɐıʅǝp‬"},{"$i":"failed_download_message","$v":[{"t":"idOrVar","v":"name"}," ‮ɟɐıʅǝp‬ ‮ʇo‬ ‮poʍuʅoɐp‬. ‮⊥ɹʎ‬ ‮poʍuʅoɐpıuƃ‬ ‮ɐƃɐıu‬?"]},{"$i":"failed_download_left_button","$v":"‮Ↄɐuɔǝʅ‬"},{"$i":"failed_download_right_button","$v":"‮⊥ɹʎ‬ ‮ɐƃɐıu‬"},{"$i":"stop_download_title","$v":"‮Sʇod‬ ‮poʍuʅoɐp‬"},{"$i":"stop_download_message","$v":"‮∀ɹǝ‬ ‮ʎon‬ ‮snɹǝ‬ ‮ʎon‬ ‮ʍɐuʇ‬ ‮ʇo‬ ‮sʇod‬ ‮ʇɥǝ‬ ‮poʍuʅoɐp‬?"},{"$i":"stop_download_left_button","$v":"‮No‬"},{"$i":"stop_download_right_button","$v":"‮ʎǝs‬"},{"$i":"delete_download_title","$v":"‮pǝʅǝʇǝ‬"},{"$i":"delete_download_message","$v":["‮pǝʅǝʇǝ‬ ",{"t":"idOrVar","v":"name"},"?"]},{"$i":"delete_download_left_button","$v":"‮Ↄɐuɔǝʅ‬"},{"$i":"delete_download_right_button","$v":"‮pǝʅǝʇǝ‬"},{"$i":"delete_all_download_title","$v":"‮pǝʅǝʇǝ‬"},{"$i":"delete_all_download_left_button","$v":"‮Ↄɐuɔǝʅ‬"},{"$i":"delete_all_download_right_button","$v":"‮pǝʅǝʇǝ‬"},{"$i":"delete_all_download_message","$v":{"zero":"‮pǝʅǝʇǝ‬ ‮uo‬ ‮ɟıʅǝs‬?","one":"‮pǝʅǝʇǝ‬ ‮ouǝ‬ ‮ɟıʅǝ‬?","two":["‮pǝʅǝʇǝ‬ ",{"t":"idOrVar","v":"number"}," ‮ɟıʅǝs‬?"],"few":["‮pǝʅǝʇǝ‬ ",{"t":"idOrVar","v":"number"}," ‮ɟıʅǝs‬?"],"many":["‮pǝʅǝʇǝ‬ ",{"t":"idOrVar","v":"number"}," ‮ɟıʅǝs‬?"],"other":["‮pǝʅǝʇǝ‬ ",{"t":"idOrVar","v":"number"}," ‮ɟıʅǝs‬?"]},"$x":[{"t":"idOrVar","v":"plural"},"number"]},{"$i":"unsupported_file_type_download_title","$v":"‮∩uɐqʅǝ‬ ‮ʇo‬ ‮odǝu‬"},{"$i":"unsupported_file_type_download_message","$v":["‮⊥ɥǝɹǝ‬ ‮ısu‬’‮ʇ‬ ‮ɐu‬ ‮ɐdd‬ ‮ʇɥɐʇ‬ ‮ɔɐu‬ ‮odǝu‬ ",{"t":"idOrVar","v":"name"},". ‮Ｍonʅp‬ ‮ʎon‬ ‮ʅıʞǝ‬ ‮ʇo‬ ‮sɐʌǝ‬ ‮ʇɥǝ‬ ‮ɟıʅǝ‬ ‮oɹ‬ ‮pǝʅǝʇǝ‬ ‮ıʇ‬?"]},{"$i":"unsupported_file_type_download_left_button","$v":"‮Ӽǝǝd‬ ‮ɟıʅǝ‬"},{"$i":"unsupported_file_type_download_right_button","$v":"‮pǝʅǝʇǝ‬"},{"$i":"file_not_found_download_title","$v":"‮ɟıʅǝ‬ ‮uoʇ‬ ‮ɟonup‬"},{"$i":"file_not_found_download_message","$v":"‮⊥ɥǝ‬ ‮ɟıʅǝ‬ ‮ʍɐsu‬’‮ʇ‬ ‮ɟonup‬ ‮ou‬ ‮ʇɥǝ‬ ‮pǝʌıɔǝ‬"},{"$i":"file_not_found_download_right_button","$v":"‮OӼ‬"},{"$i":"unmounted_sdcard_2_download_title","$v":"‮Wǝɯoɹʎ‬ ‮ɔɐɹp‬ ‮ıu‬ ‮nsǝ‬"},{"$i":"unmounted_sdcard_2_download_message","$v":"‮∩udʅnƃ‬ ‮ʇɥǝ‬ ‮dɥouǝ‬"},{"$i":"unmounted_sdcard_2_download_right_button","$v":"‮OӼ‬"},{"$i":"no_provider_download_title","$v":"‮∩uɐqʅǝ‬ ‮ʇo‬ ‮sɥɐɹǝ‬"},{"$i":"no_provider_download_message","$v":"‮No‬ ‮dɹoʌıpǝɹ‬ ‮ɟonup‬"},{"$i":"no_provider_download_right_button","$v":"‮OӼ‬"},{"$i":"no_memory_download_title","$v":"‮Sp‬ ‮Ↄɐɹp‬ ‮ıs‬ ‮ɟnʅʅ‬"},{"$i":"no_memory_download_message","$v":"‮⊥ɥǝɹǝ‬ ‮ıs‬ ‮uo‬ ‮ɯoɹǝ‬ ‮ɹooɯ‬ ‮ou‬ ‮ʎonɹ‬ ‮Sp‬ ‮ɔɐɹp‬ ‮ʇo‬ ‮sɐʌǝ‬ ‮ʎonɹ‬ ‮poʍuʅoɐp‬. ‮Ԁʅǝɐsǝ‬ ‮ɹǝɯoʌǝ‬ ‮soɯǝ‬ ‮ɟıʅǝs‬ ‮qǝɟoɹǝ‬ ‮ɹǝsʇɐɹʇıuƃ‬ ‮ʇɥǝ‬ ‮poʍuʅoɐp‬."},{"$i":"no_memory_download_right_button","$v":"‮OӼ‬"},{"$i":"no_sdcard_found_2_download_title","$v":"‮No‬ ‮ɯǝɯoɹʎ‬ ‮ɔɐɹp‬ ‮ɟonup‬"},{"$i":"no_sdcard_found_2_download_message","$v":"‮Iusǝɹʇ‬ ‮ɐ‬ ‮ɯǝɯoɹʎ‬ ‮ɔɐɹp‬ ‮oɹ‬ ‮sǝʅǝɔʇ‬ ‮ɐu‬ ‮ɐʅʇǝɹuɐʇǝ‬ ‮pǝɟɐnʅʇ‬ ‮ɯǝpıɐ‬ ‮ʅoɔɐʇıou‬ ‮ıu‬ ‮sǝʇʇıuƃs‬"},{"$i":"no_sdcard_found_2_download_right_button","$v":"‮OӼ‬"},{"$i":"file_open_error_download_title","$v":"‮∩uɐqʅǝ‬ ‮ʇo‬ ‮odǝu‬"},{"$i":"file_open_error_download_message","$v":["‮⊥ɥǝɹǝ‬ ‮ıs‬ ‮ɐ‬ ‮dɹoqʅǝɯ‬ ‮odǝuıuƃ‬ ",{"t":"idOrVar","v":"name"},". ‮Ｍonʅp‬ ‮ʎon‬ ‮ʅıʞǝ‬ ‮ʇo‬ ‮sɐʌǝ‬ ‮ʇɥǝ‬ ‮ɟıʅǝ‬ ‮oɹ‬ ‮pǝʅǝʇǝ‬ ‮ıʇ‬?"]},{"$i":"file_open_error_download_left_button","$v":"‮Ӽǝǝd‬ ‮ɟıʅǝ‬"},{"$i":"file_open_error_download_right_button","$v":"‮pǝʅǝʇǝ‬"},{"$i":"restart_download_error","$v":"‮⊥ɥǝɹǝ‬ ‮ʍɐs‬ ‮ɐu‬ ‮ǝɹɹoɹ‬ ‮ʍɥıʅǝ‬ ‮ɹǝsʇɐɹʇıuƃ‬ ‮ʇɥǝ‬ ‮poʍuʅoɐp‬. ‮Ԁʅǝɐsǝ‬ ‮ʇɹʎ‬ ‮ʇo‬ ‮poʍuʅoɐp‬ ‮ɐƃɐıu‬."},{"$i":"no-downloads","$v":"‮No‬ ‮poʍuʅoɐps‬"},{"$i":"byteUnit-B","$v":"‮Ԑ‬"},{"$i":"byteUnit-KB","$v":"‮ӼԐ‬"},{"$i":"byteUnit-MB","$v":"‮WԐ‬"},{"$i":"byteUnit-GB","$v":"‮פԐ‬"},{"$i":"byteUnit-TB","$v":"‮⊥Ԑ‬"},{"$i":"byteUnit-PB","$v":"‮ԀԐ‬"},{"$i":"byteUnit-EB","$v":"‮ƎԐ‬"},{"$i":"byteUnit-ZB","$v":"‮ZԐ‬"},{"$i":"byteUnit-YB","$v":"‮ʎԐ‬"},{"$i":"fileSize","$v":[{"t":"idOrVar","v":"size"}," ",{"t":"idOrVar","v":"unit"}]},{"$i":"percentage","$v":[{"t":"idOrVar","v":"percentage"}," %"]},{"$i":"partialResult","$v":[{"t":"idOrVar","v":"partial"}," ‮oɟ‬ ",{"t":"idOrVar","v":"total"}]},{"$i":"summary","$v":[{"t":"idOrVar","v":"date"}," - ",{"t":"idOrVar","v":"status"}]},{"$i":"download-stopped","$v":"‮Sʇoddǝp‬"},{"$i":"download-failed","$v":"‮poʍuʅoɐp‬ ‮ɟɐıʅǝp‬"},{"$i":"open_downloaded_file","$v":"‮Odǝu‬"},{"$i":"share_downloaded_file","$v":"‮Sɥɐɹǝ‬"},{"$i":"wallpaper_downloaded_file","$v":"‮Sǝʇ‬ ‮ɐs‬ ‮ʍɐʅʅdɐdǝɹ‬"},{"$i":"ringtone_downloaded_file","$v":"‮Sǝʇ‬ ‮ɐs‬ ‮ɹıuƃʇouǝ‬"},{"$i":"cancel_downloaded_file","$v":"‮Ↄɐuɔǝʅ‬"},{"$i":"select-download","$v":"‮Sǝʅǝɔʇ‬ ‮poʍuʅoɐp‬"}]