{"hello":"‮Hǝʅʅo‬, <em>‮ʍoɹʅp‬</em>!","name":"‮⊥ʎdǝ‬ <input placeholder=\"your name\"> ‮ɐup‬ <input value=\"send\">","unreadEmails":{"value":{"one":"‮ʎon‬ ‮ɥɐʌǝ‬ ‮ouǝ‬ ‮nuɹǝɐp‬ ‮ǝɯɐıʅ‬","other":["‮ʎon‬ ‮ɥɐʌǝ‬ ",{"type":"var","name":"emailCount"}," ‮nuɹǝɐp‬ ‮ǝɯɐıʅs‬"]},"index":[{"type":"call","expr":{"type":"prop","expr":{"type":"glob","name":"cldr"},"prop":"plural","cmpt":false},"args":[{"type":"var","name":"emailCount"}]}]}}