[{"$i":"back-button","ariaLabel":"Back"},{"$i":"close-button","ariaLabel":"Close"},{"$i":"setup-app-name-header","$v":"Mail"},{"$i":"setup-empty-account-message","$v":"You are not set up to send or receive email. Set up an account to complete the action."},{"$i":"setup-pick-service","$v":"To send and receive email, you will need to set up an account."},{"$i":"setup-account-header3","$v":"New Account"},{"$i":"setup-account-enter-password","$v":"Enter Password For:"},{"$i":"setup-info-name","placeholder":"Your name"},{"$i":"setup-info-email","placeholder":"someone@example.com"},{"$i":"setup-info-password","placeholder":"Password"},{"$i":"setup-info-next","$v":"Next"},{"$i":"setup-progress-wait-msg","$v":"Setting up account"},{"$i":"setup-completed-header","$v":"Mail account setup"},{"$i":"setup-completed-label","$v":"All done!"},{"$i":"setup-add-another-account","$v":"Add another account"},{"$i":"setup-show-mail","$v":"Continue to Mail"},{"$i":"setup-error-offline","$v":"This device is currently offline. Connect to a network and try again."},{"$i":"setup-error-bad-user-or-pass2","$v":"Invalid username or password. Check for typos."},{"$i":"setup-error-bad-address","$v":"Invalid e-mail address. Check for typos."},{"$i":"setup-error-not-authorized","$v":"The server said you’re not authorized to create an account"},{"$i":"setup-error-pop-server-not-great","$v":"Server unsupported. The POP3 server does not implement required features."},{"$i":"setup-error-unknown2","$v":"An unknown error occurred. Check your network connection or try the manual configuration option."},{"$i":"setup-error-needs-app-pass","$v":"You must use an application specific password for two-factor Gmail accounts"},{"$i":"setup-error-imap-disabled","$v":"You must enable IMAP for your Gmail account"},{"$i":"setup-error-pop3-disabled","$v":"You must enable POP3 for your Gmail account"},{"$i":"setup-error-bad-security","$v":["Unable to establish a secure connection with \"",{"t":"idOrVar","v":"server"},"\". There may be a problem with your network or the server."]},{"$i":"setup-error-unresponsive-server","$v":["Unable to establish a connection with \"",{"t":"idOrVar","v":"server"},"\". There may be a problem with the network."]},{"$i":"setup-error-server-problem","$v":["There is a problem with the server \"",{"t":"idOrVar","v":"server"},"\". Try again later."]},{"$i":"setup-error-no-config-info","$v":"Unable to automatically configure your account. Correct your e-mail address or try the manual configuration option."},{"$i":"setup-error-server-maintenance","$v":["The server \"",{"t":"idOrVar","v":"server"},"\" is offline for maintenance. Try again later."]},{"$i":"setup-error-account-already-exists","$v":"This account is already configured."},{"$i":"setup-manual-config2","$v":"Manual setup"},{"$i":"setup-manual-config-header","$v":"Manual Setup"},{"$i":"setup-manual-account-type","$v":"Account type"},{"$i":"setup-manual-account-type-select","ariaLabel":"Account type"},{"$i":"setup-manual-imap-header","$v":"IMAP settings"},{"$i":"setup-manual-pop3-header","$v":"POP3 settings"},{"$i":"setup-manual-smtp-header","$v":"SMTP settings"},{"$i":"setup-manual-activesync-header","$v":"ActiveSync settings"},{"$i":"setup-manual-next","$v":"Next"},{"$i":"setup-manual-socket","$v":"Socket Type"},{"$i":"setup-manual-socket-ssl","$v":"SSL"},{"$i":"setup-manual-socket-starttls","$v":"STARTTLS"},{"$i":"setup-manual-socket-select","ariaLabel":"Connection security"},{"$i":"setup-manual-socket-plain","$v":"Unencrypted (insecure)"},{"$i":"setup-manual-hostname","placeholder":"Hostname"},{"$i":"setup-manual-port","placeholder":"Port Number"},{"$i":"setup-manual-username","placeholder":"Username"},{"$i":"setup-manual-activesync-username","placeholder":"Domain\\Username"},{"$i":"setup-bad-password-header","$v":"Bad password!"},{"$i":"setup-bad-password","$v":"We could not sign in to the server. Maybe your password is wrong?"},{"$i":"setup-new-password","placeholder":"New password"},{"$i":"setup-fix-password","$v":"Retry with new password"},{"$i":"setup-gmail-twofactor-header","$v":"Two-Factor Enabled"},{"$i":"setup-gmail-twofactor-message","$v":"You need to enter an application-specific password below."},{"$i":"setup-gmail-twofactor-fix","$v":"Use application password"},{"$i":"setup-gmail-imap-header","$v":"IMAP Disabled"},{"$i":"setup-gmail-imap-message","$v":"You must enable IMAP on your Gmail account"},{"$i":"setup-gmail-imap-retry","$v":"Retry"},{"$i":"setup-gmail-pop3-header","$v":"POP3 Disabled"},{"$i":"setup-gmail-pop3-message","$v":"You must enable POP3 on your Gmail account"},{"$i":"setup-gmail-pop3-retry","$v":"Retry"},{"$i":"setup-fix-oauth2-header","$v":"Reauthorize Email"},{"$i":"setup-fix-oauth2-description","$v":"Email needs to be reauthorized to access the following account:"},{"$i":"setup-fix-oauth2-reauthorize","$v":"Reauthorize"},{"$i":"settings-main-header","$v":"Mail Settings"},{"$i":"settings-sub-header-account","$v":"Account"},{"$i":"settings-account-group","ariaLabel":"Account"},{"$i":"settings-account-name","$v":"Your name"},{"$i":"settings-account-display-notifications","$v":"Display notifications for new messages"},{"$i":"settings-account-play-sound-onsend","$v":"Play sound after message is sent"},{"$i":"settings-empty-signature-label","$v":"Tap to Edit"},{"$i":"settings-account-signature-label","$v":"Signature"},{"$i":"settings-account-signature-textbox","ariaLabel":"Signature"},{"$i":"signature-save","$v":"Save Signature"},{"$i":"signature-discard-confirm","$v":"Discard"},{"$i":"settings-sub-header-data","$v":"Data"},{"$i":"settings-data-group","ariaLabel":"Data"},{"$i":"settings-account-check-mail","$v":"Check for new messages"},{"$i":"settings-account-check-mail-select","ariaLabel":"Check for new messages"},{"$i":"settings-sub-header-server","$v":"Server settings"},{"$i":"settings-server-group","ariaLabel":"Server settings"},{"$i":"settings-account-userpass","$v":"Username and password"},{"$i":"settings-account-useroauth2","$v":"Username"},{"$i":"settings-default-signature-2","$v":"Sent Using Firefox OS"},{"$i":"settings-done","$v":"Done"},{"$i":"settings-account-section","$v":"Accounts"},{"$i":"settings-account-listbox","ariaLabel":"Accounts"},{"$i":"settings-account-add","$v":"Add Account"},{"$i":"settings-account-delete","$v":"Delete account"},{"$i":"settings-account-delete-prompt","$v":["Are you sure you want to delete your ",{"t":"idOrVar","v":"account"}," mail account? You will have to re-download your mail if you re-create the account."]},{"$i":"settings-account-delete-cancel","$v":"Cancel"},{"$i":"settings-account-delete-confirm","$v":"Delete"},{"$i":"settings-account-clarify-imap","$v":[{"t":"idOrVar","v":"account-name"}," (IMAP)"]},{"$i":"settings-account-clarify-pop3","$v":[{"t":"idOrVar","v":"account-name"}," (POP3)"]},{"$i":"settings-account-clarify-smtp","$v":[{"t":"idOrVar","v":"account-name"}," (SMTP)"]},{"$i":"settings-general-section","$v":"General settings"},{"$i":"settings-show-images","$v":"Always show images"},{"$i":"settings-download-attachments","$v":"Download attachments"},{"$i":"settings-check-every-5min","$v":"Every 5 minutes"},{"$i":"settings-check-every-10min","$v":"Every 10 minutes"},{"$i":"settings-check-every-15min","$v":"Every 15 minutes"},{"$i":"settings-check-every-30min","$v":"Every 30 minutes"},{"$i":"settings-check-every-60min","$v":"Every hour"},{"$i":"settings-check-every-manual","$v":"Manually"},{"$i":"settings-check-dynamic","$v":{"zero":"disabled","one":[{"t":"idOrVar","v":"n"}," second"],"two":[{"t":"idOrVar","v":"n"}," seconds"],"few":[{"t":"idOrVar","v":"n"}," seconds"],"many":[{"t":"idOrVar","v":"n"}," seconds"],"other":[{"t":"idOrVar","v":"n"}," seconds"]},"$x":[{"t":"idOrVar","v":"plural"},"n"]},{"$i":"settings-default-account","$v":"Set as default email"},{"$i":"settings-account-type","$v":"Account type"},{"$i":"settings-account-credentials","$v":"Credentials"},{"$i":"settings-activesync-label","$v":"ActiveSync settings"},{"$i":"settings-imap-label","$v":"IMAP settings"},{"$i":"settings-pop3-label","$v":"POP3 settings"},{"$i":"settings-smtp-label","$v":"SMTP settings"},{"$i":"settings-hostname","$v":"Hostname"},{"$i":"settings-port","$v":"Port"},{"$i":"settings-username","$v":"Username"},{"$i":"settings-password","$v":"Password"},{"$i":"settings-save","$v":"Save"},{"$i":"settings-password-empty","$v":"Password field should not be empty"},{"$i":"settings-reauth","$v":"Reauthorize"},{"$i":"settings-account-synchronize-window","$v":"Days to sync"},{"$i":"settings-account-synchronize-window-select","ariaLabel":"Days to sync"},{"$i":"settings-synchronize-auto","$v":"Automatic"},{"$i":"settings-synchronize-one-day","$v":"1 day"},{"$i":"settings-synchronize-three-days","$v":"3 days"},{"$i":"settings-synchronize-one-week","$v":"1 week"},{"$i":"settings-synchronize-two-weeks","$v":"2 weeks"},{"$i":"settings-synchronize-one-month","$v":"1 month"},{"$i":"settings-synchronize-all","$v":"All messages"},{"$i":"envelope-from","$v":"From"},{"$i":"envelope-to","$v":"To"},{"$i":"envelope-cc","$v":"Cc"},{"$i":"envelope-bcc","$v":"Bcc"},{"$i":"message-header-state-sending","ariaLabel":"Sending"},{"$i":"message-header-state-error","ariaLabel":"Error sending"},{"$i":"message-header-unread","ariaLabel":"Unread"},{"$i":"message-header-starred","ariaLabel":"Has star"},{"$i":"message-header-attachments","ariaLabel":"Has attachments"},{"$i":"message-body-container","ariaLabel":"Message body"},{"$i":"message-body-container-progress","ariaValueText":"Loading"},{"$i":"subject","ariaLabel":"Subject"},{"$i":"message-delete-button","ariaLabel":"Delete"},{"$i":"message-star-button","ariaLabel":"Add star"},{"$i":"message-unstar-button","ariaLabel":"Remove star"},{"$i":"message-mark-read-button","ariaLabel":"Mark read"},{"$i":"message-mark-unread-button","ariaLabel":"Mark unread"},{"$i":"message-move-button","ariaLabel":"Move"},{"$i":"message-reply-forward-button","ariaLabel":"Reply or forward"},{"$i":"download-button","ariaLabel":"Download"},{"$i":"downloading-progress","ariaValueText":"Downloading"},{"$i":"view-button","ariaLabel":"View"},{"$i":"attachments-container","ariaLabel":"Attachments"},{"$i":"from-group","ariaLabel":"From"},{"$i":"to-group","ariaLabel":"To"},{"$i":"cc-group","ariaLabel":"cc"},{"$i":"bcc-group","ariaLabel":"bcc"},{"$i":"compose-header","$v":"Compose message"},{"$i":"compose-header-short","$v":"Compose"},{"$i":"compose-send","$v":"Send"},{"$i":"compose-send-button","ariaLabel":"Send"},{"$i":"compose-to","$v":"To"},{"$i":"compose-cc","$v":"cc"},{"$i":"compose-bcc","$v":"bcc"},{"$i":"compose-contact-add","ariaLabel":"Add contact"},{"$i":"compose-attachments-container","ariaLabel":{"$v":{"zero":"Attachments","one":["Attachments: ",{"t":"idOrVar","v":"kilobytes"},"K"],"two":["Attachments: ",{"t":"idOrVar","v":"kilobytes"},"K"],"few":["Attachments: ",{"t":"idOrVar","v":"kilobytes"},"K"],"many":["Attachments: ",{"t":"idOrVar","v":"kilobytes"},"K"],"other":["Attachments: ",{"t":"idOrVar","v":"kilobytes"},"K"]},"$x":[{"t":"idOrVar","v":"plural"},"kilobytes"]}},{"$i":"compose-attachment-remove","ariaLabel":"Remove"},{"$i":"compose-attachment-button","ariaLabel":"Attach"},{"$i":"compose-attachments","$v":{"zero":"Attachments","one":[{"t":"idOrVar","v":"n"}," attachment"],"two":[{"t":"idOrVar","v":"n"}," attachments"],"few":[{"t":"idOrVar","v":"n"}," attachments"],"many":[{"t":"idOrVar","v":"n"}," attachments"],"other":[{"t":"idOrVar","v":"n"}," attachments"]},"$x":[{"t":"idOrVar","v":"plural"},"n"]},{"$i":"compose-text","ariaLabel":"Edit"},{"$i":"compose-attachment-still-working","$v":"One moment, still working on the previous attachment..."},{"$i":"compose-subject","$v":"Subject"},{"$i":"compose-draft-save","$v":"Save to Local Drafts"},{"$i":"compose-delete-confirm","$v":"Delete the draft"},{"$i":"compose-send-message-failed","$v":"Sending email failed"},{"$i":"composer-attachment-large","$v":"Attachment too large"},{"$i":"composer-attachments-large","$v":"Attachments too large"},{"$i":"compose-attchment-size-exceeded","$v":"The selected attachment is too large to send with this message."},{"$i":"compose-attchments-size-exceeded","$v":"The selected attachments are too large to send with this message. Try selecting fewer files."},{"$i":"dialog-button-ok","$v":"OK"},{"$i":"default-attachment-filename","$v":["attachment",{"t":"idOrVar","v":"n"}]},{"$i":"attachment-size-kib","$v":[{"t":"idOrVar","v":"kilobytes"},"K"]},{"$i":"message-attachment-view","$v":"View"},{"$i":"message-attachment-did-not-open-label","$v":"Unable to open"},{"$i":"message-attachment-did-not-open-body","$v":"The device does not have an app that can open the attachment."},{"$i":"message-attachment-too-large","$v":"This file is too large to download."},{"$i":"message-no-subject","$v":"(no subject)"},{"$i":"message-edit-menu-edit","$v":"Edit"},{"$i":"message-edit-menu-delete","$v":"Delete"},{"$i":"message-edit-delete-confirm","$v":"Delete email message?"},{"$i":"message-send-attachment-disabled-confirm","$v":"Attachments can not be forwarded."},{"$i":"message-multiedit-header","$v":{"zero":"Edit","one":[{"t":"idOrVar","v":"n"}," selected"],"two":[{"t":"idOrVar","v":"n"}," selected"],"few":[{"t":"idOrVar","v":"n"}," selected"],"many":[{"t":"idOrVar","v":"n"}," selected"],"other":[{"t":"idOrVar","v":"n"}," selected"]},"$x":[{"t":"idOrVar","v":"plural"},"n"]},{"$i":"browse-to-url-prompt","$v":["Browse to URL?: ",{"t":"idOrVar","v":"url"}]},{"$i":"message-download-images-tap","$v":{"one":"This email contains one image. Tap to download.","two":["This email contains ",{"t":"idOrVar","v":"n"}," images. Tap to download."],"few":["This email contains ",{"t":"idOrVar","v":"n"}," images. Tap to download."],"many":["This email contains ",{"t":"idOrVar","v":"n"}," images. Tap to download."],"other":["This email contains ",{"t":"idOrVar","v":"n"}," images. Tap to download."]},"$x":[{"t":"idOrVar","v":"plural"},"n"]},{"$i":"message-show-external-images","$v":"Show external images"},{"$i":"message-multiedit-cancel","$v":"Cancel"},{"$i":"message-multiedit-delete-confirm","$v":{"one":"Delete this email message?","two":["Delete ",{"t":"idOrVar","v":"n"}," email messages?"],"few":["Delete ",{"t":"idOrVar","v":"n"}," email messages?"],"many":["Delete ",{"t":"idOrVar","v":"n"}," email messages?"],"other":["Delete ",{"t":"idOrVar","v":"n"}," email messages?"]},"$x":[{"t":"idOrVar","v":"plural"},"n"]},{"$i":"message-large-message-cancel","$v":"Cancel"},{"$i":"message-large-message-ok","$v":"Continue"},{"$i":"message-large-message-confirm","$v":"This message is large and may take some time to download."},{"$i":"message-search-from","$v":"From"},{"$i":"message-search-to","$v":"To"},{"$i":"message-search-subject","$v":"Subject"},{"$i":"message-search-body","$v":"Body"},{"$i":"message-search-all","$v":"All"},{"$i":"message-search-input","placeholder":"Search Mail"},{"$i":"message-search-cancel","$v":"Cancel"},{"$i":"messages-syncing","$v":"Loading Messages"},{"$i":"messages-syncing-progressbar","ariaValueText":"Loading Messages"},{"$i":"messages-load-more","$v":"Load More Messages"},{"$i":"messages-folder-empty","$v":"No mail in this Folder"},{"$i":"messages-search-empty","$v":"No matches in locally cached messages"},{"$i":"messages-folder-select","$v":"Select folder"},{"$i":"messages-folder-unread-max","$v":"999+"},{"$i":"message-contact-menu-create","$v":"Save new contact"},{"$i":"message-contact-menu-add-existing","$v":"Add to existing contact"},{"$i":"message-contact-menu-view","$v":"View contact"},{"$i":"message-contact-menu-reply","$v":"Reply"},{"$i":"message-contact-menu-new","$v":"Send new mail"},{"$i":"message-reply-menu-reply","$v":"Reply"},{"$i":"message-reply-menu-reply-all","$v":"Reply All"},{"$i":"message-reply-menu-forward","$v":"Forward"},{"$i":"message-reply-menu-cancel","$v":"Cancel"},{"$i":"reply-quoting-wrote","$v":"{name} wrote"},{"$i":"forward-original-message","$v":"Original message"},{"$i":"forward-header-subject","$v":"Subject"},{"$i":"forward-header-date","$v":"Date"},{"$i":"forward-header-from","$v":"From"},{"$i":"forward-header-reply-to","$v":"Reply-To"},{"$i":"forward-header-to","$v":"To"},{"$i":"forward-header-cc","$v":"Cc"},{"$i":"folder-inbox","$v":"Inbox"},{"$i":"folder-sent","$v":"Sent"},{"$i":"folder-drafts","$v":"Drafts"},{"$i":"folder-trash","$v":"Trash"},{"$i":"folder-queue","$v":"Unsent"},{"$i":"folder-junk","$v":"Junk"},{"$i":"folder-archives","$v":"Archives"},{"$i":"folder-localdrafts","$v":"Local Drafts"},{"$i":"folder-outbox","$v":"Outbox"},{"$i":"drawer-back","$v":"Back"},{"$i":"drawer-accounts-header","$v":"Accounts"},{"$i":"drawer-settings-link","$v":"Settings"},{"$i":"folder-last-synced-label","$v":"Last sync:"},{"$i":"messages-refresh-button","ariaLabel":"Refresh"},{"$i":"messages-refresh-progress","ariaValueText":"Refreshing"},{"$i":"edit-button","ariaLabel":"Edit"},{"$i":"message-list-top-action","$v":"Top"},{"$i":"message-list-menu","ariaLabel":"Folders and settings"},{"$i":"message-list-compose","ariaLabel":"Compose"},{"$i":"toaster-undo","$v":"Undo"},{"$i":"toaster-message-star","$v":{"one":"1 message flag set","two":[{"t":"idOrVar","v":"n"}," message flags set"],"few":[{"t":"idOrVar","v":"n"}," message flags set"],"many":[{"t":"idOrVar","v":"n"}," message flags set"],"other":[{"t":"idOrVar","v":"n"}," message flags set"]},"$x":[{"t":"idOrVar","v":"plural"},"n"]},{"$i":"toaster-message-unstar","$v":{"one":"1 message flag removed","two":[{"t":"idOrVar","v":"n"}," message flags removed"],"few":[{"t":"idOrVar","v":"n"}," message flags removed"],"many":[{"t":"idOrVar","v":"n"}," message flags removed"],"other":[{"t":"idOrVar","v":"n"}," message flags removed"]},"$x":[{"t":"idOrVar","v":"plural"},"n"]},{"$i":"toaster-message-read","$v":{"one":"1 message marked as read","two":[{"t":"idOrVar","v":"n"}," messages marked as read"],"few":[{"t":"idOrVar","v":"n"}," messages marked as read"],"many":[{"t":"idOrVar","v":"n"}," messages marked as read"],"other":[{"t":"idOrVar","v":"n"}," messages marked as read"]},"$x":[{"t":"idOrVar","v":"plural"},"n"]},{"$i":"toaster-message-unread","$v":{"one":"1 message marked as unread","two":[{"t":"idOrVar","v":"n"}," messages marked as unread"],"few":[{"t":"idOrVar","v":"n"}," messages marked as unread"],"many":[{"t":"idOrVar","v":"n"}," messages marked as unread"],"other":[{"t":"idOrVar","v":"n"}," messages marked as unread"]},"$x":[{"t":"idOrVar","v":"plural"},"n"]},{"$i":"toaster-message-move","$v":{"one":"1 message moved","two":[{"t":"idOrVar","v":"n"}," messages moved"],"few":[{"t":"idOrVar","v":"n"}," messages moved"],"many":[{"t":"idOrVar","v":"n"}," messages moved"],"other":[{"t":"idOrVar","v":"n"}," messages moved"]},"$x":[{"t":"idOrVar","v":"plural"},"n"]},{"$i":"toaster-message-delete","$v":{"one":"1 message deleted","two":[{"t":"idOrVar","v":"n"}," messages deleted"],"few":[{"t":"idOrVar","v":"n"}," messages deleted"],"many":[{"t":"idOrVar","v":"n"}," messages deleted"],"other":[{"t":"idOrVar","v":"n"}," messages deleted"]},"$x":[{"t":"idOrVar","v":"plural"},"n"]},{"$i":"toaster-retryable-syncfailed","$v":"Unable to connect to server"},{"$i":"compose-invalid-addresses-title","$v":"Invalid Addresses"},{"$i":"compose-invalid-addresses-description","$v":"Your message contains one or more invalid email addresses. Please correct them before sending."},{"$i":"background-send-pending","$v":"Network unavailable. Email saved to outbox."},{"$i":"background-send-sending","$v":"Sending mail…"},{"$i":"background-send-success","$v":"Email sent."},{"$i":"background-send-error","$v":"Error occurred. Email saved to outbox."},{"$i":"background-send-error-recipients","$v":"Recipient error. Email saved to outbox."},{"$i":"background-send-error-title","$v":"Mail failed to send"},{"$i":"send-failure-recipients","$v":"Check the spelling of the addresses above. Your mail server indicated one or more of the addresses above are incorrect."},{"$i":"send-failure-unknown","$v":"The message could not be sent."},{"$i":"form-clear-input","$v":"Remove text"},{"$i":"confirm-dialog-title","$v":"Confirmation"},{"$i":"senders-separation-sign","$v":", "},{"$i":"new-messages","$v":{"one":"1 New Message","two":[{"t":"idOrVar","v":"n"}," New Messages"],"few":[{"t":"idOrVar","v":"n"}," New Messages"],"many":[{"t":"idOrVar","v":"n"}," New Messages"],"other":[{"t":"idOrVar","v":"n"}," New Messages"]},"$x":[{"t":"idOrVar","v":"plural"},"n"]},{"$i":"notification-no-subject","$v":"(no subject)"},{"$i":"new-emails-notify-one-account","$v":{"one":"1 New Email","two":[{"t":"idOrVar","v":"n"}," New Emails"],"few":[{"t":"idOrVar","v":"n"}," New Emails"],"many":[{"t":"idOrVar","v":"n"}," New Emails"],"other":[{"t":"idOrVar","v":"n"}," New Emails"]},"$x":[{"t":"idOrVar","v":"plural"},"n"]},{"$i":"new-emails-notify-multiple-accounts","$v":{"one":["1 New Email (",{"t":"idOrVar","v":"accountName"},")"],"two":[{"t":"idOrVar","v":"n"}," New Emails (",{"t":"idOrVar","v":"accountName"},")"],"few":[{"t":"idOrVar","v":"n"}," New Emails (",{"t":"idOrVar","v":"accountName"},")"],"many":[{"t":"idOrVar","v":"n"}," New Emails (",{"t":"idOrVar","v":"accountName"},")"],"other":[{"t":"idOrVar","v":"n"}," New Emails (",{"t":"idOrVar","v":"accountName"},")"]},"$x":[{"t":"idOrVar","v":"plural"},"n"]},{"$i":"new-emails-notify-multiple-accounts-body","$v":[{"t":"idOrVar","v":"from"}," “",{"t":"idOrVar","v":"subject"},"”"]},{"$i":"tng-plain-socket-warning-title","$v":"Are you sure?"},{"$i":"tng-plain-socket-warning-message","$v":"Other people may be able to see your passwords and emails or control your account."},{"$i":"tng-plain-socket-warning-message-options","$v":"There are multiple, free email providers that offer more secure, encrypted connections."},{"$i":"tng-plain-socket-learn-more","$v":"Learn more"},{"$i":"tng-plain-socket-warning-ok","$v":"I understand"},{"$i":"message-reader-next-button","ariaLabel":"Next"},{"$i":"message-reader-previous-button","ariaLabel":"Previous"},{"$i":"message-reader-date-received","ariaLabel":"Received"},{"$i":"weekday-0-long","$v":"Sunday"},{"$i":"weekday-1-long","$v":"Monday"},{"$i":"weekday-2-long","$v":"Tuesday"},{"$i":"weekday-3-long","$v":"Wednesday"},{"$i":"weekday-4-long","$v":"Thursday"},{"$i":"weekday-5-long","$v":"Friday"},{"$i":"weekday-6-long","$v":"Saturday"},{"$i":"weekday-0-short","$v":"Sun"},{"$i":"weekday-1-short","$v":"Mon"},{"$i":"weekday-2-short","$v":"Tue"},{"$i":"weekday-3-short","$v":"Wed"},{"$i":"weekday-4-short","$v":"Thu"},{"$i":"weekday-5-short","$v":"Fri"},{"$i":"weekday-6-short","$v":"Sat"},{"$i":"month-0-long","$v":"January"},{"$i":"month-1-long","$v":"February"},{"$i":"month-2-long","$v":"March"},{"$i":"month-3-long","$v":"April"},{"$i":"month-4-long","$v":"May"},{"$i":"month-5-long","$v":"June"},{"$i":"month-6-long","$v":"July"},{"$i":"month-7-long","$v":"August"},{"$i":"month-8-long","$v":"September"},{"$i":"month-9-long","$v":"October"},{"$i":"month-10-long","$v":"November"},{"$i":"month-11-long","$v":"December"},{"$i":"month-0-genitive","$v":"January"},{"$i":"month-1-genitive","$v":"February"},{"$i":"month-2-genitive","$v":"March"},{"$i":"month-3-genitive","$v":"April"},{"$i":"month-4-genitive","$v":"May"},{"$i":"month-5-genitive","$v":"June"},{"$i":"month-6-genitive","$v":"July"},{"$i":"month-7-genitive","$v":"August"},{"$i":"month-8-genitive","$v":"September"},{"$i":"month-9-genitive","$v":"October"},{"$i":"month-10-genitive","$v":"November"},{"$i":"month-11-genitive","$v":"December"},{"$i":"month-0-short","$v":"Jan"},{"$i":"month-1-short","$v":"Feb"},{"$i":"month-2-short","$v":"Mar"},{"$i":"month-3-short","$v":"Apr"},{"$i":"month-4-short","$v":"May"},{"$i":"month-5-short","$v":"Jun"},{"$i":"month-6-short","$v":"Jul"},{"$i":"month-7-short","$v":"Aug"},{"$i":"month-8-short","$v":"Sep"},{"$i":"month-9-short","$v":"Oct"},{"$i":"month-10-short","$v":"Nov"},{"$i":"month-11-short","$v":"Dec"},{"$i":"minutes-ago-long","$v":{"zero":"just now","one":"a minute ago","two":[{"t":"idOrVar","v":"value"}," minutes ago"],"few":[{"t":"idOrVar","v":"value"}," minutes ago"],"many":[{"t":"idOrVar","v":"value"}," minutes ago"],"other":[{"t":"idOrVar","v":"value"}," minutes ago"]},"$x":[{"t":"idOrVar","v":"plural"},"value"]},{"$i":"hours-ago-long","$v":{"zero":"just now","one":"an hour ago","two":[{"t":"idOrVar","v":"value"}," hours ago"],"few":[{"t":"idOrVar","v":"value"}," hours ago"],"many":[{"t":"idOrVar","v":"value"}," hours ago"],"other":[{"t":"idOrVar","v":"value"}," hours ago"]},"$x":[{"t":"idOrVar","v":"plural"},"value"]},{"$i":"days-ago-long","$v":{"zero":"today","one":"yesterday","two":[{"t":"idOrVar","v":"value"}," days ago"],"few":[{"t":"idOrVar","v":"value"}," days ago"],"many":[{"t":"idOrVar","v":"value"}," days ago"],"other":[{"t":"idOrVar","v":"value"}," days ago"]},"$x":[{"t":"idOrVar","v":"plural"},"value"]},{"$i":"weeks-ago-long","$v":{"zero":"this week","one":"last week","two":[{"t":"idOrVar","v":"value"}," weeks ago"],"few":[{"t":"idOrVar","v":"value"}," weeks ago"],"many":[{"t":"idOrVar","v":"value"}," weeks ago"],"other":[{"t":"idOrVar","v":"value"}," weeks ago"]},"$x":[{"t":"idOrVar","v":"plural"},"value"]},{"$i":"months-ago-long","$v":{"zero":"this month","one":"last month","two":[{"t":"idOrVar","v":"value"}," months ago"],"few":[{"t":"idOrVar","v":"value"}," months ago"],"many":[{"t":"idOrVar","v":"value"}," months ago"],"other":[{"t":"idOrVar","v":"value"}," months ago"]},"$x":[{"t":"idOrVar","v":"plural"},"value"]},{"$i":"years-ago-long","$v":{"zero":"this year","one":"last year","two":[{"t":"idOrVar","v":"value"}," years ago"],"few":[{"t":"idOrVar","v":"value"}," years ago"],"many":[{"t":"idOrVar","v":"value"}," years ago"],"other":[{"t":"idOrVar","v":"value"}," years ago"]},"$x":[{"t":"idOrVar","v":"plural"},"value"]},{"$i":"minutes-until-long","$v":{"zero":"now","one":"in a minute","two":["in ",{"t":"idOrVar","v":"value"}," minutes"],"few":["in ",{"t":"idOrVar","v":"value"}," minutes"],"many":["in ",{"t":"idOrVar","v":"value"}," minutes"],"other":["in ",{"t":"idOrVar","v":"value"}," minutes"]},"$x":[{"t":"idOrVar","v":"plural"},"value"]},{"$i":"hours-until-long","$v":{"zero":"now","one":"in an hour","two":["in ",{"t":"idOrVar","v":"value"}," hours"],"few":["in ",{"t":"idOrVar","v":"value"}," hours"],"many":["in ",{"t":"idOrVar","v":"value"}," hours"],"other":["in ",{"t":"idOrVar","v":"value"}," hours"]},"$x":[{"t":"idOrVar","v":"plural"},"value"]},{"$i":"days-until-long","$v":{"zero":"today","one":"tomorrow","two":["in ",{"t":"idOrVar","v":"value"}," days"],"few":["in ",{"t":"idOrVar","v":"value"}," days"],"many":["in ",{"t":"idOrVar","v":"value"}," days"],"other":["in ",{"t":"idOrVar","v":"value"}," days"]},"$x":[{"t":"idOrVar","v":"plural"},"value"]},{"$i":"weeks-until-long","$v":{"zero":"this week","one":"next week","two":["in ",{"t":"idOrVar","v":"value"}," weeks"],"few":["in ",{"t":"idOrVar","v":"value"}," weeks"],"many":["in ",{"t":"idOrVar","v":"value"}," weeks"],"other":["in ",{"t":"idOrVar","v":"value"}," weeks"]},"$x":[{"t":"idOrVar","v":"plural"},"value"]},{"$i":"months-until-long","$v":{"zero":"this month","one":"next month","two":["in ",{"t":"idOrVar","v":"value"}," months"],"few":["in ",{"t":"idOrVar","v":"value"}," months"],"many":["in ",{"t":"idOrVar","v":"value"}," months"],"other":["in ",{"t":"idOrVar","v":"value"}," months"]},"$x":[{"t":"idOrVar","v":"plural"},"value"]},{"$i":"years-until-long","$v":{"zero":"this year","one":"next year","two":["in ",{"t":"idOrVar","v":"value"}," years"],"few":["in ",{"t":"idOrVar","v":"value"}," years"],"many":["in ",{"t":"idOrVar","v":"value"}," years"],"other":["in ",{"t":"idOrVar","v":"value"}," years"]},"$x":[{"t":"idOrVar","v":"plural"},"value"]},{"$i":"minutes-ago-short","$v":{"zero":"just now","other":[{"t":"idOrVar","v":"value"},"m ago"]},"$x":[{"t":"idOrVar","v":"plural"},"value"]},{"$i":"hours-ago-short","$v":{"zero":"just now","other":[{"t":"idOrVar","v":"value"},"h ago"]},"$x":[{"t":"idOrVar","v":"plural"},"value"]},{"$i":"days-ago-short","$v":{"zero":"today","other":[{"t":"idOrVar","v":"value"},"d ago"]},"$x":[{"t":"idOrVar","v":"plural"},"value"]},{"$i":"minutes-until-short","$v":{"zero":"now","other":["in ",{"t":"idOrVar","v":"value"},"m"]},"$x":[{"t":"idOrVar","v":"plural"},"value"]},{"$i":"hours-until-short","$v":{"zero":"now","other":["in ",{"t":"idOrVar","v":"value"},"h"]},"$x":[{"t":"idOrVar","v":"plural"},"value"]},{"$i":"days-until-short","$v":{"zero":"today","other":["in ",{"t":"idOrVar","v":"value"},"d"]},"$x":[{"t":"idOrVar","v":"plural"},"value"]},{"$i":"incorrectDate","$v":"(incorrect date)"},{"$i":"dateTimeFormat_%c","$v":"%a %b %e %Y %I:%M:%S %p"},{"$i":"dateTimeFormat_%x","$v":"%m/%d/%Y"},{"$i":"dateTimeFormat_%X","$v":"%I:%M:%S %p"},{"$i":"shortTimeFormat","$v":"%I:%M %p"},{"$i":"shortTimeFormat12","$v":"%I:%M %p"},{"$i":"shortTimeFormat24","$v":"%H:%M"},{"$i":"shortDateTimeFormat","$v":"%x %I:%M %p"},{"$i":"weekStartsOnMonday","$v":"0"},{"$i":"firstDayOfTheWeek","$v":"0"},{"$i":"time_am","$v":"AM"},{"$i":"time_pm","$v":"PM"}]