{
  "":{
   "": {
     "lat" : null ,
     "lon" : null ,
     "city": ""
   }
  },
  "africa": {
    "abidjan": {
      "lat": 5.316667,
      "lon": -4.033333,
      "city": "Abidjan"
    },
    "accra": {
      "lat": 5.55,
      "lon": -0.2,
      "city": "Accra"
    },
    "addis-ababa": {
      "lat": 8.980603,
      "lon": 38.75776,
      "city": "Addis Ababa"
    },
    "algiers": {
      "lat": 36.752887,
      "lon": 3.042048,
      "city": "Algiers"
    },
    "asmara": {
      "lat": 15.333333,
      "lon": 38.933333,
      "city": "Asmara"
    },
    "bamako": {
      "lat": 12.65,
      "lon": -8,
      "city": "Bamako"
    },
    "bangui": {
      "lat": 4.366667,
      "lon": 18.583333,
      "city": "Bangui"
    },
    "banjul": {
      "lat": 13.453056,
      "lon": -16.5775,
      "city": "Banjul"
    },
    "bissau": {
      "lat": 11.881655,
      "lon": -15.617794,
      "city": "Bissau"
    },
    "blantyre": {
      "lat": -15.786111,
      "lon": 35.005833,
      "city": "Blantyre"
    },
    "brazzaville": {
      "lat": -4.267778,
      "lon": 15.291944,
      "city": "Brazzaville"
    },
    "bujumbura": {
      "lat": -3.383333,
      "lon": 29.366667,
      "city": "Bujumbura"
    },
    "cairo": {
      "lat": 30.044419,
      "lon": 31.235711,
      "city": "Cairo"
    },
    "casablanca": {
      "lat": 33.533333,
      "lon": -7.583333,
      "city": "Casablanca"
    },
    "ceuta": {
      "lat": 35.889387,
      "lon": -5.321345,
      "city": "Ceuta"
    },
    "conakry": {
      "lat": 9.509167,
      "lon": -13.712222,
      "city": "Conakry"
    },
    "dakar": {
      "lat": 14.764504,
      "lon": -17.366028,
      "city": "Dakar"
    },
    "dar-es-salaam": {
      "lat": -6.8,
      "lon": 39.283333,
      "city": "Dar es Salaam"
    },
    "djibouti": {
      "lat": 11.825138,
      "lon": 42.590275,
      "city": "Djibouti"
    },
    "douala": {
      "lat": 4.05,
      "lon": 9.7,
      "city": "Douala"
    },
    "el-aaiun": {
      "lat": 27.147702,
      "lon": -13.222516,
      "city": "El Aaiún"
    },
    "freetown": {
      "lat": 8.484444,
      "lon": -13.234444,
      "city": "Freetown"
    },
    "gaborone": {
      "lat": -24.658056,
      "lon": 25.912222,
      "city": "Gaborone"
    },
    "harare": {
      "lat": -17.863889,
      "lon": 31.029722,
      "city": "Harare"
    },
    "johannesburg": {
      "lat": -26.204102,
      "lon": 28.047305,
      "city": "Johannesburg"
    },
    "juba": {
      "lat": 4.85,
      "lon": 31.6,
      "city": "Juba"
    },
    "kampala": {
      "lat": 0.313611,
      "lon": 32.581111,
      "city": "Kampala"
    },
    "khartoum": {
      "lat": 15.566667,
      "lon": 32.516667,
      "city": "Khartoum"
    },
    "kigali": {
      "lat": -1.943889,
      "lon": 30.059444,
      "city": "Kigali"
    },
    "kinshasa": {
      "lat": -4.331666,
      "lon": 15.313889,
      "city": "Kinshasa"
    },
    "lagos": {
      "lat": 6.524379,
      "lon": 3.379205,
      "city": "Lagos"
    },
    "libreville": {
      "lat": 0.3901,
      "lon": 9.4544,
      "city": "Libreville"
    },
    "lome": {
      "lat": 6.131944,
      "lon": 1.222778,
      "city": "Lomè"
    },
    "luanda": {
      "lat": -8.838333,
      "lon": 13.234444,
      "city": "Luanda"
    },
    "lubumbashi": {
      "lat": -11.664722,
      "lon": 27.479444,
      "city": "Lubumbashi"
    },
    "lusaka": {
      "lat": -15.416667,
      "lon": 28.283333,
      "city": "Lusaka"
    },
    "malabo": {
      "lat": 3.75,
      "lon": 8.783332,
      "city": "Malabo"
    },
    "maputo": {
      "lat": -25.966667,
      "lon": 32.583333,
      "city": "Maputo"
    },
    "maseru": {
      "lat": -29.31,
      "lon": 27.48,
      "city": "Maseru"
    },
    "mbabane": {
      "lat": -26.316667,
      "lon": 31.133333,
      "city": "Mbabane"
    },
    "mogadishu": {
      "lat": 2.033333,
      "lon": 45.35,
      "city": "Mogadishu"
    },
    "monrovia": {
      "lat": 6.313333,
      "lon": -10.801389,
      "city": "Monrovia"
    },
    "nairobi": {
      "lat": -1.292065,
      "lon": 36.821946,
      "city": "Nairobi"
    },
    "ndjamena": {
      "lat": 12.113056,
      "lon": 15.049167,
      "city": "N`djamena"
    },
    "nouakchott": {
      "lat": 18.1,
      "lon": -15.95,
      "city": "Nouakchott"
    },
    "ouagadougou": {
      "lat": 12.35,
      "lon": -1.516667,
      "city": "Ouagadougou"
    },
    "porto-novo": {
      "lat": 6.497222,
      "lon": 2.605,
      "city": "Porto-Novo"
    },
    "sao-tome": {
      "lat": 0.330192,
      "lon": 6.733343,
      "city": "São Tomé"
    },
    "timbuktu": {
      "lat": 16.766588,
      "lon": -3.002561,
      "city": "Timbuktu"
    },
    "tripoli": {
      "lat": 32.813311,
      "lon": 13.104844,
      "city": "Tripoli"
    },
    "tunis": {
      "lat": 36.806494,
      "lon": 10.181531,
      "city": "Tunis"
    },
    "windhoek": {
      "lat": -22.57,
      "lon": 17.083611,
      "city": "Windhoek"
    }
  },

  "america": {
    "adak": {
      "lat": 51.88,
      "lon": -176.658055,
      "city": "Adak"
    },
    "anchorage": {
      "lat": 61.218055,
      "lon": -149.900277,
      "city": "Anchorage"
    },
    "anguilla": {
      "lat": 18.220554,
      "lon": -63.068614,
      "city": "Anguilla"
    },
    "antigua": {
      "lat": 17.074655,
      "lon": -61.81752,
      "city": "Antigua"
    },
    "araguaina": {
      "lat": -7.192773,
      "lon": -48.204826,
      "city": "Araguaina"
    },
    "aruba": {
      "lat": 12.52111,
      "lon": -69.968338,
      "city": "Aruba"
    },
    "asuncion": {
      "lat": -25.282197,
      "lon": -57.635099,
      "city": "Asuncion"
    },
    "atikokan": {
      "lat": 48.757169,
      "lon": -91.625521,
      "city": "Atikokan"
    },
    "atka": {
      "lat": 52.162146,
      "lon": -174.344639,
      "city": "Atka"
    },
    "bahia": {
      "lat": -12.579738,
      "lon": -41.700727,
      "city": "Bahia"
    },
    "bahia-banderas": {
      "lat": 24.18039,
      "lon": -110.295856,
      "city": "Bahia Banderas"
    },
    "barbados": {
      "lat": 13.193887,
      "lon": -59.543198,
      "city": "Barbados"
    },
    "belem": {
      "lat": -1.455754,
      "lon": -48.490179,
      "city": "Belem"
    },
    "belize": {
      "lat": 17.189877,
      "lon": -88.49765,
      "city": "Belize"
    },
    "blanc-sablon": {
      "lat": 51.426445,
      "lon": -57.131314,
      "city": "Blanc-Sablon"
    },
    "boa-vista": {
      "lat": 2.823509,
      "lon": -60.675833,
      "city": "Boa Vista"
    },
    "bogota": {
      "lat": 4.598056,
      "lon": -74.075833,
      "city": "Bogota"
    },
    "boise": {
      "lat": 43.61871,
      "lon": -116.214606,
      "city": "Boise"
    },
    "brasilia": {
      "lat": -14.235004,
      "lon": -51.92528,
      "city": "Brasilia"
    },
    "buelah": {
      "lat": 38.075833,
      "lon": -104.986111,
      "city": "Buelah"
    },
    "buenos-aires": {
      "lat": -34.603723,
      "lon": -58.381593,
      "city": "Buenos Aires"
    },
    "caamaraca": {
      "lat": -6.454967,
      "lon": -78.838264,
      "city": "Caamaraca"
    },
    "cambo-grande": {
      "lat": -20.46971,
      "lon": -54.620121,
      "city": "Campo Grande"
    },
    "cambridge-bay": {
      "lat": 69.117222,
      "lon": -105.053056,
      "city": "Cambridge Bay"
    },
    "cancun": {
      "lat": 21.161908,
      "lon": -86.851527,
      "city": "Cancun"
    },
    "caracas": {
      "lat": 10.46964,
      "lon": -66.803718,
      "city": "Caracas"
    },
    "cayenne": {
      "lat": 4.9227,
      "lon": -52.326899,
      "city": "Cayenne"
    },
    "chicago": {
      "lat": 41.878113,
      "lon": -87.629798,
      "city": "Chicago"
    },
    "chihuahua": {
      "lat": 28.632995,
      "lon": -106.0691,
      "city": "Chihuahua"
    },
    "comodoro-rivadavia": {
      "lat": -45.867919,
      "lon": -67.5,
      "city": "Comodoro-Rivadavia"
    },
    "coral-harbour": {
      "lat": 64.138834,
      "lon": -83.169896,
      "city": "Coral Harbour"
    },
    "cordoba": {
      "lat": -31.398929,
      "lon": -64.182129,
      "city": "Cordoba"
    },
    "costa-rica": {
      "lat": 9.748916,
      "lon": -83.753428,
      "city": "Costa Rica"
    },
    "creston": {
      "lat": 49.09554,
      "lon": -116.513507,
      "city": "Creston"
    },
    "cuiaba": {
      "lat": -15.60141,
      "lon": -56.097891,
      "city": "Cuiaba"
    },
    "curacao": {
      "lat": 12.16957,
      "lon": -68.99002,
      "city": "Curacao"
    },
    "danmarkshavn": {
      "lat": 76.766667,
      "lon": -18.666667,
      "city": "Danmarkshavn"
    },
    "dawson": {
      "lat": 31.7735,
      "lon": -84.446582,
      "city": "Dawson"
    },
    "dawson-creek": {
      "lat": 55.759627,
      "lon": -120.237662,
      "city": "Dawson Creek"
    },
    "denver": {
      "lat": 39.737567,
      "lon": -104.984717,
      "city": "Denver"
    },
    "detroit": {
      "lat": 42.331427,
      "lon": -83.045753,
      "city": "Detroit"
    },
    "dominica": {
      "lat": 15.414999,
      "lon": -61.370976,
      "city": "Dominica"
    },
    "edmonton": {
      "lat": 53.544389,
      "lon": -113.490926,
      "city": "Edmonton"
    },
    "eirunepe": {
      "lat": -6.65714,
      "lon": -69.866714,
      "city": "Eirunepe"
    },
    "el-salvador": {
      "lat": 13.794185,
      "lon": -88.89653,
      "city": "El Salvador"
    },
    "ensenada": {
      "lat": 31.857778,
      "lon": -116.605833,
      "city": "Ensenada"
    },
    "fort-wayne": {
      "lat": 41.079273,
      "lon": -85.139351,
      "city": "Fort Wayne"
    },
    "fortaleza": {
      "lat": -3.731861,
      "lon": -38.52667,
      "city": "Fortaleza"
    },
    "glace-bay": {
      "lat": 46.196919,
      "lon": -59.957004,
      "city": "Glace Bay"
    },
    "godthab": {
      "lat": 64.175,
      "lon": -51.738889,
      "city": "Godthab"
    },
    "goose-bay": {
      "lat": 53.301682,
      "lon": -60.326084,
      "city": "Goose Bay"
    },
    "grand-turk": {
      "lat": 21.459,
      "lon": -71.139,
      "city": "Grand Turk"
    },
    "grenada": {
      "lat": 12.1165,
      "lon": -61.678999,
      "city": "Grenada"
    },
    "guadeloupe": {
      "lat": 16.265,
      "lon": -61.550999,
      "city": "Guadeloupe"
    },
    "guatemala": {
      "lat": 15.783471,
      "lon": -90.230758,
      "city": "Guatemala"
    },
    "guayaquil": {
      "lat": -2.170997,
      "lon": -79.922359,
      "city": "Guayaquil"
    },
    "guyana": {
      "lat": 4.860416,
      "lon": -58.93018,
      "city": "Guyana"
    },
    "halifax": {
      "lat": 44.648862,
      "lon": -63.575319,
      "city": "Halifax"
    },
    "havana": {
      "lat": 23.054069,
      "lon": -82.345188,
      "city": "Havana"
    },
    "hermosillo": {
      "lat": 29.072967,
      "lon": -110.955919,
      "city": "Hermosillo"
    },
    "indianapolis": {
      "lat": 39.768403,
      "lon": -86.158068,
      "city": "Indianapolis"
    },
    "inuvik": {
      "lat": 68.360743,
      "lon": -133.723017,
      "city": "Inuvik"
    },
    "iqaluit": {
      "lat": 63.746693,
      "lon": -68.516966,
      "city": "Iqaluit"
    },
    "jamaica": {
      "lat": 18.109581,
      "lon": -77.297508,
      "city": "Jamaica"
    },
    "jujuy": {
      "lat": -24.185786,
      "lon": -65.299476,
      "city": "Jujuy"
    },
    "juneau": {
      "lat": 58.301944,
      "lon": -134.419722,
      "city": "Juneau"
    },
    "knox": {
      "lat": 41.295875,
      "lon": -86.625013,
      "city": "Knox"
    },
    "kralendijk": {
      "lat": 12.1507,
      "lon": -68.276699,
      "city": "Kralendijk"
    },
    "la-paz": {
      "lat": -16.5,
      "lon": -68.149999,
      "city": "La Paz"
    },
    "la-rioja": {
      "lat": -29.412800,
      "lon": -66.855980,
      "city": "La Rioja"
    },
    "lima": {
      "lat": -12.046374,
      "lon": -77.042793,
      "city": "Lima"
    },
    "los-angeles": {
      "lat": 34.052234,
      "lon": -118.243684,
      "city": "Los Angeles"
    },
    "louisville": {
      "lat": 38.252664,
      "lon": -85.758455,
      "city": "Louisville"
    },
    "lower-princes": {
      "lat": 18.052778,
      "lon": -63.0425,
      "city": "Lower Princes"
    },
    "maceio": {
      "lat": -9.649848,
      "lon": -35.708949,
      "city": "Maceio"
    },
    "managua": {
      "lat": 12.136389,
      "lon": -86.251389,
      "city": "Managua"
    },
    "manaus": {
      "lat": -3.119027,
      "lon": -60.021731,
      "city": "Manaus"
    },
    "marengo": {
      "lat": 42.248633,
      "lon": -88.608426,
      "city": "Marengo"
    },
    "marigot": {
      "lat": 18.0731,
      "lon": -63.0822,
      "city": "Marigot"
    },
    "martinique": {
      "lat": 14.641528,
      "lon": -61.024174,
      "city": "Martinique"
    },
    "matamoros": {
      "lat": 25.869029,
      "lon": -97.502737,
      "city": "Matamoros"
    },
    "mazatlan": {
      "lat": 23.249414,
      "lon": -106.411142,
      "city": "Mazatlan"
    },
    "mendoza": {
      "lat": -32.890183,
      "lon": -68.844049,
      "city": "Mendoza"
    },
    "menominee": {
      "lat": 45.107762,
      "lon": -87.614273,
      "city": "Menominee"
    },
    "merida": {
      "lat": 20.966044,
      "lon": -89.627433,
      "city": "Merida"
    },
    "metlakatla": {
      "lat": 55.129166,
      "lon": -131.572222,
      "city": "Metlakatla"
    },
    "mexico-city": {
      "lat": 19.432607,
      "lon": -99.133208,
      "city": "Mexico City"
    },
    "miquelon": {
      "lat": 47.040178,
      "lon": -56.334878,
      "city": "Miquelon"
    },
    "moncton": {
      "lat": 46.087816,
      "lon": -64.778231,
      "city": "Moncton"
    },
    "monterrey": {
      "lat": 25.686614,
      "lon": -100.316112,
      "city": "Monterrey"
    },
    "montevideo": {
      "lat": -34.901112,
      "lon": -56.164531,
      "city": "Montevideo"
    },
    "monticello": {
      "lat": 38.008604,
      "lon": -78.453199,
      "city": "Monticello"
    },
    "montreal": {
      "lat": 45.508669,
      "lon": -73.553992,
      "city": "Montreal"
    },
    "montserrat": {
      "lat": 16.742498,
      "lon": -62.187366,
      "city": "Montserrat"
    },
    "nassau": {
      "lat": 25.06,
      "lon": -77.345,
      "city": "Nassau"
    },
    "new-salem": {
      "lat": 42.504255,
      "lon": -72.332028,
      "city": "New Salem"
    },
    "new-york": {
      "lat": 40.712783,
      "lon": -74.005941,
      "city": "New York"
    },
    "nipigon": {
      "lat": 49.015735,
      "lon": -88.268316,
      "city": "Nipigon"
    },
    "nome": {
      "lat": 64.501111,
      "lon": -165.406388,
      "city": "Nome"
    },
    "noronha": {
      "lat": -15.447367,
      "lon": -50.362688,
      "city": "Noronha"
    },
    "ojinaga": {
      "lat": 29.564443,
      "lon": -104.416389,
      "city": "Ojinaga"
    },
    "panama": {
      "lat": 8.537981,
      "lon": -80.782127,
      "city": "Panama"
    },
    "pangnirtung": {
      "lat": 66.146557,
      "lon": -65.701218,
      "city": "Pangnirtung"
    },
    "paramaribo": {
      "lat": 5.852035,
      "lon": -55.203827,
      "city": "Paramaribo"
    },
    "puerto-rico": {
      "lat": 18.220833,
      "lon": -66.590149,
      "city": "Puerto Rico"
    },
    "petersburg": {
      "lat": 37.227927,
      "lon": -77.401927,
      "city": "Petersburg"
    },
    "phoenix": {
      "lat": 33.448377,
      "lon": -112.074037,
      "city": "Phoenix"
    },
    "port-au-prince": {
      "lat": 18.533333,
      "lon": -72.333333,
      "city": "Port au Prince"
    },
    "port-of-spain": {
      "lat": 10.666667,
      "lon": -61.516667,
      "city": "Port of Spain"
    },
    "porto-acre": {
      "lat": -9.593638,
      "lon": -67.541107,
      "city": "Porto Acre"
    },
    "porto-velho": {
      "lat": -9.414588,
      "lon": -64.147823,
      "city": "Porto Velho"
    },
    "quito": {
      "lat": -0.180653,
      "lon": -78.467838,
      "city": "Quito"
    },
    "rainy-river": {
      "lat": 48.716667,
      "lon": -94.566667,
      "city": "Rainy River"
    },
    "rankin-inlet": {
      "lat": 62.808375,
      "lon": -92.085285,
      "city": "Rankin Inlet"
    },
    "recife": {
      "lat": -8.047545,
      "lon": -34.876962,
      "city": "Recife"
    },
    "regina": {
      "lat": 50.454722,
      "lon": -104.606667,
      "city": "Regina"
    },
    "resolute": {
      "lat": 74.697299,
      "lon": -94.829729,
      "city": "Resolute"
    },
    "rio-branco": {
      "lat": -9.975377,
      "lon": -67.824897,
      "city": "Rio Branco"
    },
    "rio-gallegos": {
      "lat": -51.623048,
      "lon": -69.216829,
      "city": "Rio Gallegos"
    },
    "rosario": {
      "lat": -32.95074,
      "lon": -60.6665,
      "city": "Rosario"
    },
    "salta": {
      "lat": -24.782932,
      "lon": -65.412155,
      "city": "Salta"
    },
    "san-juan": {
      "lat": -31.527273,
      "lon": -68.521408,
      "city": "San Juan"
    },
    "san-luis": {
      "lat": -33.302220,
      "lon": -66.336797,
      "city": "San Luis"
    },
    "santa-isabel": {
      "lat": -23.317686,
      "lon": -46.22411,
      "city": "Santa Isabel"
    },
    "santarem": {
      "lat": -2.450629,
      "lon": -54.700923,
      "city": "Santarem"
    },
    "santiago": {
      "lat": -33.469119,
      "lon": -70.641997,
      "city": "Santiago"
    },
    "santo-domingo": {
      "lat": 18.466667,
      "lon": -69.95,
      "city": "Santo Domingo"
    },
    "sao-paulo": {
      "lat": -23.550519,
      "lon": -46.633309,
      "city": "Sao Paulo"
    },
    "scoresbysund": {
      "lat": 70.485278,
      "lon": -21.966667,
      "city": "Scoresbysund"
    },
    "shiprock": {
      "lat": 36.785554,
      "lon": -108.687032,
      "city": "Shiprock"
    },
    "sitka": {
      "lat": 57.053055,
      "lon": -135.33,
      "city": "Sitka"
    },
    "st-barthelemy": {
      "lat": 17.9,
      "lon": -62.833333,
      "city": "St Barthelemy"
    },
    "st-johns": {
      "lat": 47.560541,
      "lon": -52.712831,
      "city": "St Johns"
    },
    "st-kitts": {
      "lat": 17.343379,
      "lon": -62.755904,
      "city": "St Kitts"
    },
    "st-lucia": {
      "lat": 13.909444,
      "lon": -60.978893,
      "city": "St Lucia"
    },
    "st-thomas": {
      "lat": 18.335361,
      "lon": -64.9534,
      "city": "St Thomas"
    },
    "st-vincent": {
      "lat": 13.264877,
      "lon": -61.210244,
      "city": "St Vincent"
    },
    "swift-current": {
      "lat": 50.285069,
      "lon": -107.797172,
      "city": "Swift Current"
    },
    "tegucigalpa": {
      "lat": 14.0833,
      "lon": -87.2167,
      "city": "Tegucigalpa"
    },
    "tell-city": {
      "lat": 37.951444,
      "lon": -86.767766,
      "city": "Tell City"
    },
    "thule": {
      "lat": 77.466667,
      "lon": -69.230555,
      "city": "Thule"
    },
    "thunder-bay": {
      "lat": 48.380895,
      "lon": -89.247682,
      "city": "Thunder Bay"
    },
    "tijuana": {
      "lat": 32.514946,
      "lon": -117.038247,
      "city": "Tijuana"
    },
    "toronto": {
      "lat": 43.653226,
      "lon": -79.383184,
      "city": "Toronto"
    },
    "tortola": {
      "lat": 18.43347,
      "lon": -64.633278,
      "city": "Tortola"
    },
    "ushuaia": {
      "lat": -54.801912,
      "lon": -68.302951,
      "city": "Ushuaia"
    },
    "vancouver": {
      "lat": 49.261226,
      "lon": -123.113926,
      "city": "Vancouver"
    },
    "vevay": {
      "lat": 38.74784,
      "lon": -85.067172,
      "city": "Vevay"
    },
    "vincennes": {
      "lat": 38.677269,
      "lon": -87.528632,
      "city": "Vincennes"
    },
    "whitehorse": {
      "lat": 60.721187,
      "lon": -135.056844,
      "city": "Whitehorse"
    },
    "winamac": {
      "lat": 41.051429,
      "lon": -86.603064,
      "city": "Winamac"
    },
    "winnipeg": {
      "lat": 49.899754,
      "lon": -97.137493,
      "city": "Winnipeg"
    },
    "yakutat": {
      "lat": 59.546944,
      "lon": -139.727222,
      "city": "Yakutat"
    },
    "yellowknife": {
      "lat": 62.442222,
      "lon": -114.3975,
      "city": "Yellowknife"
    }
  },

  "antarctica": {
    "casey": {
      "lat": -66.281667,
      "lon": 110.524444,
      "city": "Casey"
    },
    "davis": {
      "lat": -68.576389,
      "lon": 77.968889,
      "city": "Davis"
    },
    "dumont-d-urville": {
      "lat": -66.663026,
      "lon": 140.001826,
      "city": "Dumont d'Urville"
    },
    "macquarie": {
      "lat": -54.620811,
      "lon": 158.855614,
      "city": "Macquarie"
    },
    "mawson": {
      "lat": -67.602149,
      "lon": 62.872256,
      "city": "Mawson"
    },
    "mcmurdo": {
      "lat": -77.841877,
      "lon": 166.686344,
      "city": "McMurdo"
    },
    "palmer": {
      "lat": -64.749579,
      "lon": -64.052102,
      "city": "Palmer"
    },
    "rothera": {
      "lat": -67.566666,
      "lon": -68.133333,
      "city": "Rothera"
    },
    "south-pole": {
      "lat": -90,
      "lon": 0,
      "city": "South Pole"
    },
    "syowa": {
      "lat": -69,
      "lon": 39.583333,
      "city": "Syowa"
    },
    "vostok": {
      "lat": -78.464491,
      "lon": 106.833972,
      "city": "Vostok"
    }
  },

  "asia": {
    "aden": {
      "lat": 12.8,
      "lon": 45.033333,
      "city": "Aden"
    },
    "almaty": {
      "lat": 43.2775,
      "lon": 76.895833,
      "city": "Almaty"
    },
    "amman": {
      "lat": 31.956578,
      "lon": 35.945695,
      "city": "Amman"
    },
    "anadyr": {
      "lat": 64.733333,
      "lon": 177.516667,
      "city": "Anadyr"
    },
    "aqtau": {
      "lat": 43.685941,
      "lon": 51.287568,
      "city": "Aqtau"
    },
    "aqtobe": {
      "lat": 50.283333,
      "lon": 57.166667,
      "city": "Aqtobe"
    },
    "ashgabat": {
      "lat": 37.933333,
      "lon": 58.366667,
      "city": "Ashgabat"
    },
    "ashkhabad": {
      "lat": 37.933333,
      "lon": 58.366667,
      "city": "Ashkhabad"
    },
    "baghdad": {
      "lat": 33.325,
      "lon": 44.422,
      "city": "Baghdad"
    },
    "bahrain": {
      "lat": 26.0667,
      "lon": 50.5577,
      "city": "Bahrain"
    },
    "baku": {
      "lat": 40.393636,
      "lon": 49.863052,
      "city": "Baku"
    },
    "bangkok": {
      "lat": 13.727895,
      "lon": 100.524123,
      "city": "Bangkok"
    },
    "beirut": {
      "lat": 33.888628,
      "lon": 35.495479,
      "city": "Beirut"
    },
    "bishkek": {
      "lat": 42.874722,
      "lon": 74.612222,
      "city": "Bishkek"
    },
    "brunei": {
      "lat": 4.535277,
      "lon": 114.727669,
      "city": "Brunei"
    },
    "choibalsan": {
      "lat": 48.078333,
      "lon": 114.535,
      "city": "Choibalsan"
    },
    "chongqing": {
      "lat": 29.56301,
      "lon": 106.551557,
      "city": "Chongqing"
    },
    "colombo": {
      "lat": 6.927078,
      "lon": 79.861243,
      "city": "Colombo"
    },
    "damascus": {
      "lat": 33.513,
      "lon": 36.292,
      "city": "Damascus"
    },
    "dhaka": {
      "lat": 23.810332,
      "lon": 90.412518,
      "city": "Dhaka"
    },
    "dili": {
      "lat": -8.549999,
      "lon": 125.566667,
      "city": "Dili"
    },
    "dubai": {
      "lat": 25.047664,
      "lon": 55.18174,
      "city": "Dubai"
    },
    "dushanbe": {
      "lat": 38.536667,
      "lon": 68.779999,
      "city": "Dushanbe"
    },
    "gaza": {
      "lat": 31.522561,
      "lon": 34.453593,
      "city": "Gaza"
    },
    "harbin": {
      "lat": 45.803774,
      "lon": 126.534967,
      "city": "Harbin"
    },
    "herbon": {
      "lat": 47.631389,
      "lon": -2.844706,
      "city": "Hebron"
    },
    "ho-chi-minh": {
      "lat": 10.823098,
      "lon": 106.629663,
      "city": "Ho Chi Minh City"
    },
    "hong-kong": {
      "lat": 22.396428,
      "lon": 114.109497,
      "city": "Hong Kong"
    },
    "hovd": {
      "lat": 48.004167,
      "lon": 91.65,
      "city": "Hovd"
    },
    "irkutsk": {
      "lat": 52.286974,
      "lon": 104.305018,
      "city": "Irkutsk"
    },
    "istanbul": {
      "lat": 41.00527,
      "lon": 28.97696,
      "city": "Istanbul"
    },
    "jakarta": {
      "lat": -6.208763,
      "lon": 106.845599,
      "city": "Jakarta"
    },
    "jayapura": {
      "lat": -2.533,
      "lon": 140.717,
      "city": "Jayapura"
    },
    "jerusalem": {
      "lat": 31.768319,
      "lon": 35.21371,
      "city": "Jerusalem"
    },
    "kabul": {
      "lat": 34.533333,
      "lon": 69.166667,
      "city": "Kabul"
    },
    "kamchatka": {
      "lat": 61.434398,
      "lon": 166.788413,
      "city": "Kamchatka"
    },
    "karachi": {
      "lat": 24.861462,
      "lon": 67.009938,
      "city": "Karachi"
    },
    "kashgar": {
      "lat": 39.4704,
      "lon": 75.989755,
      "city": "Kashgar"
    },
    "kathmandu": {
      "lat": 27.7,
      "lon": 85.333333,
      "city": "Kathmandu"
    },
    "kolkata": {
      "lat": 22.572646,
      "lon": 88.363895,
      "city": "Kolkata"
    },
    "krasnoyarsk": {
      "lat": 56.015283,
      "lon": 92.893247,
      "city": "Krasnoyarsk"
    },
    "kuala-lumpur": {
      "lat": 3.139003,
      "lon": 101.686855,
      "city": "Kuala Lumpur"
    },
    "kuching": {
      "lat": 1.56,
      "lon": 110.345,
      "city": "Kuching"
    },
    "kuwait": {
      "lat": 29.31166,
      "lon": 47.481766,
      "city": "Kuwait"
    },
    "macau": {
      "lat": 22.198745,
      "lon": 113.543873,
      "city": "Macau"
    },
    "magadan": {
      "lat": 59.566667,
      "lon": 150.8,
      "city": "Magadan"
    },
    "makassar": {
      "lat": -5.130855,
      "lon": 119.416528,
      "city": "Makassar"
    },
    "manila": {
      "lat": 14.599512,
      "lon": 120.984219,
      "city": "Manila"
    },
    "muscat": {
      "lat": 23.61,
      "lon": 58.54,
      "city": "Muscat"
    },
    "nicosia": {
      "lat": 35.166667,
      "lon": 33.366667,
      "city": "Nicosia"
    },
    "novokuznetsk": {
      "lat": 53.759593,
      "lon": 87.12157,
      "city": "Novokuznetsk"
    },
    "novosibirsk": {
      "lat": 55.008352,
      "lon": 82.935732,
      "city": "Novosibirsk"
    },
    "omsk": {
      "lat": 54.983332,
      "lon": 73.366666,
      "city": "Omsk"
    },
    "oral": {
      "lat": 51.233332,
      "lon": 51.366667,
      "city": "Oral"
    },
    "phnom-penh": {
      "lat": 11.544872,
      "lon": 104.892166,
      "city": "Phnom Penh"
    },
    "pontianak": {
      "lat": 0,
      "lon": 109.333333,
      "city": "Pontianak"
    },
    "pyongyang": {
      "lat": 39.039219,
      "lon": 125.762524,
      "city": "Pyongyang"
    },
    "qatar": {
      "lat": 25.354826,
      "lon": 51.183884,
      "city": "Qatar"
    },
    "qyzylorda": {
      "lat": 44.848831,
      "lon": 65.482268,
      "city": "Qyzylorda"
    },
    "rangoon": {
      "lat": 16.780833,
      "lon": 96.149722,
      "city": "Rangoon"
    },
    "riyadh": {
      "lat": 24.633333,
      "lon": 46.716667,
      "city": "Riyadh"
    },
    "sakhalin": {
      "lat": 51,
      "lon": 143,
      "city": "Sakhalin"
    },
    "samarkand": {
      "lat": 39.627012,
      "lon": 66.974973,
      "city": "Samarkand"
    },
    "seoul": {
      "lat": 37.566535,
      "lon": 126.977969,
      "city": "Seoul"
    },
    "shanghai": {
      "lat": 31.230416,
      "lon": 121.473701,
      "city": "Shanghai"
    },
    "singapore": {
      "lat": 1.352083,
      "lon": 103.819836,
      "city": "Singapore"
    },
    "taipei": {
      "lat": 25.046565,
      "lon": 121.548866,
      "city": "Taipei"
    },
    "tashkent": {
      "lat": 41.266667,
      "lon": 69.216667,
      "city": "Tashkent"
    },
    "tbilisi": {
      "lat": 41.716667,
      "lon": 44.783333,
      "city": "Tbilisi"
    },
    "tehran": {
      "lat": 35.696111,
      "lon": 51.423056,
      "city": "Tehran"
    },
    "tel-aviv": {
      "lat": 32.085299,
      "lon": 34.781767,
      "city": "Tel Aviv"
    },
    "thimphu": {
      "lat": 27.472792,
      "lon": 89.639286,
      "city": "Thimphu"
    },
    "tokyo": {
      "lat": 35.689487,
      "lon": 139.691706,
      "city": "Tokyo"
    },
    "ulan-bator": {
      "lat": 47.919999,
      "lon": 106.92,
      "city": "Ulan Bator"
    },
    "urumqi": {
      "lat": 43.825592,
      "lon": 87.616847,
      "city": "Ürümqi"
    },
    "vientiane": {
      "lat": 17.966667,
      "lon": 102.6,
      "city": "Vientiane"
    },
    "vladivostok": {
      "lat": 43.133333,
      "lon": 131.9,
      "city": "Vladivostok"
    },
    "yakutsk": {
      "lat": 62.033332,
      "lon": 129.733333,
      "city": "Yakutsk"
    },
    "yekaterinburg": {
      "lat": 56.833333,
      "lon": 60.583333,
      "city": "Yekaterinburg"
    },
    "yerevan": {
      "lat": 40.183333,
      "lon": 44.516667,
      "city": "Yerevan"
    }
  },

  "atlantic-ocean": {
    "azores": {
      "lat": 37.741248,
      "lon": -25.675594,
      "city": "Archipelago of the Azores"
    },
    "bermuda": {
      "lat": 32.3078,
      "lon": -64.7505,
      "city": "Bermuda"
    },
    "canary": {
      "lat": 28.291563,
      "lon": -16.62913,
      "city": "Canary"
    },
    "cape-verde": {
      "lat": 15.120142,
      "lon": -23.605172,
      "city": "Cape Verde"
    },
    "faroe-islands": {
      "lat": 61.892635,
      "lon": -6.911805,
      "city": "Faroe Islands"
    },
    "jan-mayen": {
      "lat": 71.021353,
      "lon": -8.522312,
      "city": "Jan Mayen"
    },
    "madeira": {
      "lat": 32.760707,
      "lon": -16.959472,
      "city": "Madeira"
    },
    "reykjavik": {
      "lat": 64.133333,
      "lon": -21.933333,
      "city": "Reykjavik"
    },
    "south-georgia": {
      "lat": -54.413833,
      "lon": -36.582716,
      "city": "South Georgia Island"
    },
    "st-helena": {
      "lat": -15.96501,
      "lon": -5.708924,
      "city": "St Helena"
    },
    "stanley": {
      "lat": -51.683333,
      "lon": -59.166667,
      "city": "Stanley"
    }
  },

  "australia": {
    "adelaide": {
      "lat": -34.928621,
      "lon": 138.599959,
      "city": "Adelaide"
    },
    "brisbane": {
      "lat": -27.47101,
      "lon": 153.023448,
      "city": "Brisbane"
    },
    "broken-hill": {
      "lat": -31.955858,
      "lon": 141.465136,
      "city": "Broken Hill"
    },
    "currie": {
      "lat": -39.928241,
      "lon": 143.85231,
      "city": "Currie"
    },
    "darwin": {
      "lat": -12.462827,
      "lon": 130.841777,
      "city": "Darwin"
    },
    "eucla": {
      "lat": -31.677126,
      "lon": 128.889304,
      "city": "Eucla"
    },
    "hobart": {
      "lat": -42.881903,
      "lon": 147.323814,
      "city": "Hobart"
    },
    "lindeman": {
      "lat": -20.444784,
      "lon": 149.04105,
      "city": "Lindeman Island"
    },
    "lord-howe": {
      "lat": -31.531482,
      "lon": 159.070199,
      "city": "Lord Howe Island"
    },
    "melbourne": {
      "lat": -37.814107,
      "lon": 144.96328,
      "city": "Melbourne"
    },
    "perth": {
      "lat": -31.953004,
      "lon": 115.857469,
      "city": "Perth"
    },
    "sydney": {
      "lat": -33.867486,
      "lon": 151.20699,
      "city": "Sydney"
    }
  },

  "europe": {
    "amsterdam": {
      "lat": 52.370215,
      "lon": 4.895167,
      "city": "Amsterdam"
    },
    "andorra": {
      "lat": 42.506285,
      "lon": 1.521801,
      "city": "Andorra"
    },
    "athens": {
      "lat": 37.983917,
      "lon": 23.729359,
      "city": "Athens"
    },
    "belfast": {
      "lat": 54.597285,
      "lon": -5.93012,
      "city": "Belfast"
    },
    "belgrade": {
      "lat": 44.816667,
      "lon": 20.466667,
      "city": "Belgrade"
    },
    "berlin": {
      "lat": 52.520006,
      "lon": 13.404954,
      "city": "Berlin"
    },
    "bratislava": {
      "lat": 48.145892,
      "lon": 17.107137,
      "city": "Bratislava"
    },
    "brussels": {
      "lat": 50.850339,
      "lon": 4.35171,
      "city": "Brussels"
    },
    "bucharest": {
      "lat": 44.4325,
      "lon": 26.103889,
      "city": "Bucharest"
    },
    "budapest": {
      "lat": 47.497912,
      "lon": 19.040235,
      "city": "Budapest"
    },
    "chisinau": {
      "lat": 47,
      "lon": 28.916667,
      "city": "Chișinău"
    },
    "copenhagen": {
      "lat": 55.676096,
      "lon": 12.568337,
      "city": "Copenhagen"
    },
    "dublin": {
      "lat": 53.349805,
      "lon": -6.260309,
      "city": "Dublin"
    },
    "gilbraltar": {
      "lat": 36.140751,
      "lon": -5.353585,
      "city": "Gibraltar"
    },
    "guerney": {
      "lat": 49.465691,
      "lon": -2.585278,
      "city": "Guernsey"
    },
    "helsinki": {
      "lat": 60.173324,
      "lon": 24.941024,
      "city": "Helsinki"
    },
    "isle-of-man": {
      "lat": 54.236107,
      "lon": -4.548056,
      "city": "Isle of Man"
    },
    "istanbul": {
      "lat": 41.00527,
      "lon": 28.97696,
      "city": "Istanbul"
    },
    "jersey": {
      "lat": 49.214439,
      "lon": -2.13125,
      "city": "Jersey"
    },
    "kaliningrad": {
      "lat": 54.716667,
      "lon": 20.516667,
      "city": "Kaliningrad"
    },
    "kiev": {
      "lat": 50.4501,
      "lon": 30.5234,
      "city": "Kiev"
    },
    "lisbon": {
      "lat": 38.722252,
      "lon": -9.139336,
      "city": "Lisbon"
    },
    "ljubljana": {
      "lat": 46.056946,
      "lon": 14.505751,
      "city": "Ljubljana"
    },
    "london": {
      "lat": 51.50735,
      "lon": -0.127758,
      "city": "London"
    },
    "luxembourg": {
      "lat": 49.815273,
      "lon": 6.129582,
      "city": "Luxembourg"
    },
    "madrid": {
      "lat": 40.416775,
      "lon": -3.70379,
      "city": "Madrid"
    },
    "malta": {
      "lat": 35.937496,
      "lon": 14.375416,
      "city": "Malta"
    },
    "mariehamn": {
      "lat": 60.097094,
      "lon": 19.934833,
      "city": "Mariehamn"
    },
    "minsk": {
      "lat": 53.9,
      "lon": 27.566667,
      "city": "Minsk"
    },
    "monaco": {
      "lat": 43.738417,
      "lon": 7.424615,
      "city": "Monaco"
    },
    "moscow": {
      "lat": 55.755826,
      "lon": 37.6173,
      "city": "Moscow"
    },
    "nicosia": {
      "lat": 35.166667,
      "lon": 33.366667,
      "city": "Nicosia"
    },
    "oslo": {
      "lat": 59.913868,
      "lon": 10.752245,
      "city": "Oslo"
    },
    "paris": {
      "lat": 48.856614,
      "lon": 2.352221,
      "city": "Paris"
    },
    "podgorica": {
      "lat": 42.441286,
      "lon": 19.262892,
      "city": "Podgorica"
    },
    "prague": {
      "lat": 50.075538,
      "lon": 14.4378,
      "city": "Prague"
    },
    "riga": {
      "lat": 56.949648,
      "lon": 24.105186,
      "city": "Riga"
    },
    "rome": {
      "lat": 41.872388,
      "lon": 12.48018,
      "city": "Rome"
    },
    "samara": {
      "lat": 53.202778,
      "lon": 50.140833,
      "city": "Samara"
    },
    "san-marino": {
      "lat": 43.94236,
      "lon": 12.457777,
      "city": "San Marino"
    },
    "sarajevo": {
      "lat": 43.856258,
      "lon": 18.413076,
      "city": "Sarajevo"
    },
    "simferopol": {
      "lat": 44.952117,
      "lon": 34.102417,
      "city": "Simferopol"
    },
    "skopje": {
      "lat": 41.997346,
      "lon": 21.427995,
      "city": "Skopje"
    },
    "sofia": {
      "lat": 42.697708,
      "lon": 23.321867,
      "city": "Sofia"
    },
    "stockholm": {
      "lat": 59.329323,
      "lon": 18.06858,
      "city": "Stockholm"
    },
    "tallinn": {
      "lat": 59.43696,
      "lon": 24.753574,
      "city": "Tallinn"
    },
    "tirane": {
      "lat": 41.327545,
      "lon": 19.818698,
      "city": "Tirane"
    },
    "tiraspol": {
      "lat": 46.85,
      "lon": 29.633333,
      "city": "Tiraspol"
    },
    "uzhgorod": {
      "lat": 48.6208,
      "lon": 22.287883,
      "city": "Uzhgorod"
    },
    "vaduz": {
      "lat": 47.141369,
      "lon": 9.5207,
      "city": "Vaduz"
    },
    "vatican": {
      "lat": 41.902916,
      "lon": 12.453389,
      "city": "Vatican"
    },
    "vienna": {
      "lat": 48.208174,
      "lon": 16.373818,
      "city": "Vienna"
    },
    "vilnius": {
      "lat": 54.687155,
      "lon": 25.279651,
      "city": "Vilnius"
    },
    "volgograd": {
      "lat": 48.7,
      "lon": 44.516667,
      "city": "Volgograd"
    },
    "warsaw": {
      "lat": 52.229675,
      "lon": 21.012228,
      "city": "Warsaw"
    },
    "zagreb": {
      "lat": 45.81501,
      "lon": 15.981919,
      "city": "Zagreb"
    },
    "zaporozhye": {
      "lat": 47.8388,
      "lon": 35.139567,
      "city": "Zaporozhye"
    },
    "zurich": {
      "lat": 47.368649,
      "lon": 8.539182,
      "city": "Zurich"
    }
  },

  "indian-ocean": {
    "antonanarivo": {
      "lat": -18.933333,
      "lon": 47.516667,
      "city": "Antananarivo"
    },
    "chagos": {
      "lat": -6,
      "lon": 72,
      "city": "Chagos"
    },
    "christmas": {
      "lat": -39.687008,
      "lon": 143.832193,
      "city": "Christmas City"
    },
    "cocos": {
      "lat": -12.170874,
      "lon": 96.841739,
      "city": "Cocos Islands"
    },
    "comoro": {
      "lat": -8.546661,
      "lon": 125.524759,
      "city": "Comoro Islands"
    },
    "kerguelen": {
      "lat": -49.25,
      "lon": 69.5,
      "city": "Kerguelen Island"
    },
    "mahe": {
      "lat": -4.682669,
      "lon": 55.480396,
      "city": "Mahe"
    },
    "maldives": {
      "lat": 1.977247,
      "lon": 73.536103,
      "city": "Maldives"
    },
    "mauritius": {
      "lat": -20.348404,
      "lon": 57.552152,
      "city": "Mauritius"
    },
    "mayotte": {
      "lat": -12.8275,
      "lon": 45.166244,
      "city": "Mayotte"
    },
    "reunion": {
      "lat": -21.115141,
      "lon": 55.536384,
      "city": "Reunion"
    }
  },

  "pacific-ocean": {
    "apia": {
      "lat": -13.833333,
      "lon": -171.75,
      "city": "Apia"
    },
    "auckland": {
      "lat": -36.848459,
      "lon": 174.763331,
      "city": "Auckland"
    },
    "chatham": {
      "lat": -43.9,
      "lon": -176.483333,
      "city": "Chatham"
    },
    "chuuk-lagoon": {
      "lat": 7.416666,
      "lon": 151.783333,
      "city": "Chuuk Lagoon"
    },
    "easter": {
      "lat": -27.121192,
      "lon": -109.366423,
      "city": "Easter"
    },
    "efate": {
      "lat": -17.657747,
      "lon": 168.429718,
      "city": "Efate"
    },
    "enderbury": {
      "lat": -3.133333,
      "lon": -171.083333,
      "city": "Enderbury"
    },
    "fakaofo": {
      "lat": -9.380255,
      "lon": -171.218835,
      "city": "Fakaofo"
    },
    "fiji": {
      "lat": -17.713371,
      "lon": 178.065032,
      "city": "Fiji"
    },
    "funafuti": {
      "lat": -8.516667,
      "lon": 179.216667,
      "city": "Funafuti"
    },
    "galapagos": {
      "lat": -0.829278,
      "lon": -90.982066,
      "city": "Galápagos Islands"
    },
    "gambier": {
      "lat": -23.134916,
      "lon": -134.962683,
      "city": "Gambier"
    },
    "guadalcanal": {
      "lat": -9.577328,
      "lon": 160.14558,
      "city": "Guadalcanal"
    },
    "guam": {
      "lat": 13.444304,
      "lon": 144.793731,
      "city": "Guam"
    },
    "honolulu": {
      "lat": 21.306944,
      "lon": -157.858333,
      "city": "Honolulu"
    },
    "johnston": {
      "lat": 16.732272,
      "lon": -169.530837,
      "city": "Johnston"
    },
    "kosrae": {
      "lat": 5.309561,
      "lon": 162.981487,
      "city": "Kosrae"
    },
    "kritimati": {
      "lat": 1.872134,
      "lon": -157.427811,
      "city": "Kiritimati"
    },
    "kwajalein": {
      "lat": 9.189823,
      "lon": 167.424297,
      "city": "Kwajalein"
    },
    "majuro": {
      "lat": 7.116421,
      "lon": 171.185773,
      "city": "Majuro"
    },
    "marquesas": {
      "lat": -9.454443,
      "lon": -139.388889,
      "city": "Marquesas"
    },
    "midway": {
      "lat": 28.210076,
      "lon": -177.37611,
      "city": "Midway"
    },
    "nauru": {
      "lat": -0.522778,
      "lon": 166.931503,
      "city": "Nauru"
    },
    "niue": {
      "lat": -19.054445,
      "lon": -169.867233,
      "city": "Niue"
    },
    "norfolk": {
      "lat": -29.023064,
      "lon": 167.939597,
      "city": "Norfolk"
    },
    "noumea": {
      "lat": -22.2758,
      "lon": 166.458,
      "city": "Nouméa"
    },
    "pago-pago": {
      "lat": -14.279444,
      "lon": -170.700556,
      "city": "Pago Pago"
    },
    "palau": {
      "lat": 7.514979,
      "lon": 134.58252,
      "city": "Palau"
    },
    "pitcairn": {
      "lat": -24.376765,
      "lon": -128.324339,
      "city": "Pitcairn"
    },
    "pohnpei": {
      "lat": 6.854125,
      "lon": 158.262382,
      "city": "Pohnpei"
    },
    "ponape": {
      "lat": 6.854125,
      "lon": 158.262382,
      "city": "Ponape"
    },
    "port-moresby": {
      "lat": -9.4438,
      "lon": 147.180267,
      "city": "Port Moresby"
    },
    "rarotonga": {
      "lat": -21.229237,
      "lon": -159.776349,
      "city": "Rarotonga"
    },
    "saipan": {
      "lat": 15.177801,
      "lon": 145.750967,
      "city": "Saipan"
    },
    "samoa": {
      "lat": -13.759029,
      "lon": -172.104629,
      "city": "Samoa"
    },
    "tahiti": {
      "lat": -17.650919,
      "lon": -149.426042,
      "city": "Tahiti"
    },
    "tarawa": {
      "lat": 1.329052,
      "lon": 172.979052,
      "city": "Tarawa"
    },
    "tongatapu": {
      "lat": -21.146596,
      "lon": -175.251548,
      "city": "Tongatapu"
    },
    "wake": {
      "lat": 19.282319,
      "lon": 166.647046,
      "city": "Wake"
    },
    "wallis": {
      "lat": -13.266667,
      "lon": -176.2,
      "city": "Wallis"
    },
    "yap": {
      "lat": 9.539137,
      "lon": 138.125891,
      "city": "Yap"
    }
  }
}
