[{"$i":"collection-categoryId-22","$v":"‮Ԑooʞs‬"},{"$i":"collection-categoryId-142","$v":"‮Wnsıɔ‬"},{"$i":"collection-categoryId-181","$v":"‮Woʌıǝs‬"},{"$i":"collection-categoryId-194","$v":"‮Iuʇǝɹuǝʇ‬"},{"$i":"collection-categoryId-207","$v":"‮פɐɯǝs‬"},{"$i":"collection-categoryId-211","$v":"‮Ʌıpǝo‬"},{"$i":"collection-categoryId-213","$v":"‮⊥Ʌ‬"},{"$i":"collection-categoryId-220","$v":"‮ᴚǝsʇɐnɹɐuʇs‬"},{"$i":"collection-categoryId-225","$v":"‮Ↄǝʅǝqs‬"},{"$i":"collection-categoryId-238","$v":"‮Sɥoddıuƃ‬"},{"$i":"collection-categoryId-242","$v":"‮Iɯɐƃǝs‬"},{"$i":"collection-categoryId-244","$v":"‮⊥ǝɔɥ‬"},{"$i":"collection-categoryId-245","$v":"‮Nǝʍs‬"},{"$i":"collection-categoryId-248","$v":"‮Ǝɯɐıʅ‬"},{"$i":"collection-categoryId-249","$v":"‮Ｍǝɐʇɥǝɹ‬"},{"$i":"collection-categoryId-256","$v":"‮Ↄnʅʇnɹǝ‬"},{"$i":"collection-categoryId-260","$v":"‮Sdoɹʇs‬"},{"$i":"collection-categoryId-270","$v":"‮ᴚǝɔıdǝs‬"},{"$i":"collection-categoryId-271","$v":"‮ᴚǝɟǝɹǝuɔǝ‬"},{"$i":"collection-categoryId-272","$v":"‮⊥ɹɐʌǝʅ‬ ‮פnıpǝs‬"},{"$i":"collection-categoryId-274","$v":"‮ſoqs‬"},{"$i":"collection-categoryId-275","$v":"‮Wǝpıɔɐʅ‬"},{"$i":"collection-categoryId-277","$v":"‮ɟnuuʎ‬"},{"$i":"collection-categoryId-279","$v":"‮˥ǝɐɹuıuƃ‬ & ‮Ǝpnɔɐʇıou‬"},{"$i":"collection-categoryId-282","$v":"‮ɟɐsɥıou‬"},{"$i":"collection-categoryId-286","$v":"‮Ǝʅǝɔʇɹouıɔs‬"},{"$i":"collection-categoryId-288","$v":"‮∀nʇos‬"},{"$i":"collection-categoryId-289","$v":"‮Soɔıɐʅ‬"},{"$i":"collection-categoryId-291","$v":"‮Ʌıpǝo‬ ‮פɐɯǝs‬"},{"$i":"collection-categoryId-292","$v":"‮pɐıʅʎ‬ ‮pǝɐʅs‬"},{"$i":"collection-categoryId-294","$v":"‮Ԁǝɹsouɐʅ‬ ‮Ↄoɯɯnuıɔɐʇıou‬"},{"$i":"collection-categoryId-296","$v":"‮∀ɹonup‬ ‮Wǝ‬"},{"$i":"collection-categoryId-297","$v":"‮∀sʇɹoʅoƃʎ‬"},{"$i":"collection-categoryId-302","$v":"‮Ӽıps‬"},{"$i":"collection-categoryId-303","$v":"‮ɟıuɐuɔıɐʅ‬ ‮Sǝɹʌıɔǝs‬"},{"$i":"collection-categoryId-306","$v":"‮⊥ɹɐʌǝʅ‬"},{"$i":"collection-categoryId-316","$v":"‮Hoʇǝʅs‬"},{"$i":"collection-categoryId-320","$v":"‮pɐʇıuƃ‬"},{"$i":"collection-categoryId-321","$v":"‮ɟıuɐuɔıɐʅ‬ ‮Nǝʍs‬"},{"$i":"collection-categoryId-325","$v":"‮Ԑɐsǝqɐʅʅ‬"},{"$i":"collection-categoryId-338","$v":"‮Ↄʅɐssıɟıǝps‬"},{"$i":"collection-categoryId-347","$v":"‮Ԑɐqʎ‬"},{"$i":"collection-categoryId-349","$v":"‮Ԁɥoʇoƃɹɐdɥʎ‬"},{"$i":"collection-categoryId-356","$v":"‮Ԑǝɐnʇʎ‬"},{"$i":"collection-categoryId-357","$v":"‮∩ʇıʅıʇıǝs‬"},{"$i":"collection-categoryId-360","$v":"‮Ԁɹopnɔʇıʌıʇʎ‬"},{"$i":"collection-categoryId-365","$v":"‮Ↄoɯıɔs‬"},{"$i":"collection-categoryId-366","$v":"‮˥ıɟǝsʇʎʅǝ‬"},{"$i":"collection-categoryId-368","$v":"‮Ԁǝɹsouɐʅızɐʇıou‬"},{"$i":"collection-categoryId-372","$v":"‮⊥ɹɐusdoɹʇɐʇıou‬"},{"$i":"collection-categoryId-373","$v":"‮⊥ǝʅǝɔoɯɯnuıɔɐʇıou‬"},{"$i":"collection-categoryId-376","$v":"‮Ǝuʇǝɹʇɐıuɯǝuʇ‬"},{"$i":"collection-categoryId-377","$v":"‮Soɔɔǝɹ‬"},{"$i":"collection-categoryId-381","$v":"‮ᴚǝʅıƃıou‬"},{"$i":"collection-categoryId-382","$v":"‮ɟıʇuǝss‬"},{"$i":"collection-categoryId-387","$v":"‮Onʇpooɹ‬ ‮∀ɔʇıʌıʇıǝs‬"},{"$i":"collection-categoryId-399","$v":"‮pIʎ‬"},{"$i":"collection-categoryId-449","$v":"‮I‬'‮ɯ‬ ‮So‬ ‮Ԑoɹǝp‬"},{"$i":"collection-categoryId-462","$v":"‮⊥ǝʅǝuoʌǝʅɐs‬"},{"$i":"collection-categoryId-463","$v":"‮Ԁoʅıʇıɔs‬"},{"$i":"collection-categoryId-473","$v":"‮Ↄɹıɔʞǝʇ‬"},{"$i":"collection-categoryId-491","$v":"‮Ｍoɹʅp‬ ‮Ↄnd‬"},{"$i":"collection-categoryId-501","$v":"‮Ԑɹɐzıʅıɐu‬ ‮∀dds‬"},{"$i":"collection-categoryId-504","$v":"‮Ԑoʅʅʎʍoop‬"},{"$i":"collection-categoryId-505","$v":"‮ɟoop‬ & ‮pɹıuʞs‬"},{"$i":"collection-categoryId-507","$v":"‮⊥ɹɐʌǝʅ‬ & ‮˥oɔɐʅ‬"},{"$i":"collection-categoryId-510","$v":"‮⊥ǝɔɥ‬ & ‮Sɔıǝuɔǝ‬"},{"$i":"collection-categoryId-511","$v":"‮Wǝpıɐ‬ & ‮Ʌıpǝo‬"},{"$i":"collection-categoryId-512","$v":"‮Hǝɐʅʇɥ‬ & ‮ɟıʇuǝss‬"},{"$i":"collection-categoryId-513","$v":"‮Ԑnsıuǝss‬"},{"$i":"collection-categoryId-520","$v":"‮Ↄʎɔʅıuƃ‬"},{"$i":"collection-categoryId-521","$v":"‮Snɹɟ‬"},{"$i":"loading","$v":"‮˥oɐpıuƃ‬"},{"$i":"cancel","$v":"‮Ↄɐuɔǝʅ‬"},{"$i":"custom","$v":"‮Ↄnsʇoɯ‬"},{"$i":"network-error-message","$v":"‮Ↄouuǝɔʇ‬ ‮ʇo‬ ‮ʇɥǝ‬ ‮ıuʇǝɹuǝʇ‬ ‮ʇo‬ ‮ɐpp‬ ‮ɯoɹǝ‬ ‮Sɯɐɹʇ‬ ‮Ↄoʅʅǝɔʇıous‬"},{"$i":"no-available-collections","$v":"‮∀ʅʅ‬ ‮sɯɐɹʇ‬ ‮ɔoʅʅǝɔʇıous‬ ‮ɥɐʌǝ‬ ‮qǝǝu‬ ‮ɐppǝp‬."},{"$i":"add-to-top-of-collection","$v":"‮∀pp‬ ‮ʇo‬ ‮ʇod‬ ‮oɟ‬ ‮ɔoʅʅǝɔʇıou‬"},{"$i":"add-to-home-screen","$v":"‮∀pp‬ ‮ʇo‬ ‮Hoɯǝ‬ ‮Sɔɹǝǝu‬"},{"$i":"offline-webresults","$v":["‮Ↄouuǝɔʇ‬ ‮ʇo‬ ‮ʇɥǝ‬ ‮ıuʇǝɹuǝʇ‬ ‮ʇo‬ ‮ƃǝʇ‬ ‮ɐdds‬ ‮ɟoɹ‬ ",{"t":"idOrVar","v":"collectionName"}]},{"$i":"edit-mode","$v":"‮Ǝpıʇ‬"},{"$i":"edit-done","$v":"‮pouǝ‬"},{"$i":"delete-generic-title","$v":"‮pǝʅǝʇǝ‬ ‮Ↄoʅʅǝɔʇıou‬"},{"$i":"delete-generic-body","$v":"‮⊥ɥıs‬ ‮ɔoʅʅǝɔʇıou‬ ‮ɐup‬ ‮ɐʅʅ‬ ‮oɟ‬ ‮ıʇs‬ ‮pɐʇɐ‬ ‮ʍıʅʅ‬ ‮qǝ‬ ‮pǝʅǝʇǝp‬."},{"$i":"delete","$v":"‮pǝʅǝʇǝ‬"},{"$i":"edit-collection-header","$v":"‮Ǝpıʇ‬ ‮ɔoʅʅǝɔʇıou‬"},{"$i":"done","$v":"‮pouǝ‬"}]