[{"$i":"loading","$v":"Loading"},{"$i":"cancel","$v":"Cancel"},{"$i":"custom","$v":"Custom"},{"$i":"network-error-message","$v":"Connect to the internet to add more Smart Collections"},{"$i":"no-available-collections","$v":"All smart collections have been added."},{"$i":"add-to-top-of-collection","$v":"Add to top of collection"},{"$i":"add-to-home-screen","$v":"Add to Home Screen"},{"$i":"offline-webresults","$v":["Connect to the internet to get apps for ",{"t":"idOrVar","v":"collectionName"}]},{"$i":"edit-mode","$v":"Edit"},{"$i":"edit-done","$v":"Done"},{"$i":"delete-generic-title","$v":"Delete Collection"},{"$i":"delete-generic-body","$v":"This collection and all of its data will be deleted."},{"$i":"delete","$v":"Delete"},{"$i":"edit-collection-header","$v":"Edit collection"},{"$i":"done","$v":"Done"}]