[{"$i":"loading","$v":"‮˥oɐpıuƃ‬"},{"$i":"cancel","$v":"‮Ↄɐuɔǝʅ‬"},{"$i":"custom","$v":"‮Ↄnsʇoɯ‬"},{"$i":"network-error-message","$v":"‮Ↄouuǝɔʇ‬ ‮ʇo‬ ‮ʇɥǝ‬ ‮ıuʇǝɹuǝʇ‬ ‮ʇo‬ ‮ɐpp‬ ‮ɯoɹǝ‬ ‮Sɯɐɹʇ‬ ‮Ↄoʅʅǝɔʇıous‬"},{"$i":"no-available-collections","$v":"‮∀ʅʅ‬ ‮sɯɐɹʇ‬ ‮ɔoʅʅǝɔʇıous‬ ‮ɥɐʌǝ‬ ‮qǝǝu‬ ‮ɐppǝp‬."},{"$i":"add-to-top-of-collection","$v":"‮∀pp‬ ‮ʇo‬ ‮ʇod‬ ‮oɟ‬ ‮ɔoʅʅǝɔʇıou‬"},{"$i":"add-to-home-screen","$v":"‮∀pp‬ ‮ʇo‬ ‮Hoɯǝ‬ ‮Sɔɹǝǝu‬"},{"$i":"offline-webresults","$v":["‮Ↄouuǝɔʇ‬ ‮ʇo‬ ‮ʇɥǝ‬ ‮ıuʇǝɹuǝʇ‬ ‮ʇo‬ ‮ƃǝʇ‬ ‮ɐdds‬ ‮ɟoɹ‬ ",{"t":"idOrVar","v":"collectionName"}]},{"$i":"edit-mode","$v":"‮Ǝpıʇ‬"},{"$i":"edit-done","$v":"‮pouǝ‬"},{"$i":"delete-generic-title","$v":"‮pǝʅǝʇǝ‬ ‮Ↄoʅʅǝɔʇıou‬"},{"$i":"delete-generic-body","$v":"‮⊥ɥıs‬ ‮ɔoʅʅǝɔʇıou‬ ‮ɐup‬ ‮ɐʅʅ‬ ‮oɟ‬ ‮ıʇs‬ ‮pɐʇɐ‬ ‮ʍıʅʅ‬ ‮qǝ‬ ‮pǝʅǝʇǝp‬."},{"$i":"delete","$v":"‮pǝʅǝʇǝ‬"},{"$i":"edit-collection-header","$v":"‮Ǝpıʇ‬ ‮ɔoʅʅǝɔʇıou‬"},{"$i":"done","$v":"‮pouǝ‬"}]