[{"$i":"loading","$v":"Ŀǿǿȧȧḓīīƞɠ"},{"$i":"cancel","$v":"Ƈȧȧƞƈḗḗŀ"},{"$i":"custom","$v":"Ƈŭŭşŧǿǿḿ"},{"$i":"network-error-message","$v":"Ƈǿǿƞƞḗḗƈŧ ŧǿǿ ŧħḗḗ īīƞŧḗḗřƞḗḗŧ ŧǿǿ ȧȧḓḓ ḿǿǿřḗḗ Şḿȧȧřŧ Ƈǿǿŀŀḗḗƈŧīīǿǿƞş"},{"$i":"no-available-collections","$v":"Ȧȧŀŀ şḿȧȧřŧ ƈǿǿŀŀḗḗƈŧīīǿǿƞş ħȧȧṽḗḗ ƀḗḗḗḗƞ ȧȧḓḓḗḗḓ."},{"$i":"add-to-top-of-collection","$v":"Ȧȧḓḓ ŧǿǿ ŧǿǿƥ ǿǿƒ ƈǿǿŀŀḗḗƈŧīīǿǿƞ"},{"$i":"add-to-home-screen","$v":"Ȧȧḓḓ ŧǿǿ Ħǿǿḿḗḗ Şƈřḗḗḗḗƞ"},{"$i":"offline-webresults","$v":["Ƈǿǿƞƞḗḗƈŧ ŧǿǿ ŧħḗḗ īīƞŧḗḗřƞḗḗŧ ŧǿǿ ɠḗḗŧ ȧȧƥƥş ƒǿǿř ",{"t":"idOrVar","v":"collectionName"}]},{"$i":"edit-mode","$v":"Ḗḗḓīīŧ"},{"$i":"edit-done","$v":"Ḓǿǿƞḗḗ"},{"$i":"delete-generic-title","$v":"Ḓḗḗŀḗḗŧḗḗ Ƈǿǿŀŀḗḗƈŧīīǿǿƞ"},{"$i":"delete-generic-body","$v":"Ŧħīīş ƈǿǿŀŀḗḗƈŧīīǿǿƞ ȧȧƞḓ ȧȧŀŀ ǿǿƒ īīŧş ḓȧȧŧȧȧ ẇīīŀŀ ƀḗḗ ḓḗḗŀḗḗŧḗḗḓ."},{"$i":"delete","$v":"Ḓḗḗŀḗḗŧḗḗ"},{"$i":"edit-collection-header","$v":"Ḗḗḓīīŧ ƈǿǿŀŀḗḗƈŧīīǿǿƞ"},{"$i":"done","$v":"Ḓǿǿƞḗḗ"}]