[{"$i":"gaia-grid-stop-download-title","$v":["Şŧǿǿƥ ",{"t":"idOrVar","v":"name"}]},{"$i":"gaia-grid-stop-download-body","$v":"Ḓǿǿ ẏǿǿŭŭ ẇȧȧƞŧ ŧǿǿ şŧǿǿƥ ŧħḗḗ ḓǿǿẇƞŀǿǿȧȧḓ īīƞ ƥřǿǿɠřḗḗşş?"},{"$i":"gaia-grid-stop-download-action","$v":"Şŧǿǿƥ"},{"$i":"gaia-grid-resume-download-title","$v":"Řḗḗşŧȧȧřŧ Ḓǿǿẇƞŀǿǿȧȧḓ"},{"$i":"gaia-grid-resume-download-body","$v":["Ḓǿǿ ẏǿǿŭŭ ẇȧȧƞŧ ŧǿǿ ḓǿǿẇƞŀǿǿȧȧḓ ",{"t":"idOrVar","v":"name"},"?"]},{"$i":"gaia-grid-resume-download-action","$v":"Ḓǿǿẇƞŀǿǿȧȧḓ"},{"$i":"gaia-grid-cancel","$v":"Ƈȧȧƞƈḗḗŀ"},{"$i":"gaia-grid-toggle-collapsed","ariaLabel":"Ḗḗẋƥȧȧƞḓ ɠřǿǿŭŭƥ"},{"$i":"gaia-grid-toggle-expanded","ariaLabel":"Ƈǿǿŀŀȧȧƥşḗḗ ɠřǿǿŭŭƥ"},{"$i":"gaia-grid-enter-group-name","$v":"Ḗḗƞŧḗḗř ȧȧ ɠřǿǿŭŭƥ ƞȧȧḿḗḗ"}]