[{"$i":"gaia-grid-stop-download-title","$v":["‮Sʇod‬ ",{"t":"idOrVar","v":"name"}]},{"$i":"gaia-grid-stop-download-body","$v":"‮po‬ ‮ʎon‬ ‮ʍɐuʇ‬ ‮ʇo‬ ‮sʇod‬ ‮ʇɥǝ‬ ‮poʍuʅoɐp‬ ‮ıu‬ ‮dɹoƃɹǝss‬?"},{"$i":"gaia-grid-stop-download-action","$v":"‮Sʇod‬"},{"$i":"gaia-grid-resume-download-title","$v":"‮ᴚǝsʇɐɹʇ‬ ‮poʍuʅoɐp‬"},{"$i":"gaia-grid-resume-download-body","$v":["‮po‬ ‮ʎon‬ ‮ʍɐuʇ‬ ‮ʇo‬ ‮poʍuʅoɐp‬ ",{"t":"idOrVar","v":"name"},"?"]},{"$i":"gaia-grid-resume-download-action","$v":"‮poʍuʅoɐp‬"},{"$i":"gaia-grid-cancel","$v":"‮Ↄɐuɔǝʅ‬"},{"$i":"gaia-grid-toggle-collapsed","ariaLabel":"‮Ǝxdɐup‬ ‮ƃɹond‬"},{"$i":"gaia-grid-toggle-expanded","ariaLabel":"‮Ↄoʅʅɐdsǝ‬ ‮ƃɹond‬"},{"$i":"gaia-grid-enter-group-name","$v":"‮Ǝuʇǝɹ‬ ‮ɐ‬ ‮ƃɹond‬ ‮uɐɯǝ‬"}]