[{"$i":"gaia-grid-stop-download-title","$v":["Stop ",{"t":"idOrVar","v":"name"}]},{"$i":"gaia-grid-stop-download-body","$v":"Do you want to stop the download in progress?"},{"$i":"gaia-grid-stop-download-action","$v":"Stop"},{"$i":"gaia-grid-resume-download-title","$v":"Restart Download"},{"$i":"gaia-grid-resume-download-body","$v":["Do you want to download ",{"t":"idOrVar","v":"name"},"?"]},{"$i":"gaia-grid-resume-download-action","$v":"Download"},{"$i":"gaia-grid-cancel","$v":"Cancel"},{"$i":"gaia-grid-toggle-collapsed","ariaLabel":"Expand group"},{"$i":"gaia-grid-toggle-expanded","ariaLabel":"Collapse group"},{"$i":"gaia-grid-enter-group-name","$v":"Enter a group name"}]