[{"$i":"loading","$v":"Ŀǿǿȧȧḓīīƞɠ"},{"$i":"cancel","$v":"Ƈȧȧƞƈḗḗŀ"},{"$i":"custom","$v":"Ƈŭŭşŧǿǿḿ"},{"$i":"network-error-message","$v":"Ƈǿǿƞƞḗḗƈŧ ŧǿǿ ŧħḗḗ īīƞŧḗḗřƞḗḗŧ ŧǿǿ ȧȧḓḓ ḿǿǿřḗḗ Şḿȧȧřŧ Ƈǿǿŀŀḗḗƈŧīīǿǿƞş"},{"$i":"no-available-collections","$v":"Ȧȧŀŀ şḿȧȧřŧ ƈǿǿŀŀḗḗƈŧīīǿǿƞş ħȧȧṽḗḗ ƀḗḗḗḗƞ ȧȧḓḓḗḗḓ."},{"$i":"add-to-top-of-collection","$v":"Ȧȧḓḓ ŧǿǿ ŧǿǿƥ ǿǿƒ ƈǿǿŀŀḗḗƈŧīīǿǿƞ"},{"$i":"add-to-home-screen","$v":"Ȧȧḓḓ ŧǿǿ Ħǿǿḿḗḗ Şƈřḗḗḗḗƞ"},{"$i":"offline-webresults","$v":["Ƈǿǿƞƞḗḗƈŧ ŧǿǿ ŧħḗḗ īīƞŧḗḗřƞḗḗŧ ŧǿǿ ɠḗḗŧ ȧȧƥƥş ƒǿǿř ",{"t":"idOrVar","v":"collectionName"}]},{"$i":"edit-mode","$v":"Ḗḗḓīīŧ"},{"$i":"edit-done","$v":"Ḓǿǿƞḗḗ"},{"$i":"delete-generic-title","$v":"Ḓḗḗŀḗḗŧḗḗ Ƈǿǿŀŀḗḗƈŧīīǿǿƞ"},{"$i":"delete-generic-body","$v":"Ŧħīīş ƈǿǿŀŀḗḗƈŧīīǿǿƞ ȧȧƞḓ ȧȧŀŀ ǿǿƒ īīŧş ḓȧȧŧȧȧ ẇīīŀŀ ƀḗḗ ḓḗḗŀḗḗŧḗḗḓ."},{"$i":"delete","$v":"Ḓḗḗŀḗḗŧḗḗ"},{"$i":"edit-collection-header","$v":"Ḗḗḓīīŧ ƈǿǿŀŀḗḗƈŧīīǿǿƞ"},{"$i":"done","$v":"Ḓǿǿƞḗḗ"},{"$i":"gaia-grid-stop-download-title","$v":["Şŧǿǿƥ ",{"t":"idOrVar","v":"name"}]},{"$i":"gaia-grid-stop-download-body","$v":"Ḓǿǿ ẏǿǿŭŭ ẇȧȧƞŧ ŧǿǿ şŧǿǿƥ ŧħḗḗ ḓǿǿẇƞŀǿǿȧȧḓ īīƞ ƥřǿǿɠřḗḗşş?"},{"$i":"gaia-grid-stop-download-action","$v":"Şŧǿǿƥ"},{"$i":"gaia-grid-resume-download-title","$v":"Řḗḗşŧȧȧřŧ Ḓǿǿẇƞŀǿǿȧȧḓ"},{"$i":"gaia-grid-resume-download-body","$v":["Ḓǿǿ ẏǿǿŭŭ ẇȧȧƞŧ ŧǿǿ ḓǿǿẇƞŀǿǿȧȧḓ ",{"t":"idOrVar","v":"name"},"?"]},{"$i":"gaia-grid-resume-download-action","$v":"Ḓǿǿẇƞŀǿǿȧȧḓ"},{"$i":"gaia-grid-cancel","$v":"Ƈȧȧƞƈḗḗŀ"},{"$i":"gaia-grid-toggle-collapsed","ariaLabel":"Ḗḗẋƥȧȧƞḓ ɠřǿǿŭŭƥ"},{"$i":"gaia-grid-toggle-expanded","ariaLabel":"Ƈǿǿŀŀȧȧƥşḗḗ ɠřǿǿŭŭƥ"},{"$i":"gaia-grid-enter-group-name","$v":"Ḗḗƞŧḗḗř ȧȧ ɠřǿǿŭŭƥ ƞȧȧḿḗḗ"},{"$i":"gaia-menu-cancel","$v":"Ƈȧȧƞƈḗḗŀ"},{"$i":"collection-categoryId-22","$v":"Ɓǿǿǿǿķş"},{"$i":"collection-categoryId-142","$v":"Ḿŭŭşīīƈ"},{"$i":"collection-categoryId-181","$v":"Ḿǿǿṽīīḗḗş"},{"$i":"collection-categoryId-194","$v":"Īīƞŧḗḗřƞḗḗŧ"},{"$i":"collection-categoryId-207","$v":"Ɠȧȧḿḗḗş"},{"$i":"collection-categoryId-211","$v":"Ṽīīḓḗḗǿǿ"},{"$i":"collection-categoryId-213","$v":"ŦṼ"},{"$i":"collection-categoryId-220","$v":"Řḗḗşŧȧȧŭŭřȧȧƞŧş"},{"$i":"collection-categoryId-225","$v":"Ƈḗḗŀḗḗƀş"},{"$i":"collection-categoryId-238","$v":"Şħǿǿƥƥīīƞɠ"},{"$i":"collection-categoryId-242","$v":"Īīḿȧȧɠḗḗş"},{"$i":"collection-categoryId-244","$v":"Ŧḗḗƈħ"},{"$i":"collection-categoryId-245","$v":"Ƞḗḗẇş"},{"$i":"collection-categoryId-248","$v":"Ḗḗḿȧȧīīŀ"},{"$i":"collection-categoryId-249","$v":"Ẇḗḗȧȧŧħḗḗř"},{"$i":"collection-categoryId-256","$v":"Ƈŭŭŀŧŭŭřḗḗ"},{"$i":"collection-categoryId-260","$v":"Şƥǿǿřŧş"},{"$i":"collection-categoryId-270","$v":"Řḗḗƈīīƥḗḗş"},{"$i":"collection-categoryId-271","$v":"Řḗḗƒḗḗřḗḗƞƈḗḗ"},{"$i":"collection-categoryId-272","$v":"Ŧřȧȧṽḗḗŀ Ɠŭŭīīḓḗḗş"},{"$i":"collection-categoryId-274","$v":"Ĵǿǿƀş"},{"$i":"collection-categoryId-275","$v":"Ḿḗḗḓīīƈȧȧŀ"},{"$i":"collection-categoryId-277","$v":"Ƒŭŭƞƞẏ"},{"$i":"collection-categoryId-279","$v":"Ŀḗḗȧȧřƞīīƞɠ & Ḗḗḓŭŭƈȧȧŧīīǿǿƞ"},{"$i":"collection-categoryId-282","$v":"Ƒȧȧşħīīǿǿƞ"},{"$i":"collection-categoryId-286","$v":"Ḗḗŀḗḗƈŧřǿǿƞīīƈş"},{"$i":"collection-categoryId-288","$v":"Ȧȧŭŭŧǿǿş"},{"$i":"collection-categoryId-289","$v":"Şǿǿƈīīȧȧŀ"},{"$i":"collection-categoryId-291","$v":"Ṽīīḓḗḗǿǿ Ɠȧȧḿḗḗş"},{"$i":"collection-categoryId-292","$v":"Ḓȧȧīīŀẏ Ḓḗḗȧȧŀş"},{"$i":"collection-categoryId-294","$v":"Ƥḗḗřşǿǿƞȧȧŀ Ƈǿǿḿḿŭŭƞīīƈȧȧŧīīǿǿƞ"},{"$i":"collection-categoryId-296","$v":"Ȧȧřǿǿŭŭƞḓ Ḿḗḗ"},{"$i":"collection-categoryId-297","$v":"Ȧȧşŧřǿǿŀǿǿɠẏ"},{"$i":"collection-categoryId-302","$v":"Ķīīḓş"},{"$i":"collection-categoryId-303","$v":"Ƒīīƞȧȧƞƈīīȧȧŀ Şḗḗřṽīīƈḗḗş"},{"$i":"collection-categoryId-306","$v":"Ŧřȧȧṽḗḗŀ"},{"$i":"collection-categoryId-316","$v":"Ħǿǿŧḗḗŀş"},{"$i":"collection-categoryId-320","$v":"Ḓȧȧŧīīƞɠ"},{"$i":"collection-categoryId-321","$v":"Ƒīīƞȧȧƞƈīīȧȧŀ Ƞḗḗẇş"},{"$i":"collection-categoryId-325","$v":"Ɓȧȧşḗḗƀȧȧŀŀ"},{"$i":"collection-categoryId-338","$v":"Ƈŀȧȧşşīīƒīīḗḗḓş"},{"$i":"collection-categoryId-347","$v":"Ɓȧȧƀẏ"},{"$i":"collection-categoryId-349","$v":"Ƥħǿǿŧǿǿɠřȧȧƥħẏ"},{"$i":"collection-categoryId-356","$v":"Ɓḗḗȧȧŭŭŧẏ"},{"$i":"collection-categoryId-357","$v":"Ŭŭŧīīŀīīŧīīḗḗş"},{"$i":"collection-categoryId-360","$v":"Ƥřǿǿḓŭŭƈŧīīṽīīŧẏ"},{"$i":"collection-categoryId-365","$v":"Ƈǿǿḿīīƈş"},{"$i":"collection-categoryId-366","$v":"Ŀīīƒḗḗşŧẏŀḗḗ"},{"$i":"collection-categoryId-368","$v":"Ƥḗḗřşǿǿƞȧȧŀīīẑȧȧŧīīǿǿƞ"},{"$i":"collection-categoryId-372","$v":"Ŧřȧȧƞşƥǿǿřŧȧȧŧīīǿǿƞ"},{"$i":"collection-categoryId-373","$v":"Ŧḗḗŀḗḗƈǿǿḿḿŭŭƞīīƈȧȧŧīīǿǿƞ"},{"$i":"collection-categoryId-376","$v":"Ḗḗƞŧḗḗřŧȧȧīīƞḿḗḗƞŧ"},{"$i":"collection-categoryId-377","$v":"Şǿǿƈƈḗḗř"},{"$i":"collection-categoryId-381","$v":"Řḗḗŀīīɠīīǿǿƞ"},{"$i":"collection-categoryId-382","$v":"Ƒīīŧƞḗḗşş"},{"$i":"collection-categoryId-387","$v":"Ǿǿŭŭŧḓǿǿǿǿř Ȧȧƈŧīīṽīīŧīīḗḗş"},{"$i":"collection-categoryId-399","$v":"ḒĪīẎ"},{"$i":"collection-categoryId-449","$v":"Īī'ḿ Şǿǿ Ɓǿǿřḗḗḓ"},{"$i":"collection-categoryId-462","$v":"Ŧḗḗŀḗḗƞǿǿṽḗḗŀȧȧş"},{"$i":"collection-categoryId-463","$v":"Ƥǿǿŀīīŧīīƈş"},{"$i":"collection-categoryId-473","$v":"Ƈřīīƈķḗḗŧ"},{"$i":"collection-categoryId-491","$v":"Ẇǿǿřŀḓ Ƈŭŭƥ"},{"$i":"collection-categoryId-501","$v":"Ɓřȧȧẑīīŀīīȧȧƞ Ȧȧƥƥş"},{"$i":"collection-categoryId-504","$v":"Ɓǿǿŀŀẏẇǿǿǿǿḓ"},{"$i":"collection-categoryId-505","$v":"Ƒǿǿǿǿḓ & Ḓřīīƞķş"},{"$i":"collection-categoryId-507","$v":"Ŧřȧȧṽḗḗŀ & Ŀǿǿƈȧȧŀ"},{"$i":"collection-categoryId-510","$v":"Ŧḗḗƈħ & Şƈīīḗḗƞƈḗḗ"},{"$i":"collection-categoryId-511","$v":"Ḿḗḗḓīīȧȧ & Ṽīīḓḗḗǿǿ"},{"$i":"collection-categoryId-512","$v":"Ħḗḗȧȧŀŧħ & Ƒīīŧƞḗḗşş"},{"$i":"collection-categoryId-513","$v":"Ɓŭŭşīīƞḗḗşş"},{"$i":"collection-categoryId-520","$v":"Ƈẏƈŀīīƞɠ"},{"$i":"collection-categoryId-521","$v":"Şŭŭřƒ"}]